user_id ID,gender,province,education_level,employment_status,main_fintech_app,investment_type,loan_usage_purpose,outstanding_loan,financial_anxiety_score,digital_time_spent_per_day,income_clean,expense_clean,ewallet_spending_clean,age,Jumlah Rekening Penerima Pinjaman Aktif (entitas),Jumlah Dana yang Diberikan (Rp miliar),Jumlah Rekening Pemberi Pinjaman (akun),TWP 90%,Jumlah Penerima Pinjaman (akun),Outstanding Pinjaman (Rp miliar),Jumlah Penduduk (Ribu),PDRB (Ribu Rp),Urbanisasi (%)
U0001,Male,Kalimantan Tengah,Senior High School,Private Employee,GoPay,Kripto,Konsumsi,4186788.0,3,9.5,10000001.0,6000001.0,1000001.0,24,162309,0.45,506.0,1.49,90470,488.58,2845.0,79320,52.9
U0002,Female,Papua Selatan,Senior High School,Entrepreneur,Dana,Reksadana,Gaya,13000426.0,2,9.6,2000001.0,4000001.0,500000.0,18,6267,1.7,2214.0,1.24,3118,14.24,1492.3,61583,58.4
U0003,Female,Sulawesi Selatan,Bachelor (S1)/Diploma IV,Student,OVO,Reksadana,Tidak Ada,0.0,5,7.5,2000001.0,4000001.0,500001.0,14,609232,6.63,7617.0,1.67,354031,2038.05,9563.1,73573,59.6
U0004,Female,Gorontalo,Senior High School,Private Employee,GoPay,Kripto,Usaha,19950599.0,1,13.0,2000001.0,4000001.0,500001.0,16,114275,0.35,298.0,1.4,51903,457.14,1242.2,44433,58.4
U0005,Male,Kalimantan Barat,Senior High School,Private Employee,LinkAja,Saham,Konsumsi,17608228.0,5,12.0,15000000.0,15000000.0,500001.0,15,277057,4.73,4654.0,1.54,151011,855.65,5766.0,52703,47.9
U0006,Male,Sulawesi Utara,Bachelor (S1)/Diploma IV,Entrepreneur,GoPay,Kripto,Gaya,9566186.0,4,20.0,6000001.0,10000001.0,500000.0,17,269034,0.78,1493.0,1.35,152307,976.3,2721.4,69352,68.7
U0007,Male,Sumatera Selatan,Senior High School,Not Working,OVO,Reksadana,Pendidikan,13708324.0,1,2.8,2000001.0,4000001.0,500000.0,16,577990,8.6,4120.0,2.66,334613,1728.24,8928.5,75132,40.1
U0008,Female,Papua Pegunungan,Bachelor (S1)/Diploma IV,Student,Dana,Reksadana,Konsumsi,7451775.0,4,9.0,2000000.0,2000000.0,500000.0,14,2410,1.7,2214.0,0.9,998,4.9,549.7,18105,58.4
U0009,Female,Sumatera Utara,Junior High School,Private Employee,LinkAja,Reksadana,Tidak Ada,0.0,2,10.4,6000001.0,10000001.0,500000.0,23,1036941,26.54,26205.0,1.55,650944,3078.85,15785.8,73575,68.1
U0010,Female,Kalimantan Selatan,Senior High School,Student,ShopeePay,Emas,Gaya,13296963.0,3,6.4,2000000.0,2000000.0,500000.0,19,336953,2.29,2214.0,2.0,190913,958.78,4323.3,67117,59.8
U0011,Male,Maluku Utara,Elementary School,Private Employee,LinkAja,Emas,Tidak Ada,0.0,5,20.0,2000001.0,4000001.0,500000.0,24,54436,0.08,74.0,0.62,27649,242.69,1373.8,70660,30.6
U0012,Female,Banten,Junior High School,Student,LinkAja,Reksadana,Tidak Ada,0.0,4,4.9,4000001.0,4000001.0,500001.0,13,1742274,601.94,83677.0,2.73,1244263,6226.21,12537.4,70276,84.9
U0013,Female,Nusa Tenggara Barat,Bachelor (S1)/Diploma IV,Student,OVO,Kripto,Tidak Ada,0.0,2,4.1,4000001.0,4000001.0,500001.0,13,237629,1.14,6378.0,4.36,100966,827.06,5731.1,32282,62.7
U0014,Male,Jambi,Junior High School,Student,ShopeePay,Reksadana,Konsumsi,7229806.0,5,9.8,4000001.0,4000001.0,3000000.0,28,273264,1.06,1251.0,2.16,136402,864.3,3768.5,86722,38.2
U0015,Male,Papua Pegunungan,Senior High School,Private Employee,LinkAja,Reksadana,Usaha,9438770.0,5,6.0,6000001.0,10000001.0,500000.0,16,2410,1.7,2214.0,0.9,998,4.9,549.7,18105,58.4
U0016,Male,Sulawesi Barat,Senior High School,Student,LinkAja,Reksadana,Konsumsi,18645953.0,4,7.8,2000001.0,4000001.0,500001.0,13,57874,0.12,247.0,1.19,25633,230.51,1525.3,42718,23.1
U0017,Male,Nusa Tenggara Timur,Senior High School,Private Employee,Dana,Reksadana,Tidak Ada,0.0,2,2.4,2000001.0,4000001.0,500001.0,25,226040,0.72,8249.0,1.41,74766,753.13,5742.6,24272,34.6
U0018,Female,Kalimantan Timur,Bachelor (S1)/Diploma IV,Civil Servant/BUMN,Kredivo,Saham,Konsumsi,15925040.0,3,9.5,4000001.0,4000001.0,500000.0,18,453429,6.55,1311.0,1.94,266429,1309.86,4267.6,212175,77.7
U0019,Male,Papua,Elementary School,Student,LinkAja,No Investment,Pendidikan,4978903.0,4,8.5,2000000.0,2000000.0,1000001.0,14,75024,0.52,343.0,1.17,39157,221.27,636.4,59064,41.5
U0020,Male,Jawa Tengah,Diploma I/II/III,Entrepreneur,OVO,Kripto,Gaya,12353513.0,5,3.6,10000001.0,6000001.0,500000.0,28,2637739,29.46,59501.0,2.77,1553694,6962.05,38233.9,47972,60.8
U0021,Female,Gorontalo,Postgraduate,Student,Kredivo,Reksadana,Pendidikan,18829086.0,5,7.6,2000000.0,2000000.0,3000000.0,16,114275,0.35,298.0,1.4,51903,457.14,1242.2,44433,58.4
U0022,Male,Papua Pegunungan,Senior High School,Civil Servant/BUMN,Akulaku,No Investment,Konsumsi,3835160.0,1,7.0,4000001.0,4000001.0,1000001.0,22,2410,1.7,2214.0,0.9,998,4.9,549.7,18105,58.4
U0023,Male,Kalimantan Selatan,Bachelor (S1)/Diploma IV,Private Employee,OVO,No Investment,Gaya,4129331.0,2,5.9,4000001.0,4000001.0,500001.0,13,336953,2.29,2214.0,2.0,190913,958.78,4323.3,67117,59.8
U0024,Male,Papua Pegunungan,Junior High School,Student,Dana,Kripto,Konsumsi,8789681.0,1,1.0,2000001.0,4000001.0,500001.0,13,2410,1.7,2214.0,0.9,998,4.9,549.7,18105,58.4
U0025,Male,Kepulauan Bangka Belitung,Senior High School,Student,LinkAja,Kripto,Konsumsi,15549132.0,3,5.3,2000000.0,2000000.0,500001.0,13,103253,0.91,1080.0,1.6,54643,337.75,1550.8,70194,67.4
U0026,Female,Nusa Tenggara Timur,Senior High School,Student,GoPay,Saham,Pendidikan,7650669.0,4,7.8,2000000.0,2000000.0,500001.0,20,226040,0.72,8249.0,1.41,74766,753.13,5742.6,24272,34.6
U0027,Male,Papua Barat Daya,Diploma I/II/III,Not Working,OVO,Saham,Tidak Ada,0.0,5,5.6,2000001.0,2000000.0,500001.0,14,11793,1.7,1.0,0.88,5691,24.05,1484.9,59064,58.4
U0028,Female,Sumatera Selatan,Postgraduate,Private Employee,GoPay,Saham,Gaya,10178391.0,2,6.4,2000001.0,4000001.0,500000.0,14,577990,8.6,4120.0,2.66,334613,1728.24,8928.5,75132,40.1
U0029,Female,Jawa Timur,Senior High School,Private Employee,LinkAja,Reksadana,Usaha,6655343.0,5,10.7,2000001.0,4000001.0,500000.0,22,3048079,132.94,44643.0,3.29,1895275,10417.68,42089.3,75770,66.7
U0030,Male,Kalimantan Barat,Diploma I/II/III,Private Employee,Kredivo,Reksadana,Gaya,15308369.0,1,6.8,6000001.0,10000001.0,500001.0,15,277057,4.73,4654.0,1.54,151011,855.65,5766.0,52703,47.9
U0031,Female,Kepulauan Bangka Belitung,Senior High School,Student,Kredivo,Kripto,Pendidikan,14854489.0,1,1.8,2000001.0,4000001.0,500001.0,28,103253,0.91,1080.0,1.6,54643,337.75,1550.8,70194,67.4
U0032,Male,Maluku Utara,Senior High School,Civil Servant/BUMN,OVO,Saham,Tidak Ada,0.0,4,6.5,6000001.0,10000001.0,1000001.0,18,54436,0.08,74.0,0.62,27649,242.69,1373.8,70660,30.6
U0033,Male,Riau,Senior High School,Entrepreneur,ShopeePay,Emas,Konsumsi,2180913.0,2,7.2,6000001.0,10000001.0,500000.0,24,542854,4.45,4273.0,1.66,282437,1565.78,2213.5,165350,41.8
U0034,Female,Nusa Tenggara Barat,Postgraduate,Student,GoPay,Reksadana,Tidak Ada,0.0,2,4.9,2000001.0,4000001.0,1000001.0,26,237629,1.14,6378.0,4.36,100966,827.06,5731.1,32282,62.7
U0035,Female,Jambi,Diploma I/II/III,Student,GoPay,Emas,Tidak Ada,0.0,4,8.8,2000000.0,2000000.0,500000.0,27,273264,1.06,1251.0,2.16,136402,864.3,3768.5,86722,38.2
U0036,Female,Kalimantan Barat,Senior High School,Student,Kredivo,Reksadana,Tidak Ada,0.0,1,3.3,2000000.0,2000000.0,500001.0,16,277057,4.73,4654.0,1.54,151011,855.65,5766.0,52703,47.9
U0037,Male,Kalimantan Timur,Junior High School,Civil Servant/BUMN,LinkAja,Saham,Konsumsi,9731329.0,1,6.7,10000001.0,6000001.0,500001.0,22,453429,6.55,1311.0,1.94,266429,1309.86,4267.6,212175,77.7
U0038,Male,DKI Jakarta,Senior High School,Others,Dana,Kripto,Pendidikan,17558313.0,1,3.3,2000000.0,4000001.0,500001.0,16,2708907,20964.0,9272715.0,3.56,2324200,12838.89,10678.0,344350,100.0
U0039,Female,Papua Selatan,Senior High School,Student,Dana,Saham,Tidak Ada,0.0,5,6.3,2000000.0,2000000.0,500000.0,27,6267,1.7,2214.0,1.24,3118,14.24,1492.3,61583,58.4
U0040,Male,Kalimantan Selatan,Senior High School,Private Employee,ShopeePay,Emas,Konsumsi,19453298.0,3,8.8,10000001.0,6000001.0,500001.0,22,336953,2.29,2214.0,2.0,190913,958.78,4323.3,67117,59.8
U0041,Male,Riau,Bachelor (S1)/Diploma IV,Student,Dana,No Investment,Tidak Ada,0.0,1,6.6,2000000.0,2000000.0,1000001.0,19,542854,4.45,4273.0,1.66,282437,1565.78,2213.5,165350,41.8
U0042,Male,Gorontalo,Senior High School,Others,Kredivo,Reksadana,Tidak Ada,0.0,3,6.4,4000001.0,4000001.0,500001.0,15,114275,0.35,298.0,1.4,51903,457.14,1242.2,44433,58.4
U0043,Male,Papua,Senior High School,Student,Dana,Kripto,Tidak Ada,0.0,3,7.1,2000000.0,2000000.0,500001.0,22,75024,0.52,343.0,1.17,39157,221.27,636.4,59064,41.5
U0044,Female,Jawa Tengah,Junior High School,Civil Servant/BUMN,Dana,Kripto,Konsumsi,5037229.0,2,7.2,6000001.0,10000001.0,1000001.0,17,2637739,29.46,59501.0,2.77,1553694,6962.05,38233.9,47972,60.8
U0045,Male,Kepulauan Bangka Belitung,Bachelor (S1)/Diploma IV,Private Employee,Dana,Saham,Tidak Ada,0.0,4,8.7,4000001.0,4000001.0,1000001.0,14,103253,0.91,1080.0,1.6,54643,337.75,1550.8,70194,67.4
U0046,Female,Maluku,Diploma I/II/III,Private Employee,Akulaku,Reksadana,Tidak Ada,0.0,5,8.7,2000001.0,4000001.0,500001.0,17,64468,0.2,117.0,0.84,32951,231.36,1970.6,32198,42.1
U0047,Male,Bengkulu,Junior High School,Civil Servant/BUMN,ShopeePay,Kripto,Tidak Ada,0.0,3,10.6,6000001.0,10000001.0,500000.0,24,138784,0.36,358.0,1.75,68108,478.3,2138.0,49233,35.6
U0048,Female,Riau,Diploma I/II/III,Student,OVO,No Investment,Konsumsi,11126691.0,5,7.4,2000000.0,2000000.0,1000001.0,28,542854,4.45,4273.0,1.66,282437,1565.78,2213.5,165350,41.8
U0049,Female,Nusa Tenggara Timur,Senior High School,Student,OVO,Saham,Konsumsi,14684940.0,2,2.8,2000000.0,2000000.0,500001.0,14,226040,0.72,8249.0,1.41,74766,753.13,5742.6,24272,34.6
U0050,Male,Sulawesi Barat,Junior High School,Student,Akulaku,No Investment,Pendidikan,11899772.0,1,9.1,2000000.0,2000000.0,500000.0,28,57874,0.12,247.0,1.19,25633,230.51,1525.3,42718,23.1
U0051,Female,Maluku,Senior High School,Student,GoPay,Emas,Konsumsi,5452034.0,3,10.4,2000000.0,2000000.0,500000.0,14,64468,0.2,117.0,0.84,32951,231.36,1970.6,32198,42.1
U0052,Female,Papua Tengah,Senior High School,Civil Servant/BUMN,LinkAja,Emas,Gaya,19735763.0,4,13.2,4000001.0,4000001.0,1000001.0,19,10736,1.7,2214.0,0.99,8184,27.6,1073.6,118774,58.4
U0053,Female,Kalimantan Tengah,Senior High School,Student,OVO,Reksadana,Tidak Ada,0.0,2,10.6,2000000.0,4000001.0,500000.0,13,162309,0.45,506.0,1.49,90470,488.58,2845.0,79320,52.9
U0054,Female,Maluku,Bachelor (S1)/Diploma IV,Student,GoPay,Reksadana,Pendidikan,3920690.0,5,5.8,4000001.0,4000001.0,3000000.0,15,64468,0.2,117.0,0.84,32951,231.36,1970.6,32198,42.1
U0055,Female,Nusa Tenggara Timur,Bachelor (S1)/Diploma IV,Private Employee,Akulaku,Reksadana,Tidak Ada,0.0,1,7.5,2000000.0,2000000.0,500000.0,13,226040,0.72,8249.0,1.41,74766,753.13,5742.6,24272,34.6
U0056,Female,Maluku,Diploma I/II/III,Others,OVO,Reksadana,Konsumsi,18597271.0,5,6.3,2000001.0,4000001.0,1000001.0,21,64468,0.2,117.0,0.84,32951,231.36,1970.6,32198,42.1
U0057,Male,Maluku Utara,Senior High School,Private Employee,Dana,Reksadana,Konsumsi,14633059.0,4,6.0,2000001.0,4000001.0,500001.0,15,54436,0.08,74.0,0.62,27649,242.69,1373.8,70660,30.6
U0058,Male,Sumatera Utara,Senior High School,Student,OVO,No Investment,Konsumsi,817152.0,3,6.7,2000000.0,2000000.0,500001.0,21,1036941,26.54,26205.0,1.55,650944,3078.85,15785.8,73575,68.1
U0059,Male,Kepulauan Riau,Diploma I/II/III,Student,ShopeePay,Emas,Pendidikan,8096477.0,4,10.2,4000001.0,4000001.0,1000001.0,19,309076,7.83,9212.0,1.8,180411,993.02,10678.0,161424,85.3
U0060,Male,Sumatera Utara,Senior High School,Others,LinkAja,Emas,Tidak Ada,0.0,5,3.0,2000000.0,2000000.0,500001.0,17,1036941,26.54,26205.0,1.55,650944,3078.85,15785.8,73575,68.1
U0061,Male,Sumatera Utara,Junior High School,Student,GoPay,No Investment,Konsumsi,17351132.0,5,4.5,6000001.0,10000001.0,500001.0,14,1036941,26.54,26205.0,1.55,650944,3078.85,15785.8,73575,68.1
U0062,Male,Kalimantan Utara,Senior High School,Student,Dana,Saham,Tidak Ada,0.0,4,10.0,2000000.0,2000000.0,500000.0,13,39135,0.15,84.0,3.08,20761,133.66,749.4,198429,58.4
U0063,Female,Bali,Bachelor (S1)/Diploma IV,Private Employee,Kredivo,Kripto,Usaha,14790924.0,4,10.6,6000001.0,10000001.0,500000.0,15,427124,18.54,8469.0,1.13,260541,1781.63,2836.7,67319,81.2
U0064,Male,Maluku Utara,Senior High School,Private Employee,ShopeePay,Reksadana,Tidak Ada,0.0,4,5.4,4000001.0,4000001.0,500000.0,20,54436,0.08,74.0,0.62,27649,242.69,1373.8,70660,30.6
U0065,Male,Banten,Junior High School,Private Employee,Akulaku,Reksadana,Konsumsi,14106497.0,1,11.1,6000001.0,10000001.0,500001.0,20,1742274,601.94,83677.0,2.73,1244263,6226.21,12537.4,70276,84.9
U0066,Female,Banten,Bachelor (S1)/Diploma IV,Student,Dana,Emas,Konsumsi,6570517.0,5,9.4,2000000.0,2000000.0,500000.0,16,1742274,601.94,83677.0,2.73,1244263,6226.21,12537.4,70276,84.9
U0067,Male,Maluku,Senior High School,Student,Kredivo,Reksadana,Konsumsi,12672207.0,2,6.3,2000000.0,2000000.0,500000.0,23,64468,0.2,117.0,0.84,32951,231.36,1970.6,32198,42.1
U0068,Female,Kalimantan Utara,Senior High School,Others,Kredivo,Reksadana,Usaha,1109003.0,1,1.0,2000000.0,2000000.0,500001.0,26,39135,0.15,84.0,3.08,20761,133.66,749.4,198429,58.4
U0069,Male,Aceh,Senior High School,Student,Dana,Reksadana,Pendidikan,19610944.0,1,2.8,2000000.0,2000000.0,500001.0,21,102897,1.63,615.0,0.82,70593,196.9,5626.0,43782,43.2
U0070,Female,DKI Jakarta,Senior High School,Private Employee,ShopeePay,Kripto,Tidak Ada,0.0,1,5.4,10000001.0,6000001.0,1000001.0,23,2708907,20964.0,9272715.0,3.56,2324200,12838.89,10678.0,344350,100.0
U0071,Female,Kalimantan Tengah,Bachelor (S1)/Diploma IV,Private Employee,OVO,Reksadana,Tidak Ada,0.0,2,8.9,4000001.0,4000001.0,500000.0,22,162309,0.45,506.0,1.49,90470,488.58,2845.0,79320,52.9
U0072,Male,Riau,Senior High School,Private Employee,GoPay,Emas,Tidak Ada,0.0,4,8.9,2000001.0,4000001.0,500000.0,24,542854,4.45,4273.0,1.66,282437,1565.78,2213.5,165350,41.8
U0073,Male,Bengkulu,Senior High School,Student,Akulaku,Saham,Gaya,16257040.0,5,5.8,2000001.0,4000001.0,3000000.0,27,138784,0.36,358.0,1.75,68108,478.3,2138.0,49233,35.6
U0074,Female,Sulawesi Tengah,Bachelor (S1)/Diploma IV,Student,OVO,Reksadana,Konsumsi,10938985.0,3,6.4,2000000.0,2000000.0,500000.0,28,177868,0.64,665.0,1.54,77106,598.93,3156.1,120750,43.1
U0075,Female,Jawa Barat,Bachelor (S1)/Diploma IV,Private Employee,GoPay,Reksadana,Usaha,12757042.0,3,6.9,15000000.0,15000000.0,1000001.0,13,6818787,251.24,143127.0,3.41,4705372,20751.93,50759.0,56080,89.3
U0076,Female,Maluku,Bachelor (S1)/Diploma IV,Not Working,Kredivo,Saham,Tidak Ada,0.0,5,6.5,2000001.0,4000001.0,1000001.0,20,64468,0.2,117.0,0.84,32951,231.36,1970.6,32198,42.1
U0077,Female,Bali,Senior High School,Not Working,Akulaku,Kripto,Tidak Ada,0.0,2,7.4,2000000.0,2000000.0,1000001.0,21,427124,18.54,8469.0,1.13,260541,1781.63,2836.7,67319,81.2
U0078,Male,Papua Barat,Senior High School,Student,Kredivo,No Investment,Tidak Ada,0.0,3,6.9,4000001.0,4000001.0,500000.0,17,32690,0.15,97.0,1.32,17755,89.41,587.6,131636,44.4
U0079,Male,DKI Jakarta,Postgraduate,Student,Kredivo,Saham,Tidak Ada,0.0,1,2.8,2000001.0,2000000.0,1000001.0,24,2708907,20964.0,9272715.0,3.56,2324200,12838.89,10678.0,344350,100.0
U0080,Male,Sulawesi Tenggara,Bachelor (S1)/Diploma IV,Not Working,OVO,Saham,Konsumsi,12121446.0,3,6.5,2000000.0,2000000.0,1000001.0,13,140184,0.27,529.0,1.44,69118,701.29,2836.7,67840,48.3
U0081,Female,Maluku Utara,Elementary School,Private Employee,GoPay,Saham,Konsumsi,15470770.0,5,6.9,4000001.0,4000001.0,500001.0,15,54436,0.08,74.0,0.62,27649,242.69,1373.8,70660,30.6
U0082,Female,Aceh,Junior High School,Not Working,Akulaku,Reksadana,Konsumsi,17295726.0,1,9.5,2000000.0,2000000.0,500001.0,26,102897,1.63,615.0,0.82,70593,196.9,5626.0,43782,43.2
U0083,Male,Sulawesi Tenggara,Senior High School,Student,LinkAja,Reksadana,Pendidikan,12620232.0,3,4.9,2000001.0,4000001.0,500000.0,20,140184,0.27,529.0,1.44,69118,701.29,2836.7,67840,48.3
U0084,Male,Bengkulu,Bachelor (S1)/Diploma IV,Private Employee,LinkAja,Reksadana,Konsumsi,3960054.0,5,7.5,10000001.0,6000001.0,500000.0,14,138784,0.36,358.0,1.75,68108,478.3,2138.0,49233,35.6
U0085,Male,Sumatera Utara,Senior High School,Private Employee,Kredivo,Kripto,Usaha,13842899.0,2,8.4,4000001.0,4000001.0,500001.0,13,1036941,26.54,26205.0,1.55,650944,3078.85,15785.8,73575,68.1
U0086,Male,Kalimantan Utara,Senior High School,Private Employee,Akulaku,Emas,Tidak Ada,0.0,5,6.6,4000001.0,4000001.0,500001.0,20,39135,0.15,84.0,3.08,20761,133.66,749.4,198429,58.4
U0087,Female,Riau,Junior High School,Civil Servant/BUMN,Kredivo,Saham,Tidak Ada,0.0,2,2.6,15000000.0,15000000.0,500001.0,17,542854,4.45,4273.0,1.66,282437,1565.78,2213.5,165350,41.8
U0088,Female,Nusa Tenggara Timur,Diploma I/II/III,Student,GoPay,Saham,Tidak Ada,0.0,1,9.5,2000000.0,2000000.0,500001.0,25,226040,0.72,8249.0,1.41,74766,753.13,5742.6,24272,34.6
U0089,Female,Sulawesi Tengah,Bachelor (S1)/Diploma IV,Private Employee,Akulaku,Reksadana,Tidak Ada,0.0,5,8.9,4000001.0,4000001.0,500001.0,13,177868,0.64,665.0,1.54,77106,598.93,3156.1,120750,43.1
U0090,Male,DKI Jakarta,Senior High School,Student,Dana,Saham,Konsumsi,11536931.0,4,7.6,2000000.0,2000000.0,500001.0,24,2708907,20964.0,9272715.0,3.56,2324200,12838.89,10678.0,344350,100.0
U0091,Male,DKI Jakarta,Bachelor (S1)/Diploma IV,Civil Servant/BUMN,GoPay,Emas,Konsumsi,13809699.0,4,7.1,10000001.0,6000001.0,3000000.0,13,2708907,20964.0,9272715.0,3.56,2324200,12838.89,10678.0,344350,100.0
U0092,Female,Sumatera Barat,Postgraduate,Others,OVO,No Investment,Tidak Ada,0.0,4,2.5,2000001.0,4000001.0,500000.0,17,400529,1.77,9358.0,2.4,198642,1398.91,5914.3,57047,63.8
U0093,Female,Jawa Barat,Senior High School,Student,Akulaku,Saham,Pendidikan,18213448.0,4,8.9,2000001.0,4000001.0,500001.0,18,6818787,251.24,143127.0,3.41,4705372,20751.93,50759.0,56080,89.3
U0094,Female,Sumatera Barat,Senior High School,Entrepreneur,LinkAja,Emas,Pendidikan,2468487.0,4,10.7,10000001.0,6000001.0,500000.0,19,400529,1.77,9358.0,2.4,198642,1398.91,5914.3,57047,63.8
U0095,Female,Sulawesi Selatan,Senior High School,Student,LinkAja,Emas,Pendidikan,15265898.0,2,4.2,2000000.0,2000000.0,500001.0,24,609232,6.63,7617.0,1.67,354031,2038.05,9563.1,73573,59.6
U0096,Male,Sumatera Utara,Bachelor (S1)/Diploma IV,Private Employee,Kredivo,No Investment,Pendidikan,1919702.0,5,10.4,4000001.0,4000001.0,1000001.0,25,1036941,26.54,26205.0,1.55,650944,3078.85,15785.8,73575,68.1
U0097,Female,Banten,Senior High School,Others,Kredivo,Saham,Gaya,17329964.0,1,9.8,6000001.0,10000001.0,3000000.0,24,1742274,601.94,83677.0,2.73,1244263,6226.21,12537.4,70276,84.9
U0098,Male,Sumatera Utara,Diploma I/II/III,Student,ShopeePay,Reksadana,Usaha,12879789.0,4,4.1,2000000.0,2000000.0,500000.0,24,1036941,26.54,26205.0,1.55,650944,3078.85,15785.8,73575,68.1
U0099,Male,Sulawesi Barat,Bachelor (S1)/Diploma IV,Student,LinkAja,Saham,Gaya,9999835.0,4,6.0,2000001.0,4000001.0,3000000.0,15,57874,0.12,247.0,1.19,25633,230.51,1525.3,42718,23.1
U0100,Male,Kalimantan Barat,Senior High School,Civil Servant/BUMN,Kredivo,Emas,Tidak Ada,0.0,1,3.5,10000001.0,6000001.0,500000.0,21,277057,4.73,4654.0,1.54,151011,855.65,5766.0,52703,47.9
U0101,Male,Papua Barat Daya,Bachelor (S1)/Diploma IV,Student,Akulaku,Kripto,Pendidikan,17305885.0,1,6.8,2000001.0,4000001.0,500001.0,27,11793,1.7,1.0,0.88,5691,24.05,1484.9,59064,58.4
U0102,Female,Sulawesi Tenggara,Senior High School,Private Employee,Kredivo,Reksadana,Pendidikan,12434834.0,4,8.1,6000001.0,10000001.0,500000.0,13,140184,0.27,529.0,1.44,69118,701.29,2836.7,67840,48.3
U0103,Male,Sulawesi Utara,Senior High School,Not Working,Dana,Saham,Konsumsi,19246603.0,2,3.7,2000001.0,4000001.0,1000001.0,14,269034,0.78,1493.0,1.35,152307,976.3,2721.4,69352,68.7
U0104,Female,Maluku Utara,Diploma I/II/III,Civil Servant/BUMN,Akulaku,Saham,Pendidikan,4129331.0,1,8.0,10000001.0,6000001.0,500001.0,13,54436,0.08,74.0,0.62,27649,242.69,1373.8,70660,30.6
U0105,Female,Kepulauan Riau,Bachelor (S1)/Diploma IV,Student,ShopeePay,Reksadana,Tidak Ada,0.0,5,8.6,2000000.0,2000000.0,500001.0,13,309076,7.83,9212.0,1.8,180411,993.02,10678.0,161424,85.3
U0106,Male,Papua Barat,Senior High School,Civil Servant/BUMN,OVO,Emas,Tidak Ada,0.0,5,8.6,4000001.0,2000001.0,1000001.0,25,32690,0.15,97.0,1.32,17755,89.41,587.6,131636,44.4
U0107,Male,Jawa Tengah,Bachelor (S1)/Diploma IV,Private Employee,ShopeePay,Reksadana,Tidak Ada,0.0,2,8.1,4000001.0,4000001.0,500000.0,21,2637739,29.46,59501.0,2.77,1553694,6962.05,38233.9,47972,60.8
U0108,Female,Papua Selatan,Bachelor (S1)/Diploma IV,Student,Akulaku,Emas,Konsumsi,14952475.0,3,3.9,2000001.0,4000001.0,500000.0,16,6267,1.7,2214.0,1.24,3118,14.24,1492.3,61583,58.4
U0109,Male,Banten,Senior High School,Private Employee,OVO,Saham,Gaya,10756299.0,2,6.7,4000001.0,4000001.0,1000001.0,16,1742274,601.94,83677.0,2.73,1244263,6226.21,12537.4,70276,84.9
U0110,Male,Kalimantan Selatan,Postgraduate,Private Employee,LinkAja,Reksadana,Gaya,6817197.0,4,7.9,6000001.0,10000001.0,500001.0,25,336953,2.29,2214.0,2.0,190913,958.78,4323.3,67117,59.8
U0111,Male,Kalimantan Barat,Junior High School,Private Employee,ShopeePay,Reksadana,Usaha,4129331.0,3,10.7,4000001.0,4000001.0,500000.0,15,277057,4.73,4654.0,1.54,151011,855.65,5766.0,52703,47.9
U0112,Male,Sulawesi Selatan,Senior High School,Student,GoPay,Kripto,Gaya,10065697.0,4,7.0,2000001.0,4000001.0,500001.0,24,609232,6.63,7617.0,1.67,354031,2038.05,9563.1,73573,59.6
U0113,Female,Banten,Senior High School,Private Employee,OVO,Reksadana,Usaha,5508029.0,5,8.1,2000001.0,4000001.0,500001.0,24,1742274,601.94,83677.0,2.73,1244263,6226.21,12537.4,70276,84.9
U0114,Female,Papua,Bachelor (S1)/Diploma IV,Student,OVO,Reksadana,Gaya,19877233.0,1,4.7,2000001.0,4000001.0,500000.0,19,75024,0.52,343.0,1.17,39157,221.27,636.4,59064,41.5
U0115,Female,Maluku Utara,Diploma I/II/III,Student,LinkAja,Reksadana,Tidak Ada,0.0,4,4.1,2000000.0,2000000.0,500000.0,18,54436,0.08,74.0,0.62,27649,242.69,1373.8,70660,30.6
U0116,Female,Sulawesi Tengah,Senior High School,Not Working,OVO,Emas,Konsumsi,10211646.0,5,3.8,2000000.0,2000000.0,500000.0,18,177868,0.64,665.0,1.54,77106,598.93,3156.1,120750,43.1
U0117,Female,Sulawesi Utara,Senior High School,Private Employee,GoPay,Reksadana,Tidak Ada,0.0,2,5.9,2000001.0,4000001.0,500001.0,26,269034,0.78,1493.0,1.35,152307,976.3,2721.4,69352,68.7
U0118,Male,Sumatera Utara,Diploma I/II/III,Student,Akulaku,Kripto,Konsumsi,8806411.0,4,12.2,2000001.0,4000001.0,1000001.0,14,1036941,26.54,26205.0,1.55,650944,3078.85,15785.8,73575,68.1
U0119,Female,Jawa Barat,Junior High School,Student,Akulaku,Kripto,Konsumsi,4129331.0,5,6.0,2000001.0,2000000.0,3000000.0,23,6818787,251.24,143127.0,3.41,4705372,20751.93,50759.0,56080,89.3
U0120,Female,Kepulauan Bangka Belitung,Bachelor (S1)/Diploma IV,Student,LinkAja,Reksadana,Tidak Ada,0.0,1,7.9,2000000.0,2000000.0,500001.0,26,103253,0.91,1080.0,1.6,54643,337.75,1550.8,70194,67.4
U0121,Female,Jawa Barat,Bachelor (S1)/Diploma IV,Student,ShopeePay,Saham,Tidak Ada,0.0,4,8.4,6000001.0,10000001.0,500000.0,14,6818787,251.24,143127.0,3.41,4705372,20751.93,50759.0,56080,89.3
U0122,Female,Sulawesi Tengah,Senior High School,Student,Kredivo,Kripto,Tidak Ada,1145452.0,5,4.3,2000001.0,4000001.0,3000000.0,13,177868,0.64,665.0,1.54,77106,598.93,3156.1,120750,43.1
U0123,Male,Kepulauan Bangka Belitung,Postgraduate,Student,GoPay,Reksadana,Usaha,2155443.0,4,5.9,6000001.0,10000001.0,500001.0,14,103253,0.91,1080.0,1.6,54643,337.75,1550.8,70194,67.4
U0124,Male,Kepulauan Riau,Senior High School,Civil Servant/BUMN,OVO,Reksadana,Konsumsi,16890320.0,1,8.6,6000001.0,10000001.0,500000.0,15,309076,7.83,9212.0,1.8,180411,993.02,10678.0,161424,85.3
U0125,Male,Maluku Utara,Postgraduate,Private Employee,OVO,Saham,Usaha,6228790.0,4,8.1,4000001.0,4000001.0,3000000.0,17,54436,0.08,74.0,0.62,27649,242.69,1373.8,70660,30.6
U0126,Male,Papua,Diploma I/II/III,Private Employee,OVO,Emas,Tidak Ada,0.0,4,2.0,10000001.0,6000001.0,1000001.0,18,75024,0.52,343.0,1.17,39157,221.27,636.4,59064,41.5
U0127,Female,Kalimantan Barat,Diploma I/II/III,Private Employee,Kredivo,Reksadana,Tidak Ada,0.0,5,8.5,4000001.0,4000001.0,1000001.0,26,277057,4.73,4654.0,1.54,151011,855.65,5766.0,52703,47.9
U0128,Female,Sumatera Utara,Senior High School,Student,Akulaku,Saham,Tidak Ada,0.0,3,5.6,2000001.0,4000001.0,1000001.0,21,1036941,26.54,26205.0,1.55,650944,3078.85,15785.8,73575,68.1
U0129,Male,Aceh,Bachelor (S1)/Diploma IV,Others,OVO,Emas,Pendidikan,1890688.0,4,5.7,2000000.0,2000000.0,500000.0,21,102897,1.63,615.0,0.82,70593,196.9,5626.0,43782,43.2
U0130,Female,Papua Pegunungan,Senior High School,Entrepreneur,Kredivo,Reksadana,Tidak Ada,0.0,3,8.0,6000001.0,10000001.0,500000.0,23,2410,1.7,2214.0,0.9,998,4.9,549.7,18105,58.4
U0131,Male,Kalimantan Utara,Senior High School,Entrepreneur,ShopeePay,Reksadana,Pendidikan,15632898.0,2,10.8,2000001.0,4000001.0,500001.0,16,39135,0.15,84.0,3.08,20761,133.66,749.4,198429,58.4
U0132,Male,Sulawesi Selatan,Elementary School,Entrepreneur,Kredivo,Reksadana,Tidak Ada,0.0,4,6.5,4000001.0,4000001.0,500000.0,19,609232,6.63,7617.0,1.67,354031,2038.05,9563.1,73573,59.6
U0133,Male,Sumatera Utara,Senior High School,Not Working,Dana,Kripto,Tidak Ada,0.0,3,9.9,2000000.0,2000000.0,500001.0,27,1036941,26.54,26205.0,1.55,650944,3078.85,15785.8,73575,68.1
U0134,Male,Maluku,Senior High School,Private Employee,Akulaku,Reksadana,Gaya,18745052.0,2,3.4,2000000.0,2000000.0,1000001.0,24,64468,0.2,117.0,0.84,32951,231.36,1970.6,32198,42.1
U0135,Female,DI Yogyakarta,Diploma I/II/III,Student,LinkAja,Saham,Pendidikan,3798771.0,5,7.3,6000001.0,10000001.0,1000001.0,17,394247,7.26,8228.0,3.31,240062,1207.31,3781.5,51473,84.1
U0136,Male,Sumatera Utara,Bachelor (S1)/Diploma IV,Private Employee,OVO,No Investment,Pendidikan,19106134.0,4,5.6,2000001.0,4000001.0,500001.0,27,1036941,26.54,26205.0,1.55,650944,3078.85,15785.8,73575,68.1
U0137,Female,Gorontalo,Junior High School,Private Employee,LinkAja,Emas,Konsumsi,7838298.0,5,7.7,6000001.0,10000001.0,1000001.0,14,114275,0.35,298.0,1.4,51903,457.14,1242.2,44433,58.4
U0138,Female,Jawa Timur,Diploma I/II/III,Private Employee,GoPay,Reksadana,Tidak Ada,0.0,2,6.3,6000001.0,10000001.0,1000001.0,19,3048079,132.94,44643.0,3.29,1895275,10417.68,42089.3,75770,66.7
U0139,Male,Jawa Barat,Senior High School,Private Employee,LinkAja,Saham,Usaha,15071551.0,5,3.6,4000001.0,4000001.0,500001.0,19,6818787,251.24,143127.0,3.41,4705372,20751.93,50759.0,56080,89.3
U0140,Female,Papua Selatan,Bachelor (S1)/Diploma IV,Student,GoPay,Saham,Pendidikan,2670972.0,5,4.8,2000000.0,2000000.0,500000.0,18,6267,1.7,2214.0,1.24,3118,14.24,1492.3,61583,58.4
U0141,Female,Sulawesi Tenggara,Bachelor (S1)/Diploma IV,Student,Kredivo,Saham,Usaha,6481441.0,1,2.9,2000001.0,4000001.0,500000.0,15,140184,0.27,529.0,1.44,69118,701.29,2836.7,67840,48.3
U0142,Male,Kalimantan Barat,Senior High School,Not Working,GoPay,Reksadana,Tidak Ada,0.0,2,3.7,2000000.0,2000000.0,500001.0,22,277057,4.73,4654.0,1.54,151011,855.65,5766.0,52703,47.9
U0143,Male,Kalimantan Utara,Diploma I/II/III,Private Employee,LinkAja,Saham,Konsumsi,12490235.0,5,8.2,6000001.0,10000001.0,500000.0,17,39135,0.15,84.0,3.08,20761,133.66,749.4,198429,58.4
U0144,Male,Kalimantan Tengah,Senior High School,Private Employee,Akulaku,Reksadana,Tidak Ada,0.0,3,6.4,6000001.0,10000001.0,500000.0,18,162309,0.45,506.0,1.49,90470,488.58,2845.0,79320,52.9
U0145,Male,Kepulauan Riau,Senior High School,Student,LinkAja,No Investment,Tidak Ada,0.0,2,7.6,6000001.0,10000001.0,500000.0,23,309076,7.83,9212.0,1.8,180411,993.02,10678.0,161424,85.3
U0146,Male,DI Yogyakarta,Bachelor (S1)/Diploma IV,Student,OVO,No Investment,Tidak Ada,0.0,1,11.5,2000000.0,4000001.0,500001.0,14,394247,7.26,8228.0,3.31,240062,1207.31,3781.5,51473,84.1
U0147,Female,Papua Selatan,Senior High School,Not Working,OVO,Kripto,Pendidikan,10677641.0,4,6.3,2000000.0,2000000.0,3000000.0,15,6267,1.7,2214.0,1.24,3118,14.24,1492.3,61583,58.4
U0148,Male,Nusa Tenggara Barat,Senior High School,Private Employee,OVO,No Investment,Konsumsi,18446147.0,5,8.6,6000001.0,10000001.0,500000.0,17,237629,1.14,6378.0,4.36,100966,827.06,5731.1,32282,62.7
U0149,Male,Kalimantan Utara,Senior High School,Entrepreneur,Kredivo,No Investment,Pendidikan,13224780.0,3,7.1,2000001.0,4000001.0,1000001.0,14,39135,0.15,84.0,3.08,20761,133.66,749.4,198429,58.4
U0150,Male,DI Yogyakarta,Bachelor (S1)/Diploma IV,Civil Servant/BUMN,LinkAja,Reksadana,Pendidikan,3137108.0,1,13.9,10000001.0,6000001.0,500001.0,14,394247,7.26,8228.0,3.31,240062,1207.31,3781.5,51473,84.1
U0151,Female,Papua,Senior High School,Private Employee,Dana,Emas,Konsumsi,15345448.0,2,1.0,4000001.0,2000001.0,500000.0,16,75024,0.52,343.0,1.17,39157,221.27,636.4,59064,41.5
U0152,Male,Jawa Barat,Senior High School,Student,ShopeePay,Reksadana,Tidak Ada,0.0,5,5.2,2000000.0,2000000.0,3000000.0,14,6818787,251.24,143127.0,3.41,4705372,20751.93,50759.0,56080,89.3
U0153,Male,Kalimantan Selatan,Diploma I/II/III,Private Employee,LinkAja,Reksadana,Usaha,15774672.0,1,8.6,6000001.0,10000001.0,500001.0,16,336953,2.29,2214.0,2.0,190913,958.78,4323.3,67117,59.8
U0154,Male,Sumatera Selatan,Bachelor (S1)/Diploma IV,Civil Servant/BUMN,OVO,Saham,Tidak Ada,0.0,1,5.1,6000001.0,10000001.0,500001.0,17,577990,8.6,4120.0,2.66,334613,1728.24,8928.5,75132,40.1
U0155,Female,Papua Pegunungan,Junior High School,Civil Servant/BUMN,GoPay,Saham,Konsumsi,17069985.0,3,8.4,4000001.0,4000001.0,1000001.0,17,2410,1.7,2214.0,0.9,998,4.9,549.7,18105,58.4
U0156,Male,Papua Pegunungan,Senior High School,Private Employee,Kredivo,Reksadana,Tidak Ada,0.0,4,6.8,4000001.0,4000001.0,500000.0,16,2410,1.7,2214.0,0.9,998,4.9,549.7,18105,58.4
U0157,Female,Kalimantan Selatan,Junior High School,Not Working,Kredivo,Reksadana,Tidak Ada,0.0,4,9.2,2000001.0,4000001.0,500001.0,25,336953,2.29,2214.0,2.0,190913,958.78,4323.3,67117,59.8
U0158,Female,DI Yogyakarta,Senior High School,Student,Kredivo,Reksadana,Tidak Ada,4129331.0,4,4.2,2000000.0,2000000.0,500000.0,14,394247,7.26,8228.0,3.31,240062,1207.31,3781.5,51473,84.1
U0159,Male,Banten,Senior High School,Entrepreneur,GoPay,Saham,Tidak Ada,0.0,2,7.4,15000000.0,15000000.0,1000001.0,14,1742274,601.94,83677.0,2.73,1244263,6226.21,12537.4,70276,84.9
U0160,Female,Papua Pegunungan,Diploma I/II/III,Student,OVO,Saham,Tidak Ada,0.0,1,8.2,2000000.0,2000000.0,500001.0,28,2410,1.7,2214.0,0.9,998,4.9,549.7,18105,58.4
U0161,Male,Sulawesi Utara,Diploma I/II/III,Civil Servant/BUMN,GoPay,Kripto,Tidak Ada,0.0,2,7.3,6000001.0,10000001.0,500001.0,15,269034,0.78,1493.0,1.35,152307,976.3,2721.4,69352,68.7
U0162,Female,Maluku Utara,Diploma I/II/III,Student,LinkAja,Kripto,Pendidikan,2523106.0,1,7.4,2000001.0,4000001.0,500000.0,26,54436,0.08,74.0,0.62,27649,242.69,1373.8,70660,30.6
U0163,Female,Papua Barat,Senior High School,Student,GoPay,Saham,Gaya,15301713.0,3,10.0,2000000.0,2000000.0,500001.0,22,32690,0.15,97.0,1.32,17755,89.41,587.6,131636,44.4
U0164,Female,Papua Pegunungan,Bachelor (S1)/Diploma IV,Private Employee,Akulaku,Kripto,Konsumsi,866074.0,3,2.8,4000001.0,4000001.0,1000001.0,16,2410,1.7,2214.0,0.9,998,4.9,549.7,18105,58.4
U0165,Male,Kalimantan Barat,Senior High School,Student,GoPay,Kripto,Konsumsi,16696494.0,2,7.3,2000000.0,2000000.0,500001.0,25,277057,4.73,4654.0,1.54,151011,855.65,5766.0,52703,47.9
U0166,Female,Nusa Tenggara Barat,Postgraduate,Civil Servant/BUMN,ShopeePay,Emas,Konsumsi,12283101.0,2,4.0,6000001.0,10000001.0,500001.0,15,237629,1.14,6378.0,4.36,100966,827.06,5731.1,32282,62.7
U0167,Male,Papua Barat Daya,Diploma I/II/III,Not Working,ShopeePay,Kripto,Konsumsi,677375.0,3,8.9,2000000.0,2000000.0,500001.0,15,11793,1.7,1.0,0.88,5691,24.05,1484.9,59064,58.4
U0168,Male,Sumatera Barat,Junior High School,Student,Akulaku,Reksadana,Pendidikan,12190075.0,5,4.9,2000001.0,4000001.0,1000001.0,19,400529,1.77,9358.0,2.4,198642,1398.91,5914.3,57047,63.8
U0169,Male,Kalimantan Timur,Diploma I/II/III,Entrepreneur,Dana,Saham,Konsumsi,6402232.0,4,1.0,4000001.0,4000001.0,500001.0,28,453429,6.55,1311.0,1.94,266429,1309.86,4267.6,212175,77.7
U0170,Female,Maluku Utara,Senior High School,Civil Servant/BUMN,LinkAja,Emas,Konsumsi,4129331.0,4,9.0,4000001.0,4000001.0,1000001.0,23,54436,0.08,74.0,0.62,27649,242.69,1373.8,70660,30.6
U0171,Female,Banten,Diploma I/II/III,Private Employee,Dana,Reksadana,Tidak Ada,0.0,3,6.3,2000001.0,2000000.0,1000001.0,17,1742274,601.94,83677.0,2.73,1244263,6226.21,12537.4,70276,84.9
U0172,Male,Jambi,Junior High School,Student,GoPay,Saham,Konsumsi,17102752.0,4,7.9,2000000.0,2000000.0,500001.0,13,273264,1.06,1251.0,2.16,136402,864.3,3768.5,86722,38.2
U0173,Female,Riau,Senior High School,Student,Kredivo,Reksadana,Tidak Ada,0.0,5,10.6,2000000.0,2000000.0,500000.0,17,542854,4.45,4273.0,1.66,282437,1565.78,2213.5,165350,41.8
U0174,Male,Kalimantan Tengah,Bachelor (S1)/Diploma IV,Student,Dana,Saham,Konsumsi,6900553.0,5,7.9,4000001.0,4000001.0,500001.0,23,162309,0.45,506.0,1.49,90470,488.58,2845.0,79320,52.9
U0175,Female,DI Yogyakarta,Senior High School,Student,LinkAja,Reksadana,Tidak Ada,0.0,1,7.4,4000001.0,2000001.0,1000001.0,17,394247,7.26,8228.0,3.31,240062,1207.31,3781.5,51473,84.1
U0176,Male,Maluku,Bachelor (S1)/Diploma IV,Student,OVO,Kripto,Tidak Ada,0.0,2,6.9,2000000.0,2000000.0,500000.0,19,64468,0.2,117.0,0.84,32951,231.36,1970.6,32198,42.1
U0177,Female,DI Yogyakarta,Senior High School,Private Employee,OVO,No Investment,Tidak Ada,0.0,4,4.1,15000000.0,15000000.0,500001.0,15,394247,7.26,8228.0,3.31,240062,1207.31,3781.5,51473,84.1
U0178,Male,Sumatera Selatan,Diploma I/II/III,Not Working,Kredivo,No Investment,Tidak Ada,0.0,5,6.5,2000001.0,4000001.0,1000001.0,26,577990,8.6,4120.0,2.66,334613,1728.24,8928.5,75132,40.1
U0179,Female,Jawa Barat,Diploma I/II/III,Entrepreneur,Akulaku,Saham,Konsumsi,10715277.0,2,11.9,15000000.0,15000000.0,500001.0,15,6818787,251.24,143127.0,3.41,4705372,20751.93,50759.0,56080,89.3
U0180,Male,Banten,Senior High School,Private Employee,Kredivo,Emas,Tidak Ada,0.0,2,6.1,4000001.0,4000001.0,500001.0,19,1742274,601.94,83677.0,2.73,1244263,6226.21,12537.4,70276,84.9
U0181,Male,Bali,Senior High School,Student,OVO,Saham,Tidak Ada,0.0,1,6.6,2000001.0,2000000.0,500000.0,13,427124,18.54,8469.0,1.13,260541,1781.63,2836.7,67319,81.2
U0182,Male,Kalimantan Timur,Senior High School,Student,ShopeePay,Emas,Tidak Ada,0.0,2,10.1,2000000.0,2000000.0,500000.0,22,453429,6.55,1311.0,1.94,266429,1309.86,4267.6,212175,77.7
U0183,Female,DI Yogyakarta,Elementary School,Student,LinkAja,Reksadana,Tidak Ada,0.0,2,3.1,2000001.0,4000001.0,1000001.0,17,394247,7.26,8228.0,3.31,240062,1207.31,3781.5,51473,84.1
U0184,Female,Bengkulu,Senior High School,Student,OVO,Emas,Pendidikan,13003969.0,3,8.6,2000000.0,2000000.0,500000.0,13,138784,0.36,358.0,1.75,68108,478.3,2138.0,49233,35.6
U0185,Male,Maluku Utara,Diploma I/II/III,Private Employee,ShopeePay,Kripto,Tidak Ada,0.0,1,3.0,4000001.0,4000001.0,500000.0,26,54436,0.08,74.0,0.62,27649,242.69,1373.8,70660,30.6
U0186,Female,Jawa Timur,Bachelor (S1)/Diploma IV,Private Employee,ShopeePay,Emas,Pendidikan,6485507.0,1,8.0,4000001.0,4000001.0,1000001.0,13,3048079,132.94,44643.0,3.29,1895275,10417.68,42089.3,75770,66.7
U0187,Female,Bali,Bachelor (S1)/Diploma IV,Student,Kredivo,Emas,Gaya,11477809.0,4,6.9,2000000.0,2000000.0,500001.0,16,427124,18.54,8469.0,1.13,260541,1781.63,2836.7,67319,81.2
U0188,Female,Papua,Bachelor (S1)/Diploma IV,Student,GoPay,Saham,Konsumsi,18377836.0,2,8.5,2000001.0,4000001.0,3000000.0,27,75024,0.52,343.0,1.17,39157,221.27,636.4,59064,41.5
U0189,Female,Jambi,Bachelor (S1)/Diploma IV,Entrepreneur,Kredivo,Kripto,Tidak Ada,0.0,4,4.5,4000001.0,4000001.0,3000000.0,22,273264,1.06,1251.0,2.16,136402,864.3,3768.5,86722,38.2
U0190,Male,Sulawesi Selatan,Diploma I/II/III,Entrepreneur,OVO,Saham,Konsumsi,1508882.0,5,5.7,6000001.0,10000001.0,500000.0,16,609232,6.63,7617.0,1.67,354031,2038.05,9563.1,73573,59.6
U0191,Male,Kalimantan Timur,Senior High School,Student,OVO,No Investment,Konsumsi,4129331.0,2,8.7,2000001.0,4000001.0,500000.0,27,453429,6.55,1311.0,1.94,266429,1309.86,4267.6,212175,77.7
U0192,Female,DI Yogyakarta,Bachelor (S1)/Diploma IV,Not Working,GoPay,Saham,Gaya,4783667.0,5,5.7,4000001.0,4000001.0,1000001.0,18,394247,7.26,8228.0,3.31,240062,1207.31,3781.5,51473,84.1
U0193,Female,Jawa Timur,Diploma I/II/III,Others,ShopeePay,Reksadana,Tidak Ada,0.0,3,8.9,4000001.0,4000001.0,500001.0,22,3048079,132.94,44643.0,3.29,1895275,10417.68,42089.3,75770,66.7
U0194,Female,Papua Barat,Senior High School,Student,GoPay,Kripto,Tidak Ada,0.0,2,7.5,4000001.0,4000001.0,500000.0,17,32690,0.15,97.0,1.32,17755,89.41,587.6,131636,44.4
U0195,Male,Maluku,Junior High School,Student,Akulaku,Saham,Konsumsi,10564510.0,4,5.9,2000001.0,4000001.0,1000001.0,27,64468,0.2,117.0,0.84,32951,231.36,1970.6,32198,42.1
U0196,Male,Papua Tengah,Senior High School,Private Employee,LinkAja,Reksadana,Konsumsi,18896746.0,4,6.2,4000001.0,4000001.0,500000.0,14,10736,1.7,2214.0,0.99,8184,27.6,1073.6,118774,58.4
U0197,Female,Bali,Senior High School,Not Working,OVO,No Investment,Tidak Ada,0.0,2,7.0,2000000.0,2000000.0,1000001.0,13,427124,18.54,8469.0,1.13,260541,1781.63,2836.7,67319,81.2
U0198,Female,Sulawesi Tenggara,Bachelor (S1)/Diploma IV,Not Working,Akulaku,Reksadana,Tidak Ada,0.0,4,6.4,2000000.0,2000000.0,500000.0,13,140184,0.27,529.0,1.44,69118,701.29,2836.7,67840,48.3
U0199,Female,Nusa Tenggara Timur,Senior High School,Student,LinkAja,Emas,Tidak Ada,0.0,2,8.8,2000001.0,4000001.0,500000.0,16,226040,0.72,8249.0,1.41,74766,753.13,5742.6,24272,34.6
U0200,Female,Kalimantan Timur,Senior High School,Student,GoPay,Reksadana,Usaha,4065117.0,1,6.1,2000001.0,4000001.0,500000.0,26,453429,6.55,1311.0,1.94,266429,1309.86,4267.6,212175,77.7
U0201,Female,Maluku Utara,Postgraduate,Private Employee,OVO,Kripto,Tidak Ada,0.0,4,5.6,4000001.0,4000001.0,3000000.0,16,54436,0.08,74.0,0.62,27649,242.69,1373.8,70660,30.6
U0202,Male,Jawa Tengah,Junior High School,Private Employee,Dana,Saham,Usaha,17033981.0,2,9.3,4000001.0,4000001.0,500001.0,28,2637739,29.46,59501.0,2.77,1553694,6962.05,38233.9,47972,60.8
U0203,Male,Kalimantan Barat,Senior High School,Student,ShopeePay,Reksadana,Gaya,8297215.0,2,5.9,2000000.0,2000000.0,1000001.0,28,277057,4.73,4654.0,1.54,151011,855.65,5766.0,52703,47.9
U0204,Female,Papua Tengah,Elementary School,Not Working,ShopeePay,No Investment,Usaha,7739967.0,4,5.6,2000000.0,2000000.0,500001.0,22,10736,1.7,2214.0,0.99,8184,27.6,1073.6,118774,58.4
U0205,Female,Jambi,Diploma I/II/III,Private Employee,Dana,Emas,Usaha,5100505.0,1,1.0,2000001.0,4000001.0,500001.0,19,273264,1.06,1251.0,2.16,136402,864.3,3768.5,86722,38.2
U0206,Male,Kepulauan Bangka Belitung,Bachelor (S1)/Diploma IV,Entrepreneur,GoPay,Saham,Tidak Ada,0.0,4,4.4,10000001.0,6000001.0,500000.0,15,103253,0.91,1080.0,1.6,54643,337.75,1550.8,70194,67.4
U0207,Male,Gorontalo,Senior High School,Not Working,Dana,Saham,Gaya,5843926.0,2,4.9,2000000.0,2000000.0,500001.0,17,114275,0.35,298.0,1.4,51903,457.14,1242.2,44433,58.4
U0208,Female,Sumatera Selatan,Bachelor (S1)/Diploma IV,Private Employee,OVO,Saham,Pendidikan,13120315.0,1,5.6,2000001.0,4000001.0,500001.0,20,577990,8.6,4120.0,2.66,334613,1728.24,8928.5,75132,40.1
U0209,Male,Sulawesi Utara,Senior High School,Civil Servant/BUMN,Kredivo,No Investment,Pendidikan,897046.0,5,5.2,6000001.0,10000001.0,500001.0,23,269034,0.78,1493.0,1.35,152307,976.3,2721.4,69352,68.7
U0210,Male,Maluku,Bachelor (S1)/Diploma IV,Private Employee,ShopeePay,Emas,Konsumsi,5874485.0,3,9.5,6000001.0,10000001.0,500000.0,13,64468,0.2,117.0,0.84,32951,231.36,1970.6,32198,42.1
U0211,Female,Kalimantan Selatan,Bachelor (S1)/Diploma IV,Student,Kredivo,Emas,Gaya,19526386.0,4,5.1,2000000.0,2000000.0,3000000.0,20,336953,2.29,2214.0,2.0,190913,958.78,4323.3,67117,59.8
U0212,Female,Sumatera Utara,Bachelor (S1)/Diploma IV,Private Employee,Dana,Saham,Konsumsi,11271408.0,2,5.2,2000001.0,4000001.0,500000.0,20,1036941,26.54,26205.0,1.55,650944,3078.85,15785.8,73575,68.1
U0213,Female,Jambi,Elementary School,Student,OVO,Reksadana,Konsumsi,18960631.0,1,7.4,2000000.0,2000000.0,3000000.0,25,273264,1.06,1251.0,2.16,136402,864.3,3768.5,86722,38.2
U0214,Male,Sulawesi Selatan,Postgraduate,Private Employee,OVO,Reksadana,Tidak Ada,0.0,1,4.2,4000001.0,4000001.0,500000.0,15,609232,6.63,7617.0,1.67,354031,2038.05,9563.1,73573,59.6
U0215,Female,Sulawesi Utara,Diploma I/II/III,Student,ShopeePay,Saham,Tidak Ada,0.0,5,10.9,4000001.0,4000001.0,500001.0,16,269034,0.78,1493.0,1.35,152307,976.3,2721.4,69352,68.7
U0216,Male,Lampung,Senior High School,Student,OVO,Reksadana,Tidak Ada,0.0,4,9.0,4000001.0,4000001.0,500001.0,24,530899,5.15,4033.0,2.81,284856,1455.8,9522.9,51370,42.4
U0217,Male,Aceh,Bachelor (S1)/Diploma IV,Student,OVO,Kripto,Gaya,3963587.0,1,4.1,2000000.0,2000000.0,500001.0,27,102897,1.63,615.0,0.82,70593,196.9,5626.0,43782,43.2
U0218,Female,Kalimantan Barat,Senior High School,Student,LinkAja,Kripto,Tidak Ada,0.0,5,9.5,2000000.0,2000000.0,500001.0,17,277057,4.73,4654.0,1.54,151011,855.65,5766.0,52703,47.9
U0219,Female,Kalimantan Timur,Bachelor (S1)/Diploma IV,Private Employee,LinkAja,Emas,Tidak Ada,0.0,2,10.1,6000001.0,10000001.0,500001.0,17,453429,6.55,1311.0,1.94,266429,1309.86,4267.6,212175,77.7
U0220,Female,Maluku Utara,Junior High School,Private Employee,OVO,Emas,Tidak Ada,0.0,5,4.1,2000000.0,2000000.0,500001.0,23,54436,0.08,74.0,0.62,27649,242.69,1373.8,70660,30.6
U0221,Female,DKI Jakarta,Diploma I/II/III,Private Employee,Akulaku,Reksadana,Tidak Ada,0.0,4,4.1,4000001.0,4000001.0,1000001.0,13,2708907,20964.0,9272715.0,3.56,2324200,12838.89,10678.0,344350,100.0
U0222,Female,Kalimantan Utara,Senior High School,Student,LinkAja,Reksadana,Pendidikan,11959705.0,5,5.5,2000000.0,2000000.0,500001.0,25,39135,0.15,84.0,3.08,20761,133.66,749.4,198429,58.4
U0223,Male,DKI Jakarta,Junior High School,Student,Akulaku,Saham,Tidak Ada,0.0,1,3.5,4000001.0,4000001.0,1000001.0,20,2708907,20964.0,9272715.0,3.56,2324200,12838.89,10678.0,344350,100.0
U0224,Male,Gorontalo,Senior High School,Student,Dana,Emas,Pendidikan,4129331.0,1,5.0,2000000.0,2000000.0,500000.0,13,114275,0.35,298.0,1.4,51903,457.14,1242.2,44433,58.4
U0225,Male,Sulawesi Tengah,Elementary School,Student,Akulaku,Emas,Konsumsi,14173209.0,3,6.0,2000000.0,2000000.0,500001.0,20,177868,0.64,665.0,1.54,77106,598.93,3156.1,120750,43.1
U0226,Male,Banten,Senior High School,Not Working,Dana,Emas,Usaha,611597.0,5,8.3,2000001.0,4000001.0,500001.0,17,1742274,601.94,83677.0,2.73,1244263,6226.21,12537.4,70276,84.9
U0227,Female,Papua Tengah,Senior High School,Student,Akulaku,Emas,Konsumsi,4867226.0,2,7.2,2000000.0,2000000.0,500001.0,21,10736,1.7,2214.0,0.99,8184,27.6,1073.6,118774,58.4
U0228,Male,Kalimantan Barat,Senior High School,Student,OVO,Saham,Tidak Ada,0.0,4,6.6,2000001.0,2000000.0,500001.0,23,277057,4.73,4654.0,1.54,151011,855.65,5766.0,52703,47.9
U0229,Female,Sumatera Barat,Senior High School,Student,LinkAja,Saham,Gaya,10299987.0,3,5.8,6000001.0,10000001.0,500001.0,13,400529,1.77,9358.0,2.4,198642,1398.91,5914.3,57047,63.8
U0230,Female,Aceh,Senior High School,Student,OVO,Reksadana,Gaya,19671235.0,5,3.7,2000000.0,2000000.0,500000.0,21,102897,1.63,615.0,0.82,70593,196.9,5626.0,43782,43.2
U0231,Female,Aceh,Diploma I/II/III,Private Employee,Kredivo,Saham,Tidak Ada,0.0,2,8.5,6000001.0,10000001.0,500000.0,14,102897,1.63,615.0,0.82,70593,196.9,5626.0,43782,43.2
U0232,Male,Bali,Elementary School,Private Employee,Dana,Emas,Usaha,5479021.0,3,18.5,2000001.0,4000001.0,500000.0,24,427124,18.54,8469.0,1.13,260541,1781.63,2836.7,67319,81.2
U0233,Female,Sumatera Utara,Bachelor (S1)/Diploma IV,Student,Akulaku,Saham,Konsumsi,12564163.0,1,5.5,2000000.0,2000000.0,500001.0,24,1036941,26.54,26205.0,1.55,650944,3078.85,15785.8,73575,68.1
U0234,Male,Gorontalo,Bachelor (S1)/Diploma IV,Student,OVO,Kripto,Tidak Ada,0.0,4,4.2,2000000.0,2000000.0,500001.0,28,114275,0.35,298.0,1.4,51903,457.14,1242.2,44433,58.4
U0235,Male,Kalimantan Barat,Diploma I/II/III,Student,GoPay,Saham,Tidak Ada,0.0,5,10.9,2000000.0,2000000.0,3000000.0,17,277057,4.73,4654.0,1.54,151011,855.65,5766.0,52703,47.9
U0236,Female,Sumatera Selatan,Senior High School,Student,GoPay,No Investment,Usaha,4627741.0,2,7.6,2000000.0,2000000.0,1000001.0,21,577990,8.6,4120.0,2.66,334613,1728.24,8928.5,75132,40.1
U0237,Male,Lampung,Bachelor (S1)/Diploma IV,Student,GoPay,Saham,Tidak Ada,0.0,1,8.0,2000001.0,4000001.0,500000.0,14,530899,5.15,4033.0,2.81,284856,1455.8,9522.9,51370,42.4
U0238,Male,Gorontalo,Senior High School,Others,ShopeePay,Reksadana,Konsumsi,16381023.0,3,8.1,2000000.0,2000000.0,1000001.0,20,114275,0.35,298.0,1.4,51903,457.14,1242.2,44433,58.4
U0239,Female,Papua Barat,Junior High School,Private Employee,Kredivo,Reksadana,Konsumsi,14890091.0,4,4.0,2000001.0,4000001.0,1000001.0,13,32690,0.15,97.0,1.32,17755,89.41,587.6,131636,44.4
U0240,Male,Sumatera Barat,Senior High School,Private Employee,Akulaku,Kripto,Konsumsi,8219161.0,3,10.7,4000001.0,4000001.0,500001.0,24,400529,1.77,9358.0,2.4,198642,1398.91,5914.3,57047,63.8
U0241,Female,Papua Tengah,Bachelor (S1)/Diploma IV,Civil Servant/BUMN,ShopeePay,Reksadana,Pendidikan,13431037.0,3,6.0,6000001.0,10000001.0,500001.0,14,10736,1.7,2214.0,0.99,8184,27.6,1073.6,118774,58.4
U0242,Female,Jambi,Elementary School,Civil Servant/BUMN,ShopeePay,No Investment,Tidak Ada,0.0,2,9.1,2000001.0,4000001.0,3000000.0,15,273264,1.06,1251.0,2.16,136402,864.3,3768.5,86722,38.2
U0243,Female,Sulawesi Selatan,Senior High School,Private Employee,GoPay,Reksadana,Tidak Ada,0.0,1,10.6,4000001.0,4000001.0,500001.0,15,609232,6.63,7617.0,1.67,354031,2038.05,9563.1,73573,59.6
U0244,Male,Jawa Barat,Postgraduate,Private Employee,ShopeePay,Emas,Pendidikan,10759550.0,5,7.2,2000001.0,4000001.0,3000000.0,14,6818787,251.24,143127.0,3.41,4705372,20751.93,50759.0,56080,89.3
U0245,Male,Kalimantan Barat,Bachelor (S1)/Diploma IV,Private Employee,Akulaku,Saham,Gaya,12961351.0,2,4.0,2000000.0,2000000.0,500000.0,15,277057,4.73,4654.0,1.54,151011,855.65,5766.0,52703,47.9
U0246,Female,Kalimantan Barat,Senior High School,Student,OVO,Kripto,Tidak Ada,0.0,4,1.0,2000000.0,2000000.0,500000.0,17,277057,4.73,4654.0,1.54,151011,855.65,5766.0,52703,47.9
U0247,Male,Kepulauan Bangka Belitung,Junior High School,Private Employee,Kredivo,No Investment,Konsumsi,17471418.0,3,6.9,6000001.0,10000001.0,500001.0,26,103253,0.91,1080.0,1.6,54643,337.75,1550.8,70194,67.4
U0248,Female,Riau,Bachelor (S1)/Diploma IV,Civil Servant/BUMN,Dana,Saham,Konsumsi,5016025.0,4,7.6,2000001.0,4000001.0,500001.0,28,542854,4.45,4273.0,1.66,282437,1565.78,2213.5,165350,41.8
U0249,Female,Nusa Tenggara Timur,Senior High School,Not Working,Dana,Reksadana,Tidak Ada,0.0,2,5.5,2000000.0,2000000.0,1000001.0,13,226040,0.72,8249.0,1.41,74766,753.13,5742.6,24272,34.6
U0250,Female,Papua Barat Daya,Junior High School,Private Employee,LinkAja,Emas,Tidak Ada,0.0,2,7.3,4000001.0,4000001.0,3000000.0,17,11793,1.7,1.0,0.88,5691,24.05,1484.9,59064,58.4
U0251,Male,Sulawesi Selatan,Junior High School,Private Employee,Kredivo,Saham,Tidak Ada,0.0,5,8.1,6000001.0,10000001.0,500001.0,15,609232,6.63,7617.0,1.67,354031,2038.05,9563.1,73573,59.6
U0252,Male,Jawa Tengah,Bachelor (S1)/Diploma IV,Student,OVO,Emas,Pendidikan,12816664.0,3,9.5,2000000.0,2000000.0,500000.0,19,2637739,29.46,59501.0,2.77,1553694,6962.05,38233.9,47972,60.8
U0253,Female,Jawa Tengah,Diploma I/II/III,Private Employee,Kredivo,Kripto,Tidak Ada,0.0,2,6.4,4000001.0,4000001.0,1000001.0,26,2637739,29.46,59501.0,2.77,1553694,6962.05,38233.9,47972,60.8
U0254,Male,Kalimantan Selatan,Bachelor (S1)/Diploma IV,Student,Akulaku,Saham,Konsumsi,16516792.0,4,6.9,2000000.0,2000000.0,500001.0,26,336953,2.29,2214.0,2.0,190913,958.78,4323.3,67117,59.8
U0255,Male,Sulawesi Tenggara,Bachelor (S1)/Diploma IV,Student,LinkAja,Kripto,Pendidikan,19815525.0,5,6.6,2000000.0,2000000.0,500000.0,16,140184,0.27,529.0,1.44,69118,701.29,2836.7,67840,48.3
U0256,Female,Kalimantan Selatan,Senior High School,Student,Akulaku,Emas,Gaya,18892836.0,4,7.1,2000000.0,2000000.0,500001.0,20,336953,2.29,2214.0,2.0,190913,958.78,4323.3,67117,59.8
U0257,Female,Nusa Tenggara Timur,Senior High School,Private Employee,LinkAja,Saham,Pendidikan,6752551.0,3,5.7,4000001.0,4000001.0,1000001.0,24,226040,0.72,8249.0,1.41,74766,753.13,5742.6,24272,34.6
U0258,Female,Lampung,Senior High School,Student,Kredivo,Emas,Konsumsi,13689902.0,5,5.7,2000000.0,2000000.0,1000001.0,19,530899,5.15,4033.0,2.81,284856,1455.8,9522.9,51370,42.4
U0259,Female,Lampung,Senior High School,Student,GoPay,No Investment,Pendidikan,16410371.0,5,5.9,2000000.0,2000000.0,500001.0,27,530899,5.15,4033.0,2.81,284856,1455.8,9522.9,51370,42.4
U0260,Male,Sulawesi Tengah,Senior High School,Not Working,LinkAja,Reksadana,Tidak Ada,11819032.0,5,7.4,2000000.0,2000000.0,500001.0,18,177868,0.64,665.0,1.54,77106,598.93,3156.1,120750,43.1
U0261,Female,Sulawesi Tengah,Bachelor (S1)/Diploma IV,Student,OVO,Reksadana,Tidak Ada,0.0,1,4.9,2000000.0,2000000.0,3000000.0,23,177868,0.64,665.0,1.54,77106,598.93,3156.1,120750,43.1
U0262,Female,Kalimantan Timur,Diploma I/II/III,Private Employee,Kredivo,Reksadana,Usaha,14344072.0,5,5.9,2000001.0,4000001.0,500001.0,15,453429,6.55,1311.0,1.94,266429,1309.86,4267.6,212175,77.7
U0263,Male,Jawa Tengah,Bachelor (S1)/Diploma IV,Civil Servant/BUMN,ShopeePay,Saham,Konsumsi,800767.0,4,11.5,6000001.0,10000001.0,500001.0,22,2637739,29.46,59501.0,2.77,1553694,6962.05,38233.9,47972,60.8
U0264,Female,Sulawesi Tenggara,Senior High School,Student,Kredivo,Reksadana,Konsumsi,13139602.0,4,20.0,6000001.0,10000001.0,500000.0,20,140184,0.27,529.0,1.44,69118,701.29,2836.7,67840,48.3
U0265,Female,Kepulauan Bangka Belitung,Diploma I/II/III,Entrepreneur,Dana,Reksadana,Konsumsi,14864430.0,3,4.6,15000000.0,15000000.0,1000001.0,28,103253,0.91,1080.0,1.6,54643,337.75,1550.8,70194,67.4
U0266,Female,Kalimantan Barat,Diploma I/II/III,Student,LinkAja,No Investment,Tidak Ada,0.0,2,9.2,4000001.0,4000001.0,500000.0,27,277057,4.73,4654.0,1.54,151011,855.65,5766.0,52703,47.9
U0267,Female,Nusa Tenggara Timur,Senior High School,Civil Servant/BUMN,LinkAja,No Investment,Konsumsi,10036164.0,2,8.6,6000001.0,10000001.0,500000.0,21,226040,0.72,8249.0,1.41,74766,753.13,5742.6,24272,34.6
U0268,Female,Jawa Barat,Diploma I/II/III,Private Employee,GoPay,Emas,Tidak Ada,0.0,1,6.7,6000001.0,10000001.0,500001.0,19,6818787,251.24,143127.0,3.41,4705372,20751.93,50759.0,56080,89.3
U0269,Male,Jawa Timur,Senior High School,Private Employee,OVO,No Investment,Konsumsi,1017926.0,5,5.2,2000001.0,4000001.0,500000.0,18,3048079,132.94,44643.0,3.29,1895275,10417.68,42089.3,75770,66.7
U0270,Male,Maluku,Senior High School,Private Employee,ShopeePay,Reksadana,Konsumsi,7307173.0,1,4.9,6000001.0,10000001.0,500001.0,23,64468,0.2,117.0,0.84,32951,231.36,1970.6,32198,42.1
U0271,Female,DI Yogyakarta,Junior High School,Student,LinkAja,Reksadana,Tidak Ada,0.0,3,7.6,2000000.0,2000000.0,500000.0,16,394247,7.26,8228.0,3.31,240062,1207.31,3781.5,51473,84.1
U0272,Female,DKI Jakarta,Senior High School,Student,GoPay,Emas,Tidak Ada,0.0,3,4.9,2000000.0,2000000.0,500001.0,14,2708907,20964.0,9272715.0,3.56,2324200,12838.89,10678.0,344350,100.0
U0273,Female,Sulawesi Tengah,Senior High School,Private Employee,Kredivo,Saham,Konsumsi,9810202.0,2,9.7,6000001.0,10000001.0,500000.0,15,177868,0.64,665.0,1.54,77106,598.93,3156.1,120750,43.1
U0274,Female,Sulawesi Selatan,Diploma I/II/III,Private Employee,Dana,No Investment,Tidak Ada,0.0,3,10.5,2000001.0,4000001.0,500000.0,28,609232,6.63,7617.0,1.67,354031,2038.05,9563.1,73573,59.6
U0275,Female,DKI Jakarta,Postgraduate,Entrepreneur,LinkAja,Reksadana,Usaha,8147442.0,5,6.9,4000001.0,4000001.0,500000.0,19,2708907,20964.0,9272715.0,3.56,2324200,12838.89,10678.0,344350,100.0
U0276,Male,Papua Barat Daya,Diploma I/II/III,Entrepreneur,ShopeePay,Reksadana,Tidak Ada,0.0,4,9.8,15000000.0,15000000.0,3000000.0,26,11793,1.7,1.0,0.88,5691,24.05,1484.9,59064,58.4
U0277,Female,Papua,Diploma I/II/III,Entrepreneur,Akulaku,Emas,Tidak Ada,0.0,3,6.0,2000001.0,4000001.0,1000001.0,23,75024,0.52,343.0,1.17,39157,221.27,636.4,59064,41.5
U0278,Female,Nusa Tenggara Timur,Senior High School,Civil Servant/BUMN,Kredivo,No Investment,Tidak Ada,0.0,1,5.2,6000001.0,10000001.0,500000.0,13,226040,0.72,8249.0,1.41,74766,753.13,5742.6,24272,34.6
U0279,Female,Sumatera Selatan,Diploma I/II/III,Student,Kredivo,Saham,Tidak Ada,0.0,5,9.8,4000001.0,4000001.0,1000001.0,25,577990,8.6,4120.0,2.66,334613,1728.24,8928.5,75132,40.1
U0280,Female,Papua Barat Daya,Junior High School,Entrepreneur,GoPay,Emas,Konsumsi,15341144.0,3,10.9,10000001.0,6000001.0,500001.0,19,11793,1.7,1.0,0.88,5691,24.05,1484.9,59064,58.4
U0281,Female,Sulawesi Tenggara,Senior High School,Civil Servant/BUMN,OVO,Reksadana,Tidak Ada,0.0,3,11.9,6000001.0,10000001.0,3000000.0,17,140184,0.27,529.0,1.44,69118,701.29,2836.7,67840,48.3
U0282,Male,Aceh,Senior High School,Student,LinkAja,Saham,Usaha,10316702.0,5,7.8,2000000.0,2000000.0,500001.0,16,102897,1.63,615.0,0.82,70593,196.9,5626.0,43782,43.2
U0283,Male,Papua Tengah,Senior High School,Not Working,Kredivo,Emas,Konsumsi,15974878.0,3,9.2,2000000.0,2000000.0,500001.0,18,10736,1.7,2214.0,0.99,8184,27.6,1073.6,118774,58.4
U0284,Male,Lampung,Elementary School,Not Working,Dana,Reksadana,Konsumsi,4129331.0,4,7.8,2000001.0,4000001.0,500000.0,28,530899,5.15,4033.0,2.81,284856,1455.8,9522.9,51370,42.4
U0285,Female,Bengkulu,Junior High School,Civil Servant/BUMN,LinkAja,Reksadana,Konsumsi,4216714.0,2,10.5,6000001.0,10000001.0,500001.0,22,138784,0.36,358.0,1.75,68108,478.3,2138.0,49233,35.6
U0286,Male,DKI Jakarta,Senior High School,Student,LinkAja,Saham,Tidak Ada,0.0,5,8.1,2000000.0,2000000.0,3000000.0,19,2708907,20964.0,9272715.0,3.56,2324200,12838.89,10678.0,344350,100.0
U0287,Male,Riau,Postgraduate,Student,LinkAja,Reksadana,Gaya,11249014.0,1,9.0,2000000.0,2000000.0,500001.0,26,542854,4.45,4273.0,1.66,282437,1565.78,2213.5,165350,41.8
U0288,Female,Sulawesi Utara,Senior High School,Entrepreneur,GoPay,Reksadana,Gaya,8741730.0,3,4.2,2000000.0,2000000.0,500000.0,21,269034,0.78,1493.0,1.35,152307,976.3,2721.4,69352,68.7
U0289,Male,Jawa Barat,Senior High School,Not Working,Dana,Reksadana,Konsumsi,17752413.0,2,6.4,4000001.0,4000001.0,500000.0,28,6818787,251.24,143127.0,3.41,4705372,20751.93,50759.0,56080,89.3
U0290,Female,Sulawesi Tengah,Senior High School,Student,Dana,Saham,Tidak Ada,18457250.0,1,9.0,2000000.0,2000000.0,1000001.0,27,177868,0.64,665.0,1.54,77106,598.93,3156.1,120750,43.1
U0291,Male,Papua Barat Daya,Diploma I/II/III,Student,Akulaku,No Investment,Tidak Ada,0.0,1,8.8,2000001.0,4000001.0,500001.0,21,11793,1.7,1.0,0.88,5691,24.05,1484.9,59064,58.4
U0292,Male,Jawa Barat,Senior High School,Not Working,Kredivo,Reksadana,Pendidikan,6718897.0,4,9.2,2000000.0,2000000.0,500001.0,26,6818787,251.24,143127.0,3.41,4705372,20751.93,50759.0,56080,89.3
U0293,Female,Papua Selatan,Senior High School,Student,Kredivo,No Investment,Tidak Ada,0.0,2,7.3,2000001.0,4000001.0,3000000.0,18,6267,1.7,2214.0,1.24,3118,14.24,1492.3,61583,58.4
U0294,Male,Kalimantan Utara,Senior High School,Private Employee,Kredivo,Reksadana,Tidak Ada,0.0,5,5.4,10000001.0,6000001.0,500000.0,16,39135,0.15,84.0,3.08,20761,133.66,749.4,198429,58.4
U0295,Male,Banten,Elementary School,Others,Kredivo,Saham,Tidak Ada,0.0,2,6.9,2000001.0,4000001.0,500001.0,15,1742274,601.94,83677.0,2.73,1244263,6226.21,12537.4,70276,84.9
U0296,Female,Jawa Tengah,Elementary School,Student,ShopeePay,Reksadana,Gaya,17129084.0,2,7.1,2000000.0,2000000.0,3000000.0,24,2637739,29.46,59501.0,2.77,1553694,6962.05,38233.9,47972,60.8
U0297,Female,Sulawesi Utara,Senior High School,Private Employee,GoPay,Reksadana,Tidak Ada,0.0,1,7.6,4000001.0,4000001.0,500001.0,25,269034,0.78,1493.0,1.35,152307,976.3,2721.4,69352,68.7
U0298,Male,Riau,Elementary School,Student,GoPay,Reksadana,Pendidikan,9771125.0,4,4.6,2000001.0,4000001.0,500000.0,26,542854,4.45,4273.0,1.66,282437,1565.78,2213.5,165350,41.8
U0299,Female,DKI Jakarta,Junior High School,Student,Kredivo,No Investment,Tidak Ada,0.0,4,6.3,2000000.0,2000000.0,500001.0,17,2708907,20964.0,9272715.0,3.56,2324200,12838.89,10678.0,344350,100.0
U0300,Male,Maluku Utara,Senior High School,Entrepreneur,Kredivo,Reksadana,Konsumsi,16260206.0,2,6.8,15000000.0,4000001.0,1000001.0,16,54436,0.08,74.0,0.62,27649,242.69,1373.8,70660,30.6
U0301,Male,Bengkulu,Bachelor (S1)/Diploma IV,Civil Servant/BUMN,Dana,Kripto,Pendidikan,5984180.0,2,1.4,6000001.0,10000001.0,500000.0,28,138784,0.36,358.0,1.75,68108,478.3,2138.0,49233,35.6
U0302,Female,DKI Jakarta,Senior High School,Others,ShopeePay,Reksadana,Konsumsi,4129331.0,3,9.1,6000001.0,10000001.0,3000000.0,13,2708907,20964.0,9272715.0,3.56,2324200,12838.89,10678.0,344350,100.0
U0303,Female,Sulawesi Tenggara,Senior High School,Private Employee,ShopeePay,Saham,Tidak Ada,0.0,1,7.4,6000001.0,10000001.0,1000001.0,27,140184,0.27,529.0,1.44,69118,701.29,2836.7,67840,48.3
U0304,Female,Kalimantan Timur,Senior High School,Student,Dana,Kripto,Usaha,7282303.0,5,7.7,2000000.0,2000000.0,500000.0,19,453429,6.55,1311.0,1.94,266429,1309.86,4267.6,212175,77.7
U0305,Female,Kalimantan Timur,Bachelor (S1)/Diploma IV,Student,OVO,No Investment,Konsumsi,4129331.0,5,5.7,2000000.0,2000000.0,1000001.0,16,453429,6.55,1311.0,1.94,266429,1309.86,4267.6,212175,77.7
U0306,Female,Sulawesi Tenggara,Senior High School,Student,Dana,Reksadana,Konsumsi,16156150.0,4,8.5,2000000.0,2000000.0,500001.0,14,140184,0.27,529.0,1.44,69118,701.29,2836.7,67840,48.3
U0307,Female,Sulawesi Tengah,Junior High School,Student,LinkAja,Reksadana,Tidak Ada,0.0,1,4.9,4000001.0,4000001.0,500001.0,16,177868,0.64,665.0,1.54,77106,598.93,3156.1,120750,43.1
U0308,Male,Sulawesi Utara,Diploma I/II/III,Student,LinkAja,No Investment,Tidak Ada,0.0,4,5.3,2000001.0,4000001.0,1000001.0,15,269034,0.78,1493.0,1.35,152307,976.3,2721.4,69352,68.7
U0309,Female,Gorontalo,Junior High School,Student,Akulaku,No Investment,Gaya,13141246.0,5,8.6,2000001.0,4000001.0,3000000.0,22,114275,0.35,298.0,1.4,51903,457.14,1242.2,44433,58.4
U0310,Male,Nusa Tenggara Timur,Senior High School,Civil Servant/BUMN,GoPay,Reksadana,Tidak Ada,0.0,2,7.9,4000001.0,4000001.0,500000.0,15,226040,0.72,8249.0,1.41,74766,753.13,5742.6,24272,34.6
U0311,Male,Papua Barat,Senior High School,Private Employee,LinkAja,Emas,Usaha,8174499.0,1,3.8,2000001.0,4000001.0,500001.0,27,32690,0.15,97.0,1.32,17755,89.41,587.6,131636,44.4
U0312,Male,Papua Pegunungan,Bachelor (S1)/Diploma IV,Private Employee,OVO,Saham,Pendidikan,3175059.0,1,10.9,6000001.0,10000001.0,500001.0,14,2410,1.7,2214.0,0.9,998,4.9,549.7,18105,58.4
U0313,Male,DI Yogyakarta,Senior High School,Private Employee,GoPay,No Investment,Tidak Ada,0.0,3,5.1,4000001.0,4000001.0,500001.0,18,394247,7.26,8228.0,3.31,240062,1207.31,3781.5,51473,84.1
U0314,Female,DI Yogyakarta,Diploma I/II/III,Student,Kredivo,Emas,Konsumsi,4129331.0,2,6.7,2000000.0,2000000.0,500001.0,15,394247,7.26,8228.0,3.31,240062,1207.31,3781.5,51473,84.1
U0315,Female,Papua Tengah,Postgraduate,Student,OVO,Emas,Usaha,920091.0,2,11.4,2000001.0,4000001.0,500000.0,20,10736,1.7,2214.0,0.99,8184,27.6,1073.6,118774,58.4
U0316,Female,Sulawesi Barat,Junior High School,Private Employee,Dana,Saham,Pendidikan,13762786.0,4,1.9,2000000.0,2000000.0,500001.0,17,57874,0.12,247.0,1.19,25633,230.51,1525.3,42718,23.1
U0317,Male,Sulawesi Tenggara,Senior High School,Civil Servant/BUMN,Kredivo,Saham,Tidak Ada,12187988.0,1,2.7,4000001.0,4000001.0,500001.0,19,140184,0.27,529.0,1.44,69118,701.29,2836.7,67840,48.3
U0318,Male,Bali,Senior High School,Student,Akulaku,Saham,Usaha,17536417.0,4,8.1,2000000.0,2000000.0,500000.0,16,427124,18.54,8469.0,1.13,260541,1781.63,2836.7,67319,81.2
U0319,Male,Sumatera Barat,Senior High School,Entrepreneur,LinkAja,Saham,Gaya,4567520.0,2,1.0,2000001.0,4000001.0,1000001.0,27,400529,1.77,9358.0,2.4,198642,1398.91,5914.3,57047,63.8
U0320,Male,Banten,Senior High School,Entrepreneur,GoPay,Emas,Konsumsi,2286936.0,3,1.9,15000000.0,15000000.0,1000001.0,27,1742274,601.94,83677.0,2.73,1244263,6226.21,12537.4,70276,84.9
U0321,Female,Sulawesi Barat,Bachelor (S1)/Diploma IV,Private Employee,ShopeePay,Kripto,Gaya,13394405.0,1,9.9,2000001.0,4000001.0,500001.0,23,57874,0.12,247.0,1.19,25633,230.51,1525.3,42718,23.1
U0322,Female,Gorontalo,Diploma I/II/III,Student,GoPay,Kripto,Tidak Ada,16367526.0,2,6.0,2000000.0,2000000.0,500000.0,25,114275,0.35,298.0,1.4,51903,457.14,1242.2,44433,58.4
U0323,Female,Jawa Timur,Diploma I/II/III,Entrepreneur,ShopeePay,Saham,Konsumsi,15312736.0,3,12.5,4000001.0,4000001.0,500001.0,14,3048079,132.94,44643.0,3.29,1895275,10417.68,42089.3,75770,66.7
U0324,Male,Sulawesi Utara,Senior High School,Private Employee,Kredivo,Saham,Konsumsi,11042374.0,5,4.4,6000001.0,10000001.0,500000.0,24,269034,0.78,1493.0,1.35,152307,976.3,2721.4,69352,68.7
U0325,Female,Papua Barat Daya,Bachelor (S1)/Diploma IV,Entrepreneur,Kredivo,Saham,Tidak Ada,0.0,2,6.2,6000001.0,10000001.0,500000.0,13,11793,1.7,1.0,0.88,5691,24.05,1484.9,59064,58.4
U0326,Female,Papua Barat Daya,Postgraduate,Entrepreneur,Kredivo,Emas,Usaha,703474.0,5,8.4,6000001.0,10000001.0,1000001.0,22,11793,1.7,1.0,0.88,5691,24.05,1484.9,59064,58.4
U0327,Female,Kalimantan Timur,Bachelor (S1)/Diploma IV,Entrepreneur,GoPay,Reksadana,Tidak Ada,0.0,4,8.2,2000000.0,2000000.0,500000.0,25,453429,6.55,1311.0,1.94,266429,1309.86,4267.6,212175,77.7
U0328,Female,Sulawesi Utara,Elementary School,Private Employee,Akulaku,Kripto,Tidak Ada,0.0,5,6.4,2000000.0,2000000.0,500000.0,15,269034,0.78,1493.0,1.35,152307,976.3,2721.4,69352,68.7
U0329,Male,Bengkulu,Diploma I/II/III,Student,ShopeePay,Reksadana,Tidak Ada,0.0,2,5.4,2000000.0,2000000.0,500000.0,17,138784,0.36,358.0,1.75,68108,478.3,2138.0,49233,35.6
U0330,Male,Kalimantan Selatan,Junior High School,Private Employee,OVO,Reksadana,Usaha,7581580.0,5,7.6,6000001.0,10000001.0,500000.0,19,336953,2.29,2214.0,2.0,190913,958.78,4323.3,67117,59.8
U0331,Male,Bali,Senior High School,Private Employee,ShopeePay,Kripto,Tidak Ada,17403961.0,1,10.4,10000001.0,6000001.0,500000.0,18,427124,18.54,8469.0,1.13,260541,1781.63,2836.7,67319,81.2
U0332,Female,Nusa Tenggara Barat,Junior High School,Private Employee,ShopeePay,Reksadana,Pendidikan,8029131.0,2,8.9,2000001.0,4000001.0,3000000.0,16,237629,1.14,6378.0,4.36,100966,827.06,5731.1,32282,62.7
U0333,Male,Kepulauan Riau,Diploma I/II/III,Student,GoPay,Emas,Tidak Ada,0.0,3,5.4,2000000.0,2000000.0,500000.0,24,309076,7.83,9212.0,1.8,180411,993.02,10678.0,161424,85.3
U0334,Male,Kepulauan Riau,Diploma I/II/III,Student,LinkAja,Emas,Usaha,8646837.0,5,4.5,4000001.0,4000001.0,500000.0,13,309076,7.83,9212.0,1.8,180411,993.02,10678.0,161424,85.3
U0335,Male,Bengkulu,Junior High School,Not Working,GoPay,Emas,Tidak Ada,0.0,1,5.3,2000000.0,2000000.0,500000.0,13,138784,0.36,358.0,1.75,68108,478.3,2138.0,49233,35.6
U0336,Male,Papua Barat Daya,Senior High School,Private Employee,GoPay,Kripto,Tidak Ada,0.0,4,3.8,6000001.0,10000001.0,3000000.0,17,11793,1.7,1.0,0.88,5691,24.05,1484.9,59064,58.4
U0337,Female,Sulawesi Selatan,Senior High School,Not Working,Dana,No Investment,Konsumsi,4129331.0,4,7.4,2000000.0,2000000.0,500001.0,24,609232,6.63,7617.0,1.67,354031,2038.05,9563.1,73573,59.6
U0338,Female,Papua Barat,Senior High School,Entrepreneur,Dana,Emas,Konsumsi,7820973.0,5,9.0,2000001.0,15000000.0,500001.0,17,32690,0.15,97.0,1.32,17755,89.41,587.6,131636,44.4
U0339,Male,Aceh,Junior High School,Private Employee,LinkAja,No Investment,Tidak Ada,0.0,4,6.8,6000001.0,10000001.0,1000001.0,27,102897,1.63,615.0,0.82,70593,196.9,5626.0,43782,43.2
U0340,Male,Papua,Senior High School,Private Employee,OVO,Kripto,Pendidikan,10262259.0,3,11.3,10000001.0,6000001.0,500001.0,28,75024,0.52,343.0,1.17,39157,221.27,636.4,59064,41.5
U0341,Male,Riau,Bachelor (S1)/Diploma IV,Not Working,OVO,No Investment,Tidak Ada,8567034.0,2,11.4,2000000.0,2000000.0,500001.0,23,542854,4.45,4273.0,1.66,282437,1565.78,2213.5,165350,41.8
U0342,Male,Bali,Junior High School,Private Employee,Akulaku,Emas,Tidak Ada,0.0,1,7.8,4000001.0,4000001.0,500000.0,20,427124,18.54,8469.0,1.13,260541,1781.63,2836.7,67319,81.2
U0343,Male,Riau,Junior High School,Private Employee,Akulaku,Emas,Tidak Ada,18178010.0,5,8.8,10000001.0,6000001.0,500001.0,14,542854,4.45,4273.0,1.66,282437,1565.78,2213.5,165350,41.8
U0344,Male,Sulawesi Tengah,Senior High School,Student,ShopeePay,Kripto,Tidak Ada,0.0,4,4.7,2000000.0,2000000.0,500001.0,16,177868,0.64,665.0,1.54,77106,598.93,3156.1,120750,43.1
U0345,Male,Riau,Bachelor (S1)/Diploma IV,Civil Servant/BUMN,LinkAja,Emas,Tidak Ada,0.0,2,6.1,4000001.0,4000001.0,500001.0,16,542854,4.45,4273.0,1.66,282437,1565.78,2213.5,165350,41.8
U0346,Female,Aceh,Diploma I/II/III,Private Employee,ShopeePay,No Investment,Tidak Ada,0.0,3,10.2,6000001.0,10000001.0,500000.0,20,102897,1.63,615.0,0.82,70593,196.9,5626.0,43782,43.2
U0347,Female,Bengkulu,Diploma I/II/III,Student,GoPay,Reksadana,Konsumsi,19209673.0,4,5.6,2000001.0,4000001.0,500001.0,22,138784,0.36,358.0,1.75,68108,478.3,2138.0,49233,35.6
U0348,Male,Sulawesi Barat,Senior High School,Student,Dana,Reksadana,Konsumsi,1907539.0,4,10.7,4000001.0,4000001.0,500000.0,21,57874,0.12,247.0,1.19,25633,230.51,1525.3,42718,23.1
U0349,Male,Kepulauan Bangka Belitung,Senior High School,Student,GoPay,No Investment,Gaya,6568735.0,1,9.8,2000001.0,2000000.0,500000.0,13,103253,0.91,1080.0,1.6,54643,337.75,1550.8,70194,67.4
U0350,Female,Papua Tengah,Elementary School,Student,LinkAja,No Investment,Tidak Ada,10985566.0,3,8.9,2000001.0,4000001.0,500001.0,28,10736,1.7,2214.0,0.99,8184,27.6,1073.6,118774,58.4
U0351,Male,Lampung,Diploma I/II/III,Student,Akulaku,Reksadana,Pendidikan,6755735.0,3,4.1,2000001.0,4000001.0,3000000.0,14,530899,5.15,4033.0,2.81,284856,1455.8,9522.9,51370,42.4
U0352,Female,Kalimantan Utara,Bachelor (S1)/Diploma IV,Civil Servant/BUMN,LinkAja,Reksadana,Pendidikan,5598145.0,5,6.2,2000001.0,4000001.0,500001.0,18,39135,0.15,84.0,3.08,20761,133.66,749.4,198429,58.4
U0353,Female,Nusa Tenggara Timur,Diploma I/II/III,Not Working,LinkAja,No Investment,Konsumsi,1377350.0,1,8.6,2000000.0,2000000.0,500001.0,20,226040,0.72,8249.0,1.41,74766,753.13,5742.6,24272,34.6
U0354,Male,Papua Pegunungan,Bachelor (S1)/Diploma IV,Private Employee,Kredivo,Kripto,Konsumsi,9479496.0,5,4.5,2000001.0,4000001.0,500000.0,16,2410,1.7,2214.0,0.9,998,4.9,549.7,18105,58.4
U0355,Male,Sulawesi Selatan,Diploma I/II/III,Student,ShopeePay,Reksadana,Tidak Ada,0.0,1,6.5,2000000.0,2000000.0,500000.0,19,609232,6.63,7617.0,1.67,354031,2038.05,9563.1,73573,59.6
U0356,Female,Maluku Utara,Junior High School,Student,ShopeePay,Reksadana,Konsumsi,5721227.0,3,8.9,6000001.0,10000001.0,500000.0,14,54436,0.08,74.0,0.62,27649,242.69,1373.8,70660,30.6
U0357,Male,DI Yogyakarta,Bachelor (S1)/Diploma IV,Private Employee,Dana,Emas,Konsumsi,15975008.0,1,5.6,6000001.0,10000001.0,500001.0,14,394247,7.26,8228.0,3.31,240062,1207.31,3781.5,51473,84.1
U0358,Female,Nusa Tenggara Barat,Junior High School,Student,Kredivo,Reksadana,Tidak Ada,0.0,1,4.9,2000001.0,4000001.0,500000.0,20,237629,1.14,6378.0,4.36,100966,827.06,5731.1,32282,62.7
U0359,Female,Sulawesi Tenggara,Senior High School,Entrepreneur,LinkAja,No Investment,Tidak Ada,0.0,1,2.5,15000000.0,15000000.0,500000.0,23,140184,0.27,529.0,1.44,69118,701.29,2836.7,67840,48.3
U0360,Female,Gorontalo,Junior High School,Private Employee,ShopeePay,No Investment,Pendidikan,813678.0,2,6.0,4000001.0,4000001.0,1000001.0,18,114275,0.35,298.0,1.4,51903,457.14,1242.2,44433,58.4
U0361,Male,Banten,Elementary School,Entrepreneur,Kredivo,Kripto,Konsumsi,19066303.0,2,8.9,10000001.0,6000001.0,500000.0,14,1742274,601.94,83677.0,2.73,1244263,6226.21,12537.4,70276,84.9
U0362,Female,Papua Tengah,Senior High School,Student,Kredivo,Reksadana,Gaya,12421671.0,3,4.8,2000000.0,2000000.0,500001.0,24,10736,1.7,2214.0,0.99,8184,27.6,1073.6,118774,58.4
U0363,Male,Maluku,Senior High School,Private Employee,ShopeePay,Kripto,Tidak Ada,0.0,1,7.0,10000001.0,6000001.0,500001.0,17,64468,0.2,117.0,0.84,32951,231.36,1970.6,32198,42.1
U0364,Female,Riau,Senior High School,Student,GoPay,Saham,Tidak Ada,0.0,3,6.4,2000000.0,2000000.0,500001.0,17,542854,4.45,4273.0,1.66,282437,1565.78,2213.5,165350,41.8
U0365,Female,Papua Selatan,Senior High School,Not Working,LinkAja,Reksadana,Tidak Ada,0.0,2,5.3,4000001.0,4000001.0,500001.0,16,6267,1.7,2214.0,1.24,3118,14.24,1492.3,61583,58.4
U0366,Male,Bali,Elementary School,Private Employee,Kredivo,No Investment,Pendidikan,4129331.0,1,9.1,2000001.0,4000001.0,500001.0,26,427124,18.54,8469.0,1.13,260541,1781.63,2836.7,67319,81.2
U0367,Female,Sulawesi Tengah,Junior High School,Student,Kredivo,Emas,Gaya,2942716.0,5,11.1,2000000.0,2000000.0,500000.0,16,177868,0.64,665.0,1.54,77106,598.93,3156.1,120750,43.1
U0368,Female,Riau,Senior High School,Student,OVO,Kripto,Konsumsi,1727103.0,2,9.5,2000001.0,4000001.0,1000001.0,14,542854,4.45,4273.0,1.66,282437,1565.78,2213.5,165350,41.8
U0369,Male,Sulawesi Barat,Senior High School,Student,Kredivo,Kripto,Tidak Ada,0.0,2,5.3,2000000.0,2000000.0,1000001.0,25,57874,0.12,247.0,1.19,25633,230.51,1525.3,42718,23.1
U0370,Male,Sulawesi Barat,Diploma I/II/III,Private Employee,LinkAja,Reksadana,Tidak Ada,0.0,2,12.0,6000001.0,10000001.0,500000.0,23,57874,0.12,247.0,1.19,25633,230.51,1525.3,42718,23.1
U0371,Male,Kalimantan Selatan,Diploma I/II/III,Student,ShopeePay,Reksadana,Tidak Ada,0.0,1,9.5,2000000.0,2000000.0,500000.0,13,336953,2.29,2214.0,2.0,190913,958.78,4323.3,67117,59.8
U0372,Male,DKI Jakarta,Bachelor (S1)/Diploma IV,Private Employee,LinkAja,Saham,Pendidikan,16943262.0,4,5.9,6000001.0,10000001.0,1000001.0,25,2708907,20964.0,9272715.0,3.56,2324200,12838.89,10678.0,344350,100.0
U0373,Male,Sumatera Utara,Diploma I/II/III,Student,LinkAja,Emas,Konsumsi,7926041.0,5,5.1,2000000.0,2000000.0,500001.0,14,1036941,26.54,26205.0,1.55,650944,3078.85,15785.8,73575,68.1
U0374,Female,Jawa Barat,Senior High School,Private Employee,LinkAja,No Investment,Gaya,11724905.0,5,9.8,2000001.0,4000001.0,500001.0,19,6818787,251.24,143127.0,3.41,4705372,20751.93,50759.0,56080,89.3
U0375,Male,Sulawesi Barat,Diploma I/II/III,Entrepreneur,Kredivo,Reksadana,Tidak Ada,0.0,3,7.4,4000001.0,4000001.0,500001.0,23,57874,0.12,247.0,1.19,25633,230.51,1525.3,42718,23.1
U0376,Male,Papua Pegunungan,Senior High School,Entrepreneur,ShopeePay,Emas,Tidak Ada,0.0,1,4.9,6000001.0,10000001.0,500000.0,14,2410,1.7,2214.0,0.9,998,4.9,549.7,18105,58.4
U0377,Female,Nusa Tenggara Barat,Senior High School,Entrepreneur,Akulaku,Saham,Konsumsi,17811101.0,2,6.6,4000001.0,4000001.0,500001.0,20,237629,1.14,6378.0,4.36,100966,827.06,5731.1,32282,62.7
U0378,Male,Sulawesi Tengah,Bachelor (S1)/Diploma IV,Student,GoPay,Emas,Pendidikan,2291456.0,4,6.0,2000000.0,2000000.0,500001.0,19,177868,0.64,665.0,1.54,77106,598.93,3156.1,120750,43.1
U0379,Female,Bengkulu,Senior High School,Student,ShopeePay,Reksadana,Gaya,11499719.0,1,4.9,2000000.0,2000000.0,500000.0,21,138784,0.36,358.0,1.75,68108,478.3,2138.0,49233,35.6
U0380,Male,Aceh,Bachelor (S1)/Diploma IV,Private Employee,ShopeePay,Kripto,Pendidikan,13295908.0,1,9.5,2000001.0,4000001.0,500001.0,18,102897,1.63,615.0,0.82,70593,196.9,5626.0,43782,43.2
U0381,Male,Sulawesi Tengah,Bachelor (S1)/Diploma IV,Student,ShopeePay,No Investment,Tidak Ada,0.0,4,9.0,2000001.0,2000000.0,1000001.0,25,177868,0.64,665.0,1.54,77106,598.93,3156.1,120750,43.1
U0382,Female,Kalimantan Timur,Bachelor (S1)/Diploma IV,Civil Servant/BUMN,OVO,Reksadana,Usaha,7367526.0,2,9.1,10000001.0,6000001.0,500001.0,21,453429,6.55,1311.0,1.94,266429,1309.86,4267.6,212175,77.7
U0383,Female,Sulawesi Tengah,Bachelor (S1)/Diploma IV,Student,GoPay,Emas,Tidak Ada,0.0,1,9.1,2000000.0,2000000.0,500000.0,13,177868,0.64,665.0,1.54,77106,598.93,3156.1,120750,43.1
U0384,Female,Sumatera Selatan,Senior High School,Student,Kredivo,Saham,Gaya,13548272.0,5,4.7,2000000.0,2000000.0,500001.0,23,577990,8.6,4120.0,2.66,334613,1728.24,8928.5,75132,40.1
U0385,Female,Sumatera Selatan,Senior High School,Student,OVO,Kripto,Tidak Ada,0.0,5,5.5,2000001.0,4000001.0,1000001.0,17,577990,8.6,4120.0,2.66,334613,1728.24,8928.5,75132,40.1
U0386,Female,Lampung,Senior High School,Not Working,ShopeePay,Kripto,Pendidikan,8550405.0,4,10.6,2000000.0,2000000.0,1000001.0,22,530899,5.15,4033.0,2.81,284856,1455.8,9522.9,51370,42.4
U0387,Male,Kalimantan Utara,Senior High School,Student,ShopeePay,Reksadana,Tidak Ada,0.0,2,7.3,2000001.0,4000001.0,500001.0,15,39135,0.15,84.0,3.08,20761,133.66,749.4,198429,58.4
U0388,Male,Kalimantan Selatan,Diploma I/II/III,Private Employee,Akulaku,Reksadana,Pendidikan,8737180.0,4,3.3,4000001.0,4000001.0,500000.0,26,336953,2.29,2214.0,2.0,190913,958.78,4323.3,67117,59.8
U0389,Female,Nusa Tenggara Timur,Diploma I/II/III,Student,Akulaku,No Investment,Gaya,3098677.0,1,7.5,2000000.0,2000000.0,1000001.0,13,226040,0.72,8249.0,1.41,74766,753.13,5742.6,24272,34.6
U0390,Female,Papua Selatan,Diploma I/II/III,Private Employee,LinkAja,Reksadana,Tidak Ada,7695918.0,5,8.6,2000001.0,2000000.0,500001.0,20,6267,1.7,2214.0,1.24,3118,14.24,1492.3,61583,58.4
U0391,Female,Nusa Tenggara Barat,Senior High School,Student,ShopeePay,Reksadana,Usaha,9747076.0,3,8.3,2000001.0,4000001.0,500000.0,24,237629,1.14,6378.0,4.36,100966,827.06,5731.1,32282,62.7
U0392,Male,Maluku,Senior High School,Not Working,OVO,Emas,Pendidikan,12331822.0,4,4.7,2000000.0,2000000.0,500001.0,27,64468,0.2,117.0,0.84,32951,231.36,1970.6,32198,42.1
U0393,Male,Papua Selatan,Senior High School,Not Working,ShopeePay,Reksadana,Pendidikan,11924241.0,3,11.7,2000000.0,2000000.0,500001.0,25,6267,1.7,2214.0,1.24,3118,14.24,1492.3,61583,58.4
U0394,Female,Sulawesi Barat,Junior High School,Student,Akulaku,No Investment,Tidak Ada,0.0,3,3.2,2000000.0,2000000.0,500001.0,19,57874,0.12,247.0,1.19,25633,230.51,1525.3,42718,23.1
U0395,Male,Papua Barat,Bachelor (S1)/Diploma IV,Not Working,Kredivo,Reksadana,Konsumsi,10171832.0,5,7.3,6000001.0,10000001.0,500000.0,22,32690,0.15,97.0,1.32,17755,89.41,587.6,131636,44.4
U0396,Female,Kepulauan Riau,Senior High School,Others,LinkAja,Reksadana,Tidak Ada,0.0,4,20.0,2000001.0,4000001.0,500001.0,15,309076,7.83,9212.0,1.8,180411,993.02,10678.0,161424,85.3
U0397,Female,Papua Selatan,Senior High School,Entrepreneur,OVO,Saham,Tidak Ada,0.0,3,8.5,6000001.0,10000001.0,3000000.0,20,6267,1.7,2214.0,1.24,3118,14.24,1492.3,61583,58.4
U0398,Male,Jawa Barat,Elementary School,Entrepreneur,LinkAja,Saham,Konsumsi,16548180.0,1,18.5,15000000.0,15000000.0,1000001.0,23,6818787,251.24,143127.0,3.41,4705372,20751.93,50759.0,56080,89.3
U0399,Female,Sulawesi Barat,Diploma I/II/III,Student,Akulaku,Kripto,Tidak Ada,0.0,2,4.4,2000001.0,4000001.0,3000000.0,17,57874,0.12,247.0,1.19,25633,230.51,1525.3,42718,23.1
U0400,Female,Sulawesi Selatan,Diploma I/II/III,Private Employee,Dana,Reksadana,Pendidikan,17384214.0,2,7.9,4000001.0,4000001.0,3000000.0,16,609232,6.63,7617.0,1.67,354031,2038.05,9563.1,73573,59.6
U0401,Male,Kepulauan Bangka Belitung,Senior High School,Student,GoPay,Saham,Konsumsi,6841477.0,5,6.9,2000001.0,4000001.0,500000.0,25,103253,0.91,1080.0,1.6,54643,337.75,1550.8,70194,67.4
U0402,Female,Kalimantan Tengah,Junior High School,Student,ShopeePay,Saham,Usaha,5214714.0,4,20.0,4000001.0,4000001.0,500001.0,25,162309,0.45,506.0,1.49,90470,488.58,2845.0,79320,52.9
U0403,Male,Jawa Barat,Senior High School,Others,LinkAja,Emas,Tidak Ada,0.0,4,9.2,2000001.0,4000001.0,500001.0,28,6818787,251.24,143127.0,3.41,4705372,20751.93,50759.0,56080,89.3
U0404,Female,Gorontalo,Senior High School,Student,ShopeePay,Saham,Tidak Ada,9269311.0,2,5.0,2000000.0,2000000.0,1000001.0,16,114275,0.35,298.0,1.4,51903,457.14,1242.2,44433,58.4
U0405,Male,Papua Barat,Diploma I/II/III,Private Employee,Akulaku,Saham,Gaya,5118322.0,1,5.2,4000001.0,4000001.0,500000.0,17,32690,0.15,97.0,1.32,17755,89.41,587.6,131636,44.4
U0406,Female,Jawa Timur,Diploma I/II/III,Entrepreneur,Kredivo,Saham,Gaya,11718881.0,2,8.1,15000000.0,15000000.0,3000000.0,20,3048079,132.94,44643.0,3.29,1895275,10417.68,42089.3,75770,66.7
U0407,Male,Sumatera Utara,Senior High School,Not Working,LinkAja,Emas,Tidak Ada,0.0,2,6.6,2000000.0,2000000.0,500001.0,14,1036941,26.54,26205.0,1.55,650944,3078.85,15785.8,73575,68.1
U0408,Male,Nusa Tenggara Barat,Senior High School,Others,Akulaku,No Investment,Konsumsi,14897197.0,4,7.4,2000000.0,2000000.0,1000001.0,15,237629,1.14,6378.0,4.36,100966,827.06,5731.1,32282,62.7
U0409,Female,Sumatera Barat,Postgraduate,Student,Dana,Reksadana,Tidak Ada,0.0,3,6.5,4000001.0,4000001.0,500000.0,18,400529,1.77,9358.0,2.4,198642,1398.91,5914.3,57047,63.8
U0410,Male,Bengkulu,Senior High School,Student,OVO,No Investment,Tidak Ada,0.0,1,10.5,2000000.0,2000000.0,500000.0,14,138784,0.36,358.0,1.75,68108,478.3,2138.0,49233,35.6
U0411,Male,Nusa Tenggara Barat,Diploma I/II/III,Civil Servant/BUMN,LinkAja,Reksadana,Tidak Ada,0.0,4,4.7,2000001.0,4000001.0,1000001.0,24,237629,1.14,6378.0,4.36,100966,827.06,5731.1,32282,62.7
U0412,Female,Papua Barat Daya,Junior High School,Student,Kredivo,Reksadana,Tidak Ada,0.0,2,5.8,2000000.0,2000000.0,500000.0,26,11793,1.7,1.0,0.88,5691,24.05,1484.9,59064,58.4
U0413,Female,Papua Selatan,Senior High School,Student,Akulaku,Emas,Tidak Ada,0.0,3,8.2,2000000.0,2000000.0,1000001.0,23,6267,1.7,2214.0,1.24,3118,14.24,1492.3,61583,58.4
U0414,Female,Papua Barat,Elementary School,Student,Dana,Kripto,Konsumsi,8968899.0,1,4.5,4000001.0,4000001.0,500000.0,27,32690,0.15,97.0,1.32,17755,89.41,587.6,131636,44.4
U0415,Female,Maluku,Senior High School,Entrepreneur,GoPay,Saham,Usaha,4522610.0,5,4.4,4000001.0,4000001.0,500001.0,19,64468,0.2,117.0,0.84,32951,231.36,1970.6,32198,42.1
U0416,Male,DKI Jakarta,Postgraduate,Private Employee,Kredivo,Saham,Pendidikan,2239528.0,1,7.3,6000001.0,10000001.0,500001.0,13,2708907,20964.0,9272715.0,3.56,2324200,12838.89,10678.0,344350,100.0
U0417,Male,Riau,Senior High School,Student,LinkAja,Kripto,Pendidikan,5274598.0,1,9.2,2000000.0,2000000.0,500001.0,28,542854,4.45,4273.0,1.66,282437,1565.78,2213.5,165350,41.8
U0418,Male,Nusa Tenggara Barat,Elementary School,Private Employee,Dana,Saham,Usaha,17498379.0,2,9.5,2000001.0,4000001.0,500001.0,26,237629,1.14,6378.0,4.36,100966,827.06,5731.1,32282,62.7
U0419,Female,Riau,Elementary School,Student,ShopeePay,Saham,Pendidikan,6586540.0,2,7.2,6000001.0,10000001.0,500001.0,20,542854,4.45,4273.0,1.66,282437,1565.78,2213.5,165350,41.8
U0420,Female,Papua,Senior High School,Student,ShopeePay,Reksadana,Usaha,19174894.0,5,5.3,2000000.0,2000000.0,500000.0,13,75024,0.52,343.0,1.17,39157,221.27,636.4,59064,41.5
U0421,Female,Gorontalo,Senior High School,Entrepreneur,Kredivo,Reksadana,Tidak Ada,0.0,5,7.7,4000001.0,4000001.0,500000.0,22,114275,0.35,298.0,1.4,51903,457.14,1242.2,44433,58.4
U0422,Female,Kalimantan Utara,Elementary School,Private Employee,LinkAja,Saham,Konsumsi,4150824.0,5,8.4,4000001.0,4000001.0,500001.0,19,39135,0.15,84.0,3.08,20761,133.66,749.4,198429,58.4
U0423,Male,Kalimantan Selatan,Bachelor (S1)/Diploma IV,Entrepreneur,LinkAja,Emas,Tidak Ada,0.0,4,7.7,15000000.0,15000000.0,500001.0,28,336953,2.29,2214.0,2.0,190913,958.78,4323.3,67117,59.8
U0424,Male,Sumatera Utara,Senior High School,Student,OVO,Saham,Usaha,11124757.0,4,10.1,2000000.0,2000000.0,1000001.0,25,1036941,26.54,26205.0,1.55,650944,3078.85,15785.8,73575,68.1
U0425,Male,Sumatera Selatan,Senior High School,Entrepreneur,ShopeePay,Saham,Tidak Ada,0.0,2,4.5,4000001.0,4000001.0,500001.0,13,577990,8.6,4120.0,2.66,334613,1728.24,8928.5,75132,40.1
U0426,Female,Sulawesi Utara,Bachelor (S1)/Diploma IV,Private Employee,GoPay,Reksadana,Tidak Ada,0.0,2,5.3,2000001.0,4000001.0,500001.0,13,269034,0.78,1493.0,1.35,152307,976.3,2721.4,69352,68.7
U0427,Male,Kalimantan Tengah,Junior High School,Private Employee,Dana,Kripto,Pendidikan,6532419.0,5,9.7,2000001.0,4000001.0,500001.0,28,162309,0.45,506.0,1.49,90470,488.58,2845.0,79320,52.9
U0428,Female,Banten,Postgraduate,Private Employee,OVO,Kripto,Usaha,6877844.0,4,3.3,6000001.0,10000001.0,500000.0,13,1742274,601.94,83677.0,2.73,1244263,6226.21,12537.4,70276,84.9
U0429,Male,Maluku,Senior High School,Not Working,LinkAja,Reksadana,Usaha,16870946.0,3,5.7,2000000.0,2000000.0,500001.0,17,64468,0.2,117.0,0.84,32951,231.36,1970.6,32198,42.1
U0430,Male,DI Yogyakarta,Bachelor (S1)/Diploma IV,Private Employee,LinkAja,No Investment,Pendidikan,16302898.0,4,5.2,2000001.0,4000001.0,3000000.0,14,394247,7.26,8228.0,3.31,240062,1207.31,3781.5,51473,84.1
U0431,Male,Sulawesi Tenggara,Diploma I/II/III,Private Employee,LinkAja,No Investment,Tidak Ada,0.0,2,3.1,2000001.0,4000001.0,1000001.0,20,140184,0.27,529.0,1.44,69118,701.29,2836.7,67840,48.3
U0432,Female,Maluku Utara,Bachelor (S1)/Diploma IV,Others,GoPay,No Investment,Tidak Ada,0.0,4,6.5,2000001.0,4000001.0,500001.0,19,54436,0.08,74.0,0.62,27649,242.69,1373.8,70660,30.6
U0433,Female,Sulawesi Tenggara,Postgraduate,Entrepreneur,Akulaku,Emas,Konsumsi,14782774.0,2,8.9,2000001.0,15000000.0,500001.0,19,140184,0.27,529.0,1.44,69118,701.29,2836.7,67840,48.3
U0434,Male,Kepulauan Bangka Belitung,Senior High School,Civil Servant/BUMN,GoPay,Emas,Konsumsi,5341712.0,5,7.4,4000001.0,4000001.0,1000001.0,17,103253,0.91,1080.0,1.6,54643,337.75,1550.8,70194,67.4
U0435,Male,Kalimantan Selatan,Postgraduate,Private Employee,ShopeePay,Reksadana,Usaha,4129331.0,5,9.0,15000000.0,15000000.0,500001.0,25,336953,2.29,2214.0,2.0,190913,958.78,4323.3,67117,59.8
U0436,Female,Maluku Utara,Senior High School,Student,LinkAja,Emas,Konsumsi,4582940.0,5,10.0,2000000.0,2000000.0,500000.0,28,54436,0.08,74.0,0.62,27649,242.69,1373.8,70660,30.6
U0437,Male,Jambi,Senior High School,Student,Akulaku,Reksadana,Tidak Ada,0.0,3,6.0,2000000.0,2000000.0,500000.0,22,273264,1.06,1251.0,2.16,136402,864.3,3768.5,86722,38.2
U0438,Female,Kalimantan Timur,Senior High School,Private Employee,Akulaku,Saham,Konsumsi,8410541.0,3,13.6,10000001.0,6000001.0,500001.0,16,453429,6.55,1311.0,1.94,266429,1309.86,4267.6,212175,77.7
U0439,Female,Jambi,Senior High School,Not Working,GoPay,Reksadana,Gaya,18474061.0,2,6.1,2000000.0,2000000.0,3000000.0,24,273264,1.06,1251.0,2.16,136402,864.3,3768.5,86722,38.2
U0440,Male,Maluku Utara,Senior High School,Not Working,Kredivo,Reksadana,Konsumsi,2487214.0,1,6.5,2000001.0,4000001.0,500001.0,17,54436,0.08,74.0,0.62,27649,242.69,1373.8,70660,30.6
U0441,Male,Kepulauan Riau,Senior High School,Student,Kredivo,Reksadana,Pendidikan,8208098.0,3,5.2,6000001.0,10000001.0,500000.0,13,309076,7.83,9212.0,1.8,180411,993.02,10678.0,161424,85.3
U0442,Female,Jawa Timur,Senior High School,Private Employee,Dana,Reksadana,Tidak Ada,0.0,2,8.4,2000001.0,4000001.0,500000.0,26,3048079,132.94,44643.0,3.29,1895275,10417.68,42089.3,75770,66.7
U0443,Male,Bengkulu,Bachelor (S1)/Diploma IV,Student,Kredivo,No Investment,Usaha,9165394.0,4,6.3,2000000.0,2000000.0,1000001.0,17,138784,0.36,358.0,1.75,68108,478.3,2138.0,49233,35.6
U0444,Male,Gorontalo,Bachelor (S1)/Diploma IV,Others,ShopeePay,No Investment,Tidak Ada,0.0,5,6.8,4000001.0,4000001.0,1000001.0,20,114275,0.35,298.0,1.4,51903,457.14,1242.2,44433,58.4
U0445,Female,Sumatera Barat,Senior High School,Others,ShopeePay,Emas,Tidak Ada,0.0,5,6.5,2000000.0,2000000.0,500001.0,14,400529,1.77,9358.0,2.4,198642,1398.91,5914.3,57047,63.8
U0446,Female,Nusa Tenggara Timur,Senior High School,Private Employee,Akulaku,Emas,Pendidikan,4129331.0,5,6.4,2000001.0,4000001.0,500001.0,25,226040,0.72,8249.0,1.41,74766,753.13,5742.6,24272,34.6
U0447,Female,Kepulauan Riau,Senior High School,Entrepreneur,ShopeePay,No Investment,Konsumsi,14392676.0,2,7.4,2000000.0,2000000.0,500000.0,16,309076,7.83,9212.0,1.8,180411,993.02,10678.0,161424,85.3
U0448,Female,Sulawesi Tenggara,Senior High School,Private Employee,ShopeePay,Kripto,Tidak Ada,0.0,5,5.9,2000000.0,2000000.0,1000001.0,14,140184,0.27,529.0,1.44,69118,701.29,2836.7,67840,48.3
U0449,Male,Gorontalo,Junior High School,Private Employee,GoPay,Saham,Tidak Ada,0.0,3,6.0,6000001.0,10000001.0,1000001.0,13,114275,0.35,298.0,1.4,51903,457.14,1242.2,44433,58.4
U0450,Male,Jawa Timur,Senior High School,Student,ShopeePay,Reksadana,Tidak Ada,0.0,4,9.7,2000000.0,2000000.0,500000.0,17,3048079,132.94,44643.0,3.29,1895275,10417.68,42089.3,75770,66.7
U0451,Female,Papua Tengah,Senior High School,Civil Servant/BUMN,ShopeePay,Emas,Konsumsi,3403107.0,5,6.3,6000001.0,10000001.0,1000001.0,19,10736,1.7,2214.0,0.99,8184,27.6,1073.6,118774,58.4
U0452,Female,Sumatera Selatan,Postgraduate,Private Employee,Kredivo,Reksadana,Tidak Ada,0.0,2,8.0,2000001.0,10000001.0,500000.0,17,577990,8.6,4120.0,2.66,334613,1728.24,8928.5,75132,40.1
U0453,Male,Jawa Barat,Senior High School,Private Employee,Dana,Emas,Pendidikan,7517359.0,4,4.8,2000001.0,4000001.0,500000.0,14,6818787,251.24,143127.0,3.41,4705372,20751.93,50759.0,56080,89.3
U0454,Female,Papua Barat Daya,Senior High School,Student,OVO,Kripto,Tidak Ada,0.0,5,5.9,2000000.0,2000000.0,500000.0,18,11793,1.7,1.0,0.88,5691,24.05,1484.9,59064,58.4
U0455,Male,Jawa Tengah,Senior High School,Not Working,Akulaku,Saham,Tidak Ada,0.0,1,3.9,2000001.0,4000001.0,500000.0,28,2637739,29.46,59501.0,2.77,1553694,6962.05,38233.9,47972,60.8
U0456,Male,Gorontalo,Junior High School,Student,Kredivo,Emas,Konsumsi,4784933.0,5,11.6,2000000.0,2000000.0,500001.0,13,114275,0.35,298.0,1.4,51903,457.14,1242.2,44433,58.4
U0457,Male,Nusa Tenggara Timur,Senior High School,Private Employee,GoPay,Saham,Tidak Ada,0.0,3,10.4,6000001.0,10000001.0,500001.0,16,226040,0.72,8249.0,1.41,74766,753.13,5742.6,24272,34.6
U0458,Male,Sumatera Barat,Diploma I/II/III,Private Employee,Dana,Saham,Pendidikan,6778262.0,4,8.5,10000001.0,6000001.0,500001.0,17,400529,1.77,9358.0,2.4,198642,1398.91,5914.3,57047,63.8
U0459,Male,Lampung,Senior High School,Private Employee,Akulaku,Saham,Tidak Ada,0.0,3,12.4,4000001.0,4000001.0,500001.0,24,530899,5.15,4033.0,2.81,284856,1455.8,9522.9,51370,42.4
U0460,Male,Lampung,Senior High School,Private Employee,LinkAja,Saham,Pendidikan,12542040.0,1,8.9,4000001.0,4000001.0,500000.0,17,530899,5.15,4033.0,2.81,284856,1455.8,9522.9,51370,42.4
U0461,Male,Kalimantan Barat,Postgraduate,Student,OVO,Emas,Tidak Ada,0.0,1,6.6,2000000.0,2000000.0,500000.0,21,277057,4.73,4654.0,1.54,151011,855.65,5766.0,52703,47.9
U0462,Female,Riau,Bachelor (S1)/Diploma IV,Student,Dana,Saham,Konsumsi,2936126.0,3,7.9,2000000.0,2000000.0,500001.0,17,542854,4.45,4273.0,1.66,282437,1565.78,2213.5,165350,41.8
U0463,Female,Kalimantan Tengah,Diploma I/II/III,Private Employee,Akulaku,Reksadana,Tidak Ada,0.0,4,10.4,10000001.0,6000001.0,500001.0,26,162309,0.45,506.0,1.49,90470,488.58,2845.0,79320,52.9
U0464,Female,Sumatera Barat,Senior High School,Private Employee,OVO,Kripto,Gaya,11295214.0,1,4.8,2000001.0,6000001.0,500000.0,17,400529,1.77,9358.0,2.4,198642,1398.91,5914.3,57047,63.8
U0465,Female,Lampung,Diploma I/II/III,Student,OVO,Emas,Usaha,16108476.0,1,4.1,2000000.0,2000000.0,1000001.0,13,530899,5.15,4033.0,2.81,284856,1455.8,9522.9,51370,42.4
U0466,Male,Kalimantan Timur,Senior High School,Private Employee,ShopeePay,No Investment,Konsumsi,1663842.0,5,8.0,6000001.0,4000001.0,1000001.0,27,453429,6.55,1311.0,1.94,266429,1309.86,4267.6,212175,77.7
U0467,Male,Banten,Senior High School,Civil Servant/BUMN,Kredivo,Reksadana,Tidak Ada,0.0,2,17.0,10000001.0,6000001.0,1000001.0,13,1742274,601.94,83677.0,2.73,1244263,6226.21,12537.4,70276,84.9
U0468,Female,Jawa Tengah,Elementary School,Private Employee,Akulaku,Emas,Konsumsi,5931242.0,1,1.4,15000000.0,15000000.0,500001.0,21,2637739,29.46,59501.0,2.77,1553694,6962.05,38233.9,47972,60.8
U0469,Male,Sumatera Barat,Senior High School,Entrepreneur,GoPay,Saham,Gaya,5141154.0,4,3.9,6000001.0,10000001.0,500000.0,14,400529,1.77,9358.0,2.4,198642,1398.91,5914.3,57047,63.8
U0470,Female,Kepulauan Bangka Belitung,Senior High School,Student,LinkAja,Emas,Pendidikan,3396283.0,4,6.2,2000000.0,2000000.0,500001.0,15,103253,0.91,1080.0,1.6,54643,337.75,1550.8,70194,67.4
U0471,Male,DI Yogyakarta,Senior High School,Student,OVO,Reksadana,Tidak Ada,0.0,5,7.1,2000000.0,2000000.0,500000.0,18,394247,7.26,8228.0,3.31,240062,1207.31,3781.5,51473,84.1
U0472,Female,Jawa Tengah,Postgraduate,Entrepreneur,Dana,Reksadana,Konsumsi,14362729.0,4,7.2,15000000.0,15000000.0,500001.0,16,2637739,29.46,59501.0,2.77,1553694,6962.05,38233.9,47972,60.8
U0473,Male,Bengkulu,Bachelor (S1)/Diploma IV,Private Employee,OVO,Saham,Konsumsi,16898255.0,5,12.0,4000001.0,2000001.0,500000.0,14,138784,0.36,358.0,1.75,68108,478.3,2138.0,49233,35.6
U0474,Female,Jawa Timur,Diploma I/II/III,Private Employee,GoPay,No Investment,Konsumsi,4773487.0,1,6.5,2000001.0,4000001.0,1000001.0,21,3048079,132.94,44643.0,3.29,1895275,10417.68,42089.3,75770,66.7
U0475,Female,Bengkulu,Senior High School,Entrepreneur,ShopeePay,Emas,Usaha,6305344.0,1,7.7,4000001.0,4000001.0,500000.0,22,138784,0.36,358.0,1.75,68108,478.3,2138.0,49233,35.6
U0476,Female,Papua Barat Daya,Bachelor (S1)/Diploma IV,Entrepreneur,Kredivo,No Investment,Konsumsi,17401060.0,1,2.9,4000001.0,4000001.0,3000000.0,17,11793,1.7,1.0,0.88,5691,24.05,1484.9,59064,58.4
U0477,Male,Papua,Junior High School,Others,Kredivo,Saham,Usaha,7158187.0,1,6.9,2000001.0,4000001.0,1000001.0,15,75024,0.52,343.0,1.17,39157,221.27,636.4,59064,41.5
U0478,Female,Kalimantan Selatan,Bachelor (S1)/Diploma IV,Private Employee,Akulaku,Emas,Tidak Ada,0.0,2,7.8,15000000.0,15000000.0,500001.0,15,336953,2.29,2214.0,2.0,190913,958.78,4323.3,67117,59.8
U0479,Female,Kalimantan Utara,Junior High School,Civil Servant/BUMN,Kredivo,Reksadana,Tidak Ada,0.0,2,3.6,2000001.0,4000001.0,1000001.0,15,39135,0.15,84.0,3.08,20761,133.66,749.4,198429,58.4
U0480,Female,Papua Selatan,Bachelor (S1)/Diploma IV,Civil Servant/BUMN,Akulaku,Emas,Gaya,4129331.0,1,4.7,2000001.0,6000001.0,500001.0,20,6267,1.7,2214.0,1.24,3118,14.24,1492.3,61583,58.4
U0481,Female,Aceh,Senior High School,Student,OVO,Reksadana,Konsumsi,7394604.0,4,8.2,2000000.0,4000001.0,1000001.0,15,102897,1.63,615.0,0.82,70593,196.9,5626.0,43782,43.2
U0482,Female,Kepulauan Riau,Bachelor (S1)/Diploma IV,Private Employee,OVO,Emas,Tidak Ada,0.0,5,5.6,2000001.0,4000001.0,500001.0,26,309076,7.83,9212.0,1.8,180411,993.02,10678.0,161424,85.3
U0483,Male,Banten,Bachelor (S1)/Diploma IV,Student,LinkAja,Saham,Konsumsi,14283703.0,3,6.7,2000000.0,2000000.0,1000001.0,18,1742274,601.94,83677.0,2.73,1244263,6226.21,12537.4,70276,84.9
U0484,Female,Lampung,Junior High School,Not Working,Akulaku,No Investment,Tidak Ada,0.0,5,8.4,2000000.0,2000000.0,500001.0,28,530899,5.15,4033.0,2.81,284856,1455.8,9522.9,51370,42.4
U0485,Female,Sulawesi Utara,Senior High School,Private Employee,Kredivo,Reksadana,Pendidikan,16835839.0,3,12.1,2000001.0,4000001.0,3000000.0,22,269034,0.78,1493.0,1.35,152307,976.3,2721.4,69352,68.7
U0486,Female,Jawa Barat,Postgraduate,Private Employee,GoPay,No Investment,Usaha,8244996.0,3,6.4,4000001.0,4000001.0,500001.0,21,6818787,251.24,143127.0,3.41,4705372,20751.93,50759.0,56080,89.3
U0487,Male,Sulawesi Utara,Senior High School,Student,Akulaku,Saham,Pendidikan,17227395.0,1,11.4,2000000.0,2000000.0,500001.0,21,269034,0.78,1493.0,1.35,152307,976.3,2721.4,69352,68.7
U0488,Male,Bali,Bachelor (S1)/Diploma IV,Student,ShopeePay,Reksadana,Tidak Ada,0.0,3,2.1,2000000.0,2000000.0,1000001.0,16,427124,18.54,8469.0,1.13,260541,1781.63,2836.7,67319,81.2
U0489,Female,Sulawesi Tengah,Senior High School,Student,ShopeePay,Reksadana,Konsumsi,15227316.0,1,7.4,6000001.0,10000001.0,1000001.0,21,177868,0.64,665.0,1.54,77106,598.93,3156.1,120750,43.1
U0490,Female,DI Yogyakarta,Senior High School,Civil Servant/BUMN,Akulaku,Reksadana,Gaya,7700622.0,2,6.2,10000001.0,6000001.0,500001.0,20,394247,7.26,8228.0,3.31,240062,1207.31,3781.5,51473,84.1
U0491,Male,Papua Pegunungan,Senior High School,Student,GoPay,Emas,Konsumsi,5150699.0,4,5.7,2000000.0,2000000.0,500000.0,23,2410,1.7,2214.0,0.9,998,4.9,549.7,18105,58.4
U0492,Female,Kalimantan Timur,Senior High School,Private Employee,ShopeePay,Emas,Tidak Ada,0.0,3,8.6,4000001.0,4000001.0,500001.0,21,453429,6.55,1311.0,1.94,266429,1309.86,4267.6,212175,77.7
U0493,Male,Sumatera Selatan,Bachelor (S1)/Diploma IV,Not Working,Dana,Kripto,Tidak Ada,0.0,4,6.5,4000001.0,4000001.0,3000000.0,24,577990,8.6,4120.0,2.66,334613,1728.24,8928.5,75132,40.1
U0494,Male,Jambi,Senior High School,Not Working,LinkAja,No Investment,Usaha,17152594.0,1,1.9,2000000.0,2000000.0,1000001.0,27,273264,1.06,1251.0,2.16,136402,864.3,3768.5,86722,38.2
U0495,Male,Sulawesi Utara,Senior High School,Private Employee,OVO,Emas,Usaha,6579547.0,3,3.0,6000001.0,10000001.0,1000001.0,18,269034,0.78,1493.0,1.35,152307,976.3,2721.4,69352,68.7
U0496,Male,Nusa Tenggara Barat,Senior High School,Student,GoPay,Emas,Tidak Ada,0.0,5,8.8,4000001.0,4000001.0,500000.0,17,237629,1.14,6378.0,4.36,100966,827.06,5731.1,32282,62.7
U0497,Female,Jawa Tengah,Senior High School,Not Working,Akulaku,Reksadana,Gaya,15532754.0,2,2.9,2000000.0,2000000.0,500001.0,17,2637739,29.46,59501.0,2.77,1553694,6962.05,38233.9,47972,60.8
U0498,Male,DI Yogyakarta,Bachelor (S1)/Diploma IV,Not Working,LinkAja,Emas,Usaha,11378996.0,2,8.9,2000000.0,2000000.0,500001.0,20,394247,7.26,8228.0,3.31,240062,1207.31,3781.5,51473,84.1
U0499,Female,Sulawesi Tenggara,Postgraduate,Student,Akulaku,Kripto,Gaya,16439965.0,3,7.3,6000001.0,10000001.0,1000001.0,21,140184,0.27,529.0,1.44,69118,701.29,2836.7,67840,48.3
U0500,Female,Nusa Tenggara Barat,Senior High School,Private Employee,ShopeePay,Saham,Tidak Ada,0.0,2,6.6,4000001.0,4000001.0,500000.0,14,237629,1.14,6378.0,4.36,100966,827.06,5731.1,32282,62.7
U0501,Female,Sulawesi Tenggara,Bachelor (S1)/Diploma IV,Student,LinkAja,Emas,Konsumsi,4676116.0,5,6.8,2000000.0,2000000.0,1000001.0,19,140184,0.27,529.0,1.44,69118,701.29,2836.7,67840,48.3
U0502,Female,Sulawesi Selatan,Bachelor (S1)/Diploma IV,Entrepreneur,Akulaku,Saham,Tidak Ada,0.0,4,8.3,4000001.0,4000001.0,500001.0,19,609232,6.63,7617.0,1.67,354031,2038.05,9563.1,73573,59.6
U0503,Male,Maluku Utara,Senior High School,Others,GoPay,Kripto,Usaha,13081960.0,5,4.1,2000001.0,4000001.0,500000.0,28,54436,0.08,74.0,0.62,27649,242.69,1373.8,70660,30.6
U0504,Female,Kepulauan Bangka Belitung,Postgraduate,Student,Dana,Emas,Konsumsi,3524320.0,2,7.1,2000001.0,4000001.0,500001.0,22,103253,0.91,1080.0,1.6,54643,337.75,1550.8,70194,67.4
U0505,Female,Maluku Utara,Senior High School,Not Working,Kredivo,Emas,Tidak Ada,0.0,4,4.2,2000001.0,4000001.0,500000.0,21,54436,0.08,74.0,0.62,27649,242.69,1373.8,70660,30.6
U0506,Male,Kalimantan Barat,Junior High School,Private Employee,OVO,Saham,Pendidikan,16557419.0,5,7.4,15000000.0,15000000.0,500001.0,21,277057,4.73,4654.0,1.54,151011,855.65,5766.0,52703,47.9
U0507,Female,Sulawesi Tenggara,Bachelor (S1)/Diploma IV,Others,Dana,Emas,Konsumsi,11795417.0,1,8.6,2000000.0,2000000.0,500000.0,18,140184,0.27,529.0,1.44,69118,701.29,2836.7,67840,48.3
U0508,Female,Papua Barat,Senior High School,Civil Servant/BUMN,GoPay,Reksadana,Tidak Ada,0.0,1,7.4,6000001.0,10000001.0,500000.0,19,32690,0.15,97.0,1.32,17755,89.41,587.6,131636,44.4
U0509,Female,Riau,Bachelor (S1)/Diploma IV,Entrepreneur,GoPay,Reksadana,Tidak Ada,0.0,4,8.5,6000001.0,10000001.0,1000001.0,18,542854,4.45,4273.0,1.66,282437,1565.78,2213.5,165350,41.8
U0510,Female,Papua,Bachelor (S1)/Diploma IV,Student,LinkAja,Emas,Tidak Ada,0.0,4,5.2,2000000.0,2000000.0,500000.0,15,75024,0.52,343.0,1.17,39157,221.27,636.4,59064,41.5
U0511,Female,Sumatera Barat,Junior High School,Student,Dana,Reksadana,Tidak Ada,0.0,4,6.8,2000000.0,2000000.0,500000.0,15,400529,1.77,9358.0,2.4,198642,1398.91,5914.3,57047,63.8
U0512,Male,Sulawesi Tengah,Bachelor (S1)/Diploma IV,Student,OVO,Saham,Tidak Ada,0.0,1,6.4,2000001.0,10000001.0,500001.0,16,177868,0.64,665.0,1.54,77106,598.93,3156.1,120750,43.1
U0513,Female,Lampung,Senior High School,Others,GoPay,Saham,Konsumsi,2796397.0,5,6.2,6000001.0,10000001.0,500001.0,13,530899,5.15,4033.0,2.81,284856,1455.8,9522.9,51370,42.4
U0514,Female,Sumatera Selatan,Senior High School,Entrepreneur,Akulaku,Reksadana,Pendidikan,18825056.0,4,5.0,10000001.0,6000001.0,1000001.0,28,577990,8.6,4120.0,2.66,334613,1728.24,8928.5,75132,40.1
U0515,Male,Banten,Diploma I/II/III,Not Working,LinkAja,Reksadana,Tidak Ada,0.0,1,5.9,2000000.0,2000000.0,500001.0,24,1742274,601.94,83677.0,2.73,1244263,6226.21,12537.4,70276,84.9
U0516,Male,Kalimantan Utara,Bachelor (S1)/Diploma IV,Not Working,Kredivo,Emas,Pendidikan,10022517.0,4,4.2,2000000.0,2000000.0,1000001.0,28,39135,0.15,84.0,3.08,20761,133.66,749.4,198429,58.4
U0517,Male,Sulawesi Barat,Elementary School,Student,LinkAja,Emas,Tidak Ada,0.0,4,2.8,2000000.0,2000000.0,500001.0,17,57874,0.12,247.0,1.19,25633,230.51,1525.3,42718,23.1
U0518,Female,Jawa Tengah,Senior High School,Student,OVO,Reksadana,Tidak Ada,0.0,4,5.2,2000001.0,4000001.0,500000.0,14,2637739,29.46,59501.0,2.77,1553694,6962.05,38233.9,47972,60.8
U0519,Female,Jambi,Diploma I/II/III,Student,Kredivo,Emas,Pendidikan,1500778.0,1,8.6,2000000.0,2000000.0,500000.0,23,273264,1.06,1251.0,2.16,136402,864.3,3768.5,86722,38.2
U0520,Male,Sulawesi Utara,Diploma I/II/III,Student,GoPay,Saham,Tidak Ada,0.0,5,7.6,10000001.0,6000001.0,500001.0,13,269034,0.78,1493.0,1.35,152307,976.3,2721.4,69352,68.7
U0521,Female,Kalimantan Barat,Diploma I/II/III,Student,Dana,Kripto,Gaya,16235042.0,1,3.9,2000001.0,4000001.0,500001.0,27,277057,4.73,4654.0,1.54,151011,855.65,5766.0,52703,47.9
U0522,Male,Nusa Tenggara Barat,Junior High School,Civil Servant/BUMN,OVO,Emas,Usaha,16233161.0,1,6.0,4000001.0,4000001.0,1000001.0,13,237629,1.14,6378.0,4.36,100966,827.06,5731.1,32282,62.7
U0523,Female,Nusa Tenggara Barat,Senior High School,Student,OVO,Kripto,Tidak Ada,0.0,4,8.7,2000001.0,4000001.0,500001.0,21,237629,1.14,6378.0,4.36,100966,827.06,5731.1,32282,62.7
U0524,Female,Sumatera Utara,Senior High School,Student,Kredivo,Saham,Usaha,11760933.0,3,5.9,2000000.0,2000000.0,500001.0,26,1036941,26.54,26205.0,1.55,650944,3078.85,15785.8,73575,68.1
U0525,Female,Kepulauan Riau,Bachelor (S1)/Diploma IV,Student,Akulaku,Reksadana,Konsumsi,3498277.0,3,3.5,2000000.0,2000000.0,500000.0,19,309076,7.83,9212.0,1.8,180411,993.02,10678.0,161424,85.3
U0526,Male,Jawa Barat,Senior High School,Student,GoPay,Reksadana,Gaya,7688884.0,3,12.6,2000000.0,2000000.0,500000.0,23,6818787,251.24,143127.0,3.41,4705372,20751.93,50759.0,56080,89.3
U0527,Male,Jawa Tengah,Senior High School,Others,Kredivo,Emas,Tidak Ada,0.0,1,6.6,2000001.0,4000001.0,500001.0,23,2637739,29.46,59501.0,2.77,1553694,6962.05,38233.9,47972,60.8
U0528,Male,DKI Jakarta,Postgraduate,Entrepreneur,GoPay,Saham,Tidak Ada,0.0,4,4.1,10000001.0,6000001.0,500001.0,22,2708907,20964.0,9272715.0,3.56,2324200,12838.89,10678.0,344350,100.0
U0529,Male,Nusa Tenggara Timur,Elementary School,Others,Dana,Kripto,Tidak Ada,0.0,3,7.4,2000001.0,4000001.0,500001.0,15,226040,0.72,8249.0,1.41,74766,753.13,5742.6,24272,34.6
U0530,Female,Papua Tengah,Postgraduate,Civil Servant/BUMN,ShopeePay,Saham,Tidak Ada,0.0,2,6.8,2000001.0,6000001.0,500000.0,19,10736,1.7,2214.0,0.99,8184,27.6,1073.6,118774,58.4
U0531,Female,Sulawesi Tengah,Diploma I/II/III,Student,ShopeePay,Reksadana,Pendidikan,7139070.0,2,3.1,2000000.0,2000000.0,500001.0,22,177868,0.64,665.0,1.54,77106,598.93,3156.1,120750,43.1
U0532,Female,DI Yogyakarta,Bachelor (S1)/Diploma IV,Entrepreneur,LinkAja,Saham,Tidak Ada,0.0,2,7.2,4000001.0,4000001.0,1000001.0,18,394247,7.26,8228.0,3.31,240062,1207.31,3781.5,51473,84.1
U0533,Female,Kalimantan Utara,Senior High School,Student,GoPay,Reksadana,Tidak Ada,0.0,5,9.5,2000001.0,4000001.0,500000.0,16,39135,0.15,84.0,3.08,20761,133.66,749.4,198429,58.4
U0534,Female,Aceh,Elementary School,Student,LinkAja,Emas,Tidak Ada,19388793.0,4,6.4,2000000.0,2000000.0,500001.0,23,102897,1.63,615.0,0.82,70593,196.9,5626.0,43782,43.2
U0535,Female,Kalimantan Selatan,Diploma I/II/III,Student,Kredivo,No Investment,Konsumsi,4129331.0,1,1.8,2000000.0,2000000.0,3000000.0,20,336953,2.29,2214.0,2.0,190913,958.78,4323.3,67117,59.8
U0536,Female,Kalimantan Timur,Bachelor (S1)/Diploma IV,Student,Akulaku,Saham,Tidak Ada,0.0,1,7.9,2000000.0,2000000.0,500001.0,26,453429,6.55,1311.0,1.94,266429,1309.86,4267.6,212175,77.7
U0537,Female,Nusa Tenggara Timur,Diploma I/II/III,Student,Dana,Reksadana,Tidak Ada,0.0,4,8.5,2000000.0,2000000.0,500001.0,25,226040,0.72,8249.0,1.41,74766,753.13,5742.6,24272,34.6
U0538,Male,Nusa Tenggara Barat,Junior High School,Student,GoPay,Reksadana,Tidak Ada,4129331.0,5,5.5,2000000.0,4000001.0,500000.0,17,237629,1.14,6378.0,4.36,100966,827.06,5731.1,32282,62.7
U0539,Male,Jawa Barat,Bachelor (S1)/Diploma IV,Private Employee,GoPay,No Investment,Tidak Ada,0.0,4,5.6,6000001.0,10000001.0,500001.0,25,6818787,251.24,143127.0,3.41,4705372,20751.93,50759.0,56080,89.3
U0540,Male,Sulawesi Tenggara,Bachelor (S1)/Diploma IV,Student,Kredivo,No Investment,Gaya,7369001.0,5,12.6,2000000.0,2000000.0,500000.0,19,140184,0.27,529.0,1.44,69118,701.29,2836.7,67840,48.3
U0541,Female,Sulawesi Tenggara,Diploma I/II/III,Student,OVO,Saham,Tidak Ada,0.0,3,5.4,2000000.0,2000000.0,3000000.0,16,140184,0.27,529.0,1.44,69118,701.29,2836.7,67840,48.3
U0542,Female,Papua Barat,Bachelor (S1)/Diploma IV,Entrepreneur,Akulaku,Emas,Gaya,6459417.0,3,4.2,15000000.0,15000000.0,1000001.0,26,32690,0.15,97.0,1.32,17755,89.41,587.6,131636,44.4
U0543,Male,Nusa Tenggara Timur,Bachelor (S1)/Diploma IV,Student,OVO,Saham,Konsumsi,19240037.0,5,7.1,2000000.0,2000000.0,1000001.0,18,226040,0.72,8249.0,1.41,74766,753.13,5742.6,24272,34.6
U0544,Female,Sulawesi Tenggara,Diploma I/II/III,Student,Akulaku,Kripto,Tidak Ada,0.0,4,8.4,4000001.0,4000001.0,1000001.0,23,140184,0.27,529.0,1.44,69118,701.29,2836.7,67840,48.3
U0545,Female,Papua Selatan,Junior High School,Not Working,ShopeePay,Kripto,Gaya,19717558.0,3,8.3,2000000.0,2000000.0,500001.0,13,6267,1.7,2214.0,1.24,3118,14.24,1492.3,61583,58.4
U0546,Male,Sulawesi Tengah,Senior High School,Student,GoPay,Reksadana,Tidak Ada,0.0,4,1.0,2000000.0,2000000.0,500001.0,19,177868,0.64,665.0,1.54,77106,598.93,3156.1,120750,43.1
U0547,Male,Papua Tengah,Junior High School,Student,Akulaku,Reksadana,Gaya,6213949.0,3,5.3,2000001.0,4000001.0,1000001.0,15,10736,1.7,2214.0,0.99,8184,27.6,1073.6,118774,58.4
U0548,Female,Papua,Senior High School,Civil Servant/BUMN,OVO,Kripto,Usaha,12715350.0,4,9.9,6000001.0,10000001.0,3000000.0,18,75024,0.52,343.0,1.17,39157,221.27,636.4,59064,41.5
U0549,Female,Papua Tengah,Senior High School,Student,OVO,Reksadana,Konsumsi,2786113.0,4,7.8,2000001.0,4000001.0,500001.0,27,10736,1.7,2214.0,0.99,8184,27.6,1073.6,118774,58.4
U0550,Female,Banten,Junior High School,Private Employee,LinkAja,Saham,Pendidikan,16446856.0,2,3.9,4000001.0,4000001.0,3000000.0,17,1742274,601.94,83677.0,2.73,1244263,6226.21,12537.4,70276,84.9
U0551,Female,Papua Barat Daya,Senior High School,Entrepreneur,Kredivo,Reksadana,Konsumsi,13428171.0,5,10.1,2000001.0,4000001.0,500001.0,13,11793,1.7,1.0,0.88,5691,24.05,1484.9,59064,58.4
U0552,Female,Jawa Tengah,Junior High School,Student,ShopeePay,Saham,Konsumsi,13510965.0,1,9.4,2000000.0,2000000.0,500001.0,18,2637739,29.46,59501.0,2.77,1553694,6962.05,38233.9,47972,60.8
U0553,Female,Kalimantan Timur,Bachelor (S1)/Diploma IV,Private Employee,OVO,Saham,Tidak Ada,0.0,5,6.3,4000001.0,4000001.0,500001.0,15,453429,6.55,1311.0,1.94,266429,1309.86,4267.6,212175,77.7
U0554,Female,Kalimantan Selatan,Bachelor (S1)/Diploma IV,Private Employee,LinkAja,Reksadana,Konsumsi,4107838.0,4,9.2,10000001.0,6000001.0,500000.0,14,336953,2.29,2214.0,2.0,190913,958.78,4323.3,67117,59.8
U0555,Female,Banten,Junior High School,Student,LinkAja,Saham,Pendidikan,12118694.0,4,12.0,2000000.0,2000000.0,500000.0,24,1742274,601.94,83677.0,2.73,1244263,6226.21,12537.4,70276,84.9
U0556,Male,Sulawesi Tenggara,Postgraduate,Private Employee,GoPay,Reksadana,Gaya,1058867.0,5,20.0,15000000.0,15000000.0,500000.0,24,140184,0.27,529.0,1.44,69118,701.29,2836.7,67840,48.3
U0557,Male,Papua Tengah,Senior High School,Student,LinkAja,Saham,Tidak Ada,0.0,4,8.4,6000001.0,10000001.0,500001.0,18,10736,1.7,2214.0,0.99,8184,27.6,1073.6,118774,58.4
U0558,Male,Lampung,Senior High School,Civil Servant/BUMN,Akulaku,Reksadana,Konsumsi,3269067.0,3,12.0,4000001.0,4000001.0,500001.0,21,530899,5.15,4033.0,2.81,284856,1455.8,9522.9,51370,42.4
U0559,Female,Kalimantan Selatan,Junior High School,Student,Dana,Saham,Tidak Ada,0.0,4,8.6,2000000.0,2000000.0,500001.0,14,336953,2.29,2214.0,2.0,190913,958.78,4323.3,67117,59.8
U0560,Female,Kalimantan Tengah,Senior High School,Civil Servant/BUMN,Akulaku,Reksadana,Tidak Ada,0.0,5,5.1,10000001.0,6000001.0,3000000.0,14,162309,0.45,506.0,1.49,90470,488.58,2845.0,79320,52.9
U0561,Female,Sulawesi Tengah,Bachelor (S1)/Diploma IV,Student,ShopeePay,Emas,Konsumsi,17068366.0,5,7.6,6000001.0,10000001.0,500001.0,21,177868,0.64,665.0,1.54,77106,598.93,3156.1,120750,43.1
U0562,Male,Kalimantan Tengah,Diploma I/II/III,Entrepreneur,OVO,Kripto,Pendidikan,7365521.0,5,10.4,6000001.0,10000001.0,500001.0,23,162309,0.45,506.0,1.49,90470,488.58,2845.0,79320,52.9
U0563,Male,Sulawesi Utara,Junior High School,Student,OVO,Reksadana,Tidak Ada,0.0,2,4.5,2000000.0,2000000.0,500000.0,15,269034,0.78,1493.0,1.35,152307,976.3,2721.4,69352,68.7
U0564,Male,Aceh,Junior High School,Civil Servant/BUMN,Dana,No Investment,Tidak Ada,0.0,2,6.9,6000001.0,10000001.0,500000.0,23,102897,1.63,615.0,0.82,70593,196.9,5626.0,43782,43.2
U0565,Male,Sumatera Selatan,Senior High School,Civil Servant/BUMN,LinkAja,Reksadana,Tidak Ada,0.0,2,6.4,6000001.0,10000001.0,1000001.0,15,577990,8.6,4120.0,2.66,334613,1728.24,8928.5,75132,40.1
U0566,Female,Kalimantan Timur,Senior High School,Private Employee,GoPay,Saham,Konsumsi,17317967.0,2,5.4,2000001.0,4000001.0,500001.0,20,453429,6.55,1311.0,1.94,266429,1309.86,4267.6,212175,77.7
U0567,Male,Kalimantan Timur,Senior High School,Private Employee,LinkAja,Reksadana,Usaha,18526463.0,2,7.6,6000001.0,10000001.0,1000001.0,17,453429,6.55,1311.0,1.94,266429,1309.86,4267.6,212175,77.7
U0568,Male,Kalimantan Timur,Senior High School,Private Employee,GoPay,Reksadana,Gaya,3679249.0,2,6.7,2000001.0,4000001.0,500000.0,26,453429,6.55,1311.0,1.94,266429,1309.86,4267.6,212175,77.7
U0569,Female,Maluku Utara,Bachelor (S1)/Diploma IV,Entrepreneur,OVO,No Investment,Konsumsi,4129331.0,2,8.6,2000000.0,2000000.0,500001.0,17,54436,0.08,74.0,0.62,27649,242.69,1373.8,70660,30.6
U0570,Male,Sulawesi Barat,Bachelor (S1)/Diploma IV,Not Working,Kredivo,Reksadana,Usaha,7211971.0,5,9.9,2000000.0,2000000.0,500000.0,20,57874,0.12,247.0,1.19,25633,230.51,1525.3,42718,23.1
U0571,Female,Jawa Tengah,Senior High School,Student,Akulaku,Reksadana,Tidak Ada,0.0,1,3.8,2000000.0,2000000.0,500000.0,18,2637739,29.46,59501.0,2.77,1553694,6962.05,38233.9,47972,60.8
U0572,Female,Nusa Tenggara Barat,Bachelor (S1)/Diploma IV,Private Employee,LinkAja,Reksadana,Pendidikan,9928143.0,2,7.2,4000001.0,4000001.0,500000.0,25,237629,1.14,6378.0,4.36,100966,827.06,5731.1,32282,62.7
U0573,Male,Kalimantan Timur,Senior High School,Entrepreneur,OVO,No Investment,Tidak Ada,0.0,5,6.9,6000001.0,10000001.0,500000.0,16,453429,6.55,1311.0,1.94,266429,1309.86,4267.6,212175,77.7
U0574,Female,Jawa Timur,Senior High School,Others,GoPay,Emas,Tidak Ada,0.0,1,7.5,2000001.0,4000001.0,500001.0,14,3048079,132.94,44643.0,3.29,1895275,10417.68,42089.3,75770,66.7
U0575,Female,Papua Barat,Senior High School,Not Working,GoPay,Saham,Pendidikan,6184054.0,2,7.0,2000000.0,2000000.0,500000.0,24,32690,0.15,97.0,1.32,17755,89.41,587.6,131636,44.4
U0576,Female,Kalimantan Tengah,Diploma I/II/III,Student,Dana,Emas,Tidak Ada,0.0,1,4.5,2000000.0,2000000.0,3000000.0,26,162309,0.45,506.0,1.49,90470,488.58,2845.0,79320,52.9
U0577,Male,Kalimantan Timur,Postgraduate,Student,GoPay,Reksadana,Konsumsi,19561518.0,1,10.6,6000001.0,10000001.0,500001.0,28,453429,6.55,1311.0,1.94,266429,1309.86,4267.6,212175,77.7
U0578,Female,Sulawesi Selatan,Diploma I/II/III,Civil Servant/BUMN,GoPay,Emas,Tidak Ada,0.0,3,11.7,4000001.0,4000001.0,500000.0,17,609232,6.63,7617.0,1.67,354031,2038.05,9563.1,73573,59.6
U0579,Male,Nusa Tenggara Barat,Senior High School,Private Employee,LinkAja,Emas,Konsumsi,16635277.0,4,8.4,4000001.0,4000001.0,500000.0,18,237629,1.14,6378.0,4.36,100966,827.06,5731.1,32282,62.7
U0580,Male,Kalimantan Utara,Diploma I/II/III,Civil Servant/BUMN,Kredivo,Saham,Konsumsi,18074850.0,3,8.5,6000001.0,10000001.0,500001.0,18,39135,0.15,84.0,3.08,20761,133.66,749.4,198429,58.4
U0581,Male,Bengkulu,Junior High School,Civil Servant/BUMN,Kredivo,Emas,Tidak Ada,0.0,1,7.3,15000000.0,15000000.0,500000.0,24,138784,0.36,358.0,1.75,68108,478.3,2138.0,49233,35.6
U0582,Female,Kalimantan Barat,Bachelor (S1)/Diploma IV,Entrepreneur,Akulaku,Saham,Usaha,17648767.0,5,9.4,4000001.0,4000001.0,1000001.0,21,277057,4.73,4654.0,1.54,151011,855.65,5766.0,52703,47.9
U0583,Male,Sulawesi Selatan,Senior High School,Student,Akulaku,Saham,Tidak Ada,0.0,2,1.0,2000001.0,4000001.0,3000000.0,18,609232,6.63,7617.0,1.67,354031,2038.05,9563.1,73573,59.6
U0584,Male,Sumatera Selatan,Senior High School,Not Working,LinkAja,Saham,Pendidikan,4669895.0,4,7.0,2000001.0,4000001.0,500000.0,19,577990,8.6,4120.0,2.66,334613,1728.24,8928.5,75132,40.1
U0585,Female,Sulawesi Selatan,Senior High School,Civil Servant/BUMN,OVO,Emas,Pendidikan,12124533.0,2,5.6,6000001.0,10000001.0,500001.0,13,609232,6.63,7617.0,1.67,354031,2038.05,9563.1,73573,59.6
U0586,Male,Kepulauan Bangka Belitung,Diploma I/II/III,Student,ShopeePay,Saham,Gaya,9979821.0,5,7.4,2000000.0,2000000.0,500000.0,25,103253,0.91,1080.0,1.6,54643,337.75,1550.8,70194,67.4
U0587,Male,Maluku,Junior High School,Civil Servant/BUMN,Dana,Kripto,Usaha,10804562.0,4,9.7,6000001.0,10000001.0,500001.0,16,64468,0.2,117.0,0.84,32951,231.36,1970.6,32198,42.1
U0588,Male,Kalimantan Tengah,Diploma I/II/III,Entrepreneur,GoPay,Emas,Pendidikan,6708623.0,3,7.0,2000001.0,4000001.0,500001.0,21,162309,0.45,506.0,1.49,90470,488.58,2845.0,79320,52.9
U0589,Male,Sulawesi Tengah,Senior High School,Student,LinkAja,Saham,Tidak Ada,0.0,1,6.1,2000000.0,2000000.0,500000.0,20,177868,0.64,665.0,1.54,77106,598.93,3156.1,120750,43.1
U0590,Male,Jawa Tengah,Diploma I/II/III,Student,Kredivo,Kripto,Tidak Ada,0.0,5,3.5,2000001.0,4000001.0,500000.0,16,2637739,29.46,59501.0,2.77,1553694,6962.05,38233.9,47972,60.8
U0591,Male,Kalimantan Timur,Bachelor (S1)/Diploma IV,Others,Akulaku,Saham,Tidak Ada,0.0,1,6.7,2000000.0,2000000.0,500001.0,16,453429,6.55,1311.0,1.94,266429,1309.86,4267.6,212175,77.7
U0592,Female,Kalimantan Barat,Bachelor (S1)/Diploma IV,Student,GoPay,No Investment,Tidak Ada,0.0,1,8.7,2000001.0,4000001.0,500001.0,13,277057,4.73,4654.0,1.54,151011,855.65,5766.0,52703,47.9
U0593,Male,Papua Selatan,Senior High School,Private Employee,Dana,Reksadana,Pendidikan,4507374.0,2,4.9,2000000.0,2000000.0,500000.0,26,6267,1.7,2214.0,1.24,3118,14.24,1492.3,61583,58.4
U0594,Male,Sulawesi Tenggara,Senior High School,Private Employee,Dana,Kripto,Tidak Ada,0.0,5,2.0,6000001.0,4000001.0,500001.0,26,140184,0.27,529.0,1.44,69118,701.29,2836.7,67840,48.3
U0595,Female,Bali,Junior High School,Civil Servant/BUMN,LinkAja,No Investment,Pendidikan,655647.0,1,12.7,6000001.0,10000001.0,500001.0,16,427124,18.54,8469.0,1.13,260541,1781.63,2836.7,67319,81.2
U0596,Male,Sulawesi Tenggara,Bachelor (S1)/Diploma IV,Private Employee,Akulaku,Emas,Tidak Ada,0.0,3,7.8,2000001.0,4000001.0,1000001.0,18,140184,0.27,529.0,1.44,69118,701.29,2836.7,67840,48.3
U0597,Female,Sumatera Utara,Senior High School,Student,Kredivo,Saham,Usaha,12468953.0,4,6.4,2000000.0,2000000.0,500000.0,23,1036941,26.54,26205.0,1.55,650944,3078.85,15785.8,73575,68.1
U0598,Male,Sulawesi Utara,Senior High School,Private Employee,ShopeePay,Saham,Tidak Ada,0.0,5,10.5,15000000.0,15000000.0,1000001.0,27,269034,0.78,1493.0,1.35,152307,976.3,2721.4,69352,68.7
U0599,Male,Sumatera Selatan,Senior High School,Student,Akulaku,Reksadana,Tidak Ada,0.0,2,7.4,2000000.0,2000000.0,500001.0,27,577990,8.6,4120.0,2.66,334613,1728.24,8928.5,75132,40.1
U0600,Male,DKI Jakarta,Junior High School,Private Employee,Kredivo,Reksadana,Tidak Ada,0.0,5,10.3,2000001.0,4000001.0,500000.0,14,2708907,20964.0,9272715.0,3.56,2324200,12838.89,10678.0,344350,100.0
U0601,Male,Papua Barat Daya,Diploma I/II/III,Student,OVO,Kripto,Tidak Ada,0.0,2,10.1,2000000.0,2000000.0,500001.0,24,11793,1.7,1.0,0.88,5691,24.05,1484.9,59064,58.4
U0602,Male,Sumatera Selatan,Junior High School,Private Employee,ShopeePay,Saham,Tidak Ada,0.0,4,3.8,6000001.0,10000001.0,500001.0,22,577990,8.6,4120.0,2.66,334613,1728.24,8928.5,75132,40.1
U0603,Male,DKI Jakarta,Diploma I/II/III,Student,OVO,Emas,Tidak Ada,0.0,3,8.1,2000000.0,2000000.0,3000000.0,24,2708907,20964.0,9272715.0,3.56,2324200,12838.89,10678.0,344350,100.0
U0604,Male,DI Yogyakarta,Senior High School,Student,Akulaku,Saham,Usaha,12542059.0,1,11.3,2000000.0,2000000.0,500000.0,21,394247,7.26,8228.0,3.31,240062,1207.31,3781.5,51473,84.1
U0605,Male,Sumatera Utara,Elementary School,Student,Akulaku,Saham,Pendidikan,12961289.0,5,4.5,2000000.0,2000000.0,500001.0,27,1036941,26.54,26205.0,1.55,650944,3078.85,15785.8,73575,68.1
U0606,Male,Sumatera Barat,Senior High School,Student,GoPay,Emas,Tidak Ada,4129331.0,2,4.5,2000000.0,2000000.0,500001.0,19,400529,1.77,9358.0,2.4,198642,1398.91,5914.3,57047,63.8
U0607,Male,Papua Tengah,Elementary School,Entrepreneur,GoPay,Reksadana,Konsumsi,1630127.0,4,5.0,4000001.0,4000001.0,3000000.0,27,10736,1.7,2214.0,0.99,8184,27.6,1073.6,118774,58.4
U0608,Male,Papua Barat,Senior High School,Student,ShopeePay,Saham,Gaya,6960284.0,1,9.2,2000000.0,2000000.0,500001.0,15,32690,0.15,97.0,1.32,17755,89.41,587.6,131636,44.4
U0609,Male,Kalimantan Utara,Diploma I/II/III,Not Working,Dana,Reksadana,Gaya,12630504.0,4,7.7,2000001.0,4000001.0,3000000.0,24,39135,0.15,84.0,3.08,20761,133.66,749.4,198429,58.4
U0610,Female,Nusa Tenggara Timur,Junior High School,Others,Dana,Kripto,Gaya,18228926.0,3,2.2,2000000.0,2000000.0,3000000.0,19,226040,0.72,8249.0,1.41,74766,753.13,5742.6,24272,34.6
U0611,Male,Nusa Tenggara Barat,Bachelor (S1)/Diploma IV,Private Employee,Dana,Emas,Tidak Ada,0.0,1,7.9,4000001.0,4000001.0,500000.0,14,237629,1.14,6378.0,4.36,100966,827.06,5731.1,32282,62.7
U0612,Female,Kalimantan Utara,Elementary School,Student,OVO,Reksadana,Tidak Ada,0.0,1,6.4,2000000.0,2000000.0,1000001.0,17,39135,0.15,84.0,3.08,20761,133.66,749.4,198429,58.4
U0613,Female,Papua Tengah,Senior High School,Student,LinkAja,Emas,Konsumsi,4807427.0,1,17.0,6000001.0,10000001.0,3000000.0,19,10736,1.7,2214.0,0.99,8184,27.6,1073.6,118774,58.4
U0614,Male,Aceh,Diploma I/II/III,Entrepreneur,Akulaku,No Investment,Pendidikan,14412274.0,2,4.9,15000000.0,15000000.0,500000.0,22,102897,1.63,615.0,0.82,70593,196.9,5626.0,43782,43.2
U0615,Female,Papua Pegunungan,Senior High School,Student,Dana,No Investment,Usaha,18574543.0,1,7.9,2000001.0,4000001.0,500001.0,22,2410,1.7,2214.0,0.9,998,4.9,549.7,18105,58.4
U0616,Female,Sulawesi Utara,Junior High School,Student,LinkAja,No Investment,Pendidikan,14167997.0,4,9.6,2000000.0,2000000.0,500001.0,17,269034,0.78,1493.0,1.35,152307,976.3,2721.4,69352,68.7
U0617,Male,Papua,Senior High School,Private Employee,LinkAja,Reksadana,Tidak Ada,0.0,2,5.4,2000001.0,4000001.0,500000.0,13,75024,0.52,343.0,1.17,39157,221.27,636.4,59064,41.5
U0618,Male,Sulawesi Utara,Senior High School,Entrepreneur,ShopeePay,Saham,Gaya,9724277.0,1,2.8,4000001.0,4000001.0,500000.0,17,269034,0.78,1493.0,1.35,152307,976.3,2721.4,69352,68.7
U0619,Female,Banten,Bachelor (S1)/Diploma IV,Entrepreneur,Kredivo,Reksadana,Gaya,10065817.0,4,6.2,4000001.0,4000001.0,500000.0,18,1742274,601.94,83677.0,2.73,1244263,6226.21,12537.4,70276,84.9
U0620,Female,Papua,Senior High School,Student,LinkAja,Reksadana,Tidak Ada,0.0,4,8.9,2000000.0,2000000.0,500000.0,16,75024,0.52,343.0,1.17,39157,221.27,636.4,59064,41.5
U0621,Male,Gorontalo,Bachelor (S1)/Diploma IV,Private Employee,Dana,Emas,Tidak Ada,0.0,5,5.9,6000001.0,10000001.0,500001.0,20,114275,0.35,298.0,1.4,51903,457.14,1242.2,44433,58.4
U0622,Male,Nusa Tenggara Timur,Bachelor (S1)/Diploma IV,Student,Akulaku,Saham,Konsumsi,811294.0,4,3.3,4000001.0,4000001.0,500000.0,27,226040,0.72,8249.0,1.41,74766,753.13,5742.6,24272,34.6
U0623,Male,Kalimantan Timur,Senior High School,Student,Akulaku,No Investment,Tidak Ada,0.0,3,8.9,2000001.0,4000001.0,1000001.0,18,453429,6.55,1311.0,1.94,266429,1309.86,4267.6,212175,77.7
U0624,Male,Nusa Tenggara Timur,Bachelor (S1)/Diploma IV,Not Working,ShopeePay,Emas,Usaha,16054863.0,1,10.5,2000000.0,2000000.0,1000001.0,13,226040,0.72,8249.0,1.41,74766,753.13,5742.6,24272,34.6
U0625,Female,Sulawesi Utara,Senior High School,Student,Dana,No Investment,Pendidikan,2113955.0,1,7.1,2000001.0,4000001.0,500000.0,25,269034,0.78,1493.0,1.35,152307,976.3,2721.4,69352,68.7
U0626,Male,Banten,Postgraduate,Student,Akulaku,Emas,Konsumsi,19578564.0,1,3.0,2000000.0,2000000.0,500001.0,16,1742274,601.94,83677.0,2.73,1244263,6226.21,12537.4,70276,84.9
U0627,Male,Kepulauan Bangka Belitung,Junior High School,Student,Kredivo,Saham,Usaha,14372512.0,4,6.2,2000000.0,2000000.0,500001.0,24,103253,0.91,1080.0,1.6,54643,337.75,1550.8,70194,67.4
U0628,Female,Aceh,Diploma I/II/III,Not Working,GoPay,Kripto,Pendidikan,5534971.0,4,7.4,2000001.0,4000001.0,3000000.0,19,102897,1.63,615.0,0.82,70593,196.9,5626.0,43782,43.2
U0629,Male,Nusa Tenggara Timur,Senior High School,Entrepreneur,Kredivo,Kripto,Pendidikan,10757668.0,1,5.0,2000000.0,2000000.0,500000.0,26,226040,0.72,8249.0,1.41,74766,753.13,5742.6,24272,34.6
U0630,Male,Papua Barat,Senior High School,Private Employee,Kredivo,Saham,Tidak Ada,0.0,2,8.5,4000001.0,4000001.0,500000.0,20,32690,0.15,97.0,1.32,17755,89.41,587.6,131636,44.4
U0631,Female,Papua,Diploma I/II/III,Entrepreneur,LinkAja,Reksadana,Tidak Ada,0.0,2,4.7,4000001.0,4000001.0,3000000.0,16,75024,0.52,343.0,1.17,39157,221.27,636.4,59064,41.5
U0632,Female,Banten,Diploma I/II/III,Student,LinkAja,Emas,Konsumsi,16327633.0,3,7.1,2000001.0,4000001.0,3000000.0,22,1742274,601.94,83677.0,2.73,1244263,6226.21,12537.4,70276,84.9
U0633,Female,Nusa Tenggara Barat,Elementary School,Civil Servant/BUMN,Akulaku,No Investment,Konsumsi,16135118.0,5,6.4,6000001.0,10000001.0,1000001.0,17,237629,1.14,6378.0,4.36,100966,827.06,5731.1,32282,62.7
U0634,Female,Papua,Senior High School,Student,Kredivo,Reksadana,Tidak Ada,0.0,3,8.5,2000000.0,2000000.0,1000001.0,15,75024,0.52,343.0,1.17,39157,221.27,636.4,59064,41.5
U0635,Male,Sulawesi Utara,Diploma I/II/III,Student,ShopeePay,Kripto,Konsumsi,3019379.0,1,7.0,2000001.0,4000001.0,500000.0,13,269034,0.78,1493.0,1.35,152307,976.3,2721.4,69352,68.7
U0636,Male,Sumatera Selatan,Diploma I/II/III,Civil Servant/BUMN,ShopeePay,Saham,Tidak Ada,0.0,1,6.5,4000001.0,4000001.0,500001.0,24,577990,8.6,4120.0,2.66,334613,1728.24,8928.5,75132,40.1
U0637,Female,Kalimantan Tengah,Postgraduate,Not Working,Dana,Kripto,Tidak Ada,0.0,1,5.0,2000000.0,2000000.0,500000.0,21,162309,0.45,506.0,1.49,90470,488.58,2845.0,79320,52.9
U0638,Male,Sumatera Selatan,Bachelor (S1)/Diploma IV,Student,Kredivo,Saham,Pendidikan,16724667.0,5,18.5,2000001.0,4000001.0,500000.0,25,577990,8.6,4120.0,2.66,334613,1728.24,8928.5,75132,40.1
U0639,Male,Maluku Utara,Postgraduate,Student,ShopeePay,Reksadana,Konsumsi,15859488.0,4,6.3,2000001.0,4000001.0,1000001.0,13,54436,0.08,74.0,0.62,27649,242.69,1373.8,70660,30.6
U0640,Male,Maluku,Diploma I/II/III,Student,LinkAja,Kripto,Konsumsi,15963249.0,5,4.8,6000001.0,10000001.0,500000.0,13,64468,0.2,117.0,0.84,32951,231.36,1970.6,32198,42.1
U0641,Male,Kepulauan Riau,Senior High School,Student,LinkAja,Saham,Konsumsi,14312141.0,3,7.4,2000000.0,2000000.0,500001.0,19,309076,7.83,9212.0,1.8,180411,993.02,10678.0,161424,85.3
U0642,Male,Sulawesi Barat,Junior High School,Not Working,Akulaku,Saham,Konsumsi,1668964.0,4,7.9,2000000.0,2000000.0,3000000.0,14,57874,0.12,247.0,1.19,25633,230.51,1525.3,42718,23.1
U0643,Male,Nusa Tenggara Barat,Bachelor (S1)/Diploma IV,Civil Servant/BUMN,OVO,Reksadana,Tidak Ada,0.0,4,6.2,6000001.0,10000001.0,500000.0,19,237629,1.14,6378.0,4.36,100966,827.06,5731.1,32282,62.7
U0644,Male,Kalimantan Utara,Diploma I/II/III,Civil Servant/BUMN,LinkAja,Reksadana,Konsumsi,6558014.0,3,9.3,10000001.0,6000001.0,3000000.0,17,39135,0.15,84.0,3.08,20761,133.66,749.4,198429,58.4
U0645,Male,Kepulauan Bangka Belitung,Elementary School,Entrepreneur,Akulaku,Reksadana,Gaya,14254970.0,4,7.7,4000001.0,4000001.0,3000000.0,26,103253,0.91,1080.0,1.6,54643,337.75,1550.8,70194,67.4
U0646,Female,Maluku,Senior High School,Student,OVO,Reksadana,Gaya,8094968.0,2,3.8,2000001.0,4000001.0,500001.0,16,64468,0.2,117.0,0.84,32951,231.36,1970.6,32198,42.1
U0647,Female,Jawa Timur,Postgraduate,Civil Servant/BUMN,OVO,No Investment,Pendidikan,12121724.0,3,17.0,6000001.0,10000001.0,500000.0,26,3048079,132.94,44643.0,3.29,1895275,10417.68,42089.3,75770,66.7
U0648,Female,Riau,Senior High School,Civil Servant/BUMN,OVO,Saham,Konsumsi,6391966.0,3,8.9,4000001.0,4000001.0,500001.0,15,542854,4.45,4273.0,1.66,282437,1565.78,2213.5,165350,41.8
U0649,Female,Kepulauan Bangka Belitung,Senior High School,Private Employee,GoPay,Reksadana,Konsumsi,4629295.0,2,9.5,4000001.0,4000001.0,500001.0,15,103253,0.91,1080.0,1.6,54643,337.75,1550.8,70194,67.4
U0650,Male,Kepulauan Bangka Belitung,Senior High School,Others,Akulaku,Emas,Konsumsi,4467924.0,5,8.0,2000001.0,4000001.0,500001.0,16,103253,0.91,1080.0,1.6,54643,337.75,1550.8,70194,67.4
U0651,Male,Sulawesi Tengah,Senior High School,Entrepreneur,Dana,Reksadana,Tidak Ada,0.0,5,1.2,6000001.0,10000001.0,500000.0,28,177868,0.64,665.0,1.54,77106,598.93,3156.1,120750,43.1
U0652,Female,Riau,Senior High School,Student,Kredivo,No Investment,Pendidikan,4402859.0,5,9.7,4000001.0,4000001.0,3000000.0,22,542854,4.45,4273.0,1.66,282437,1565.78,2213.5,165350,41.8
U0653,Female,Bali,Senior High School,Entrepreneur,OVO,Saham,Tidak Ada,0.0,4,7.2,6000001.0,10000001.0,500000.0,23,427124,18.54,8469.0,1.13,260541,1781.63,2836.7,67319,81.2
U0654,Female,Banten,Junior High School,Student,Dana,Reksadana,Usaha,7444758.0,2,7.9,2000001.0,4000001.0,1000001.0,21,1742274,601.94,83677.0,2.73,1244263,6226.21,12537.4,70276,84.9
U0655,Male,Jawa Timur,Bachelor (S1)/Diploma IV,Student,LinkAja,Kripto,Usaha,3318710.0,3,8.4,2000000.0,2000000.0,500000.0,26,3048079,132.94,44643.0,3.29,1895275,10417.68,42089.3,75770,66.7
U0656,Male,Papua Tengah,Senior High School,Student,ShopeePay,Reksadana,Gaya,10008976.0,3,11.8,2000000.0,2000000.0,500001.0,13,10736,1.7,2214.0,0.99,8184,27.6,1073.6,118774,58.4
U0657,Male,Jambi,Bachelor (S1)/Diploma IV,Student,LinkAja,Saham,Tidak Ada,0.0,3,5.6,2000000.0,2000000.0,3000000.0,18,273264,1.06,1251.0,2.16,136402,864.3,3768.5,86722,38.2
U0658,Male,Jambi,Bachelor (S1)/Diploma IV,Private Employee,OVO,Saham,Pendidikan,11407408.0,4,5.7,4000001.0,4000001.0,500000.0,22,273264,1.06,1251.0,2.16,136402,864.3,3768.5,86722,38.2
U0659,Female,Kalimantan Barat,Senior High School,Private Employee,ShopeePay,Reksadana,Konsumsi,17126836.0,4,0.5,4000001.0,4000001.0,500000.0,21,277057,4.73,4654.0,1.54,151011,855.65,5766.0,52703,47.9
U0660,Female,Jawa Timur,Diploma I/II/III,Not Working,ShopeePay,Reksadana,Gaya,9683613.0,5,4.3,2000000.0,2000000.0,500001.0,20,3048079,132.94,44643.0,3.29,1895275,10417.68,42089.3,75770,66.7
U0661,Male,Nusa Tenggara Barat,Senior High School,Private Employee,GoPay,No Investment,Pendidikan,16768510.0,4,4.4,4000001.0,4000001.0,1000001.0,18,237629,1.14,6378.0,4.36,100966,827.06,5731.1,32282,62.7
U0662,Female,Sumatera Utara,Bachelor (S1)/Diploma IV,Private Employee,Kredivo,Reksadana,Usaha,13934640.0,5,2.4,4000001.0,4000001.0,500001.0,19,1036941,26.54,26205.0,1.55,650944,3078.85,15785.8,73575,68.1
U0663,Female,Gorontalo,Senior High School,Student,ShopeePay,Reksadana,Tidak Ada,0.0,5,8.1,2000000.0,2000000.0,500001.0,13,114275,0.35,298.0,1.4,51903,457.14,1242.2,44433,58.4
U0664,Male,Jawa Tengah,Diploma I/II/III,Student,ShopeePay,No Investment,Usaha,13410897.0,3,12.0,2000000.0,2000000.0,500000.0,19,2637739,29.46,59501.0,2.77,1553694,6962.05,38233.9,47972,60.8
U0665,Male,Riau,Diploma I/II/III,Private Employee,Kredivo,Reksadana,Tidak Ada,0.0,4,12.1,2000001.0,4000001.0,3000000.0,13,542854,4.45,4273.0,1.66,282437,1565.78,2213.5,165350,41.8
U0666,Male,Kepulauan Riau,Senior High School,Civil Servant/BUMN,Akulaku,Emas,Gaya,2094745.0,5,4.9,6000001.0,10000001.0,3000000.0,14,309076,7.83,9212.0,1.8,180411,993.02,10678.0,161424,85.3
U0667,Male,Maluku,Junior High School,Entrepreneur,ShopeePay,Reksadana,Tidak Ada,0.0,2,6.3,15000000.0,15000000.0,500001.0,24,64468,0.2,117.0,0.84,32951,231.36,1970.6,32198,42.1
U0668,Male,Lampung,Diploma I/II/III,Student,Kredivo,Saham,Tidak Ada,0.0,2,10.1,2000001.0,4000001.0,1000001.0,13,530899,5.15,4033.0,2.81,284856,1455.8,9522.9,51370,42.4
U0669,Male,Sumatera Barat,Diploma I/II/III,Student,Akulaku,Saham,Gaya,6449782.0,4,8.1,2000000.0,2000000.0,500001.0,26,400529,1.77,9358.0,2.4,198642,1398.91,5914.3,57047,63.8
U0670,Male,Kepulauan Bangka Belitung,Senior High School,Civil Servant/BUMN,Akulaku,Reksadana,Tidak Ada,0.0,3,7.3,10000001.0,6000001.0,500001.0,15,103253,0.91,1080.0,1.6,54643,337.75,1550.8,70194,67.4
U0671,Male,Sulawesi Barat,Diploma I/II/III,Student,OVO,No Investment,Tidak Ada,0.0,3,6.4,2000001.0,4000001.0,500000.0,21,57874,0.12,247.0,1.19,25633,230.51,1525.3,42718,23.1
U0672,Female,DKI Jakarta,Senior High School,Student,Dana,Reksadana,Usaha,5283877.0,5,9.9,2000001.0,4000001.0,500001.0,14,2708907,20964.0,9272715.0,3.56,2324200,12838.89,10678.0,344350,100.0
U0673,Male,Papua Tengah,Diploma I/II/III,Private Employee,Kredivo,Kripto,Usaha,5802427.0,4,4.3,2000001.0,4000001.0,500001.0,14,10736,1.7,2214.0,0.99,8184,27.6,1073.6,118774,58.4
U0674,Female,Papua Selatan,Senior High School,Student,GoPay,Reksadana,Tidak Ada,0.0,2,8.2,2000001.0,4000001.0,500000.0,15,6267,1.7,2214.0,1.24,3118,14.24,1492.3,61583,58.4
U0675,Male,Jawa Tengah,Bachelor (S1)/Diploma IV,Private Employee,Akulaku,Emas,Gaya,7847965.0,5,7.9,6000001.0,4000001.0,500001.0,15,2637739,29.46,59501.0,2.77,1553694,6962.05,38233.9,47972,60.8
U0676,Female,Papua Pegunungan,Senior High School,Student,GoPay,Kripto,Konsumsi,11457413.0,5,7.1,2000000.0,2000000.0,1000001.0,22,2410,1.7,2214.0,0.9,998,4.9,549.7,18105,58.4
U0677,Male,Jawa Tengah,Senior High School,Student,LinkAja,No Investment,Tidak Ada,0.0,1,9.0,2000001.0,4000001.0,500001.0,27,2637739,29.46,59501.0,2.77,1553694,6962.05,38233.9,47972,60.8
U0678,Male,Jawa Barat,Junior High School,Student,OVO,No Investment,Konsumsi,6667324.0,4,7.1,2000000.0,2000000.0,500001.0,21,6818787,251.24,143127.0,3.41,4705372,20751.93,50759.0,56080,89.3
U0679,Female,Papua Selatan,Junior High School,Entrepreneur,LinkAja,Kripto,Tidak Ada,0.0,5,5.7,6000001.0,10000001.0,3000000.0,25,6267,1.7,2214.0,1.24,3118,14.24,1492.3,61583,58.4
U0680,Female,Kepulauan Riau,Senior High School,Student,OVO,No Investment,Tidak Ada,0.0,2,7.2,2000000.0,4000001.0,500000.0,16,309076,7.83,9212.0,1.8,180411,993.02,10678.0,161424,85.3
U0681,Female,Kepulauan Bangka Belitung,Senior High School,Entrepreneur,OVO,Saham,Tidak Ada,0.0,1,3.0,10000001.0,6000001.0,500001.0,22,103253,0.91,1080.0,1.6,54643,337.75,1550.8,70194,67.4
U0682,Male,Bengkulu,Bachelor (S1)/Diploma IV,Student,ShopeePay,Emas,Konsumsi,16211894.0,2,8.5,2000000.0,2000000.0,1000001.0,13,138784,0.36,358.0,1.75,68108,478.3,2138.0,49233,35.6
U0683,Male,Sumatera Utara,Elementary School,Entrepreneur,OVO,No Investment,Gaya,11856782.0,3,9.2,6000001.0,10000001.0,500001.0,17,1036941,26.54,26205.0,1.55,650944,3078.85,15785.8,73575,68.1
U0684,Female,Kalimantan Timur,Senior High School,Student,OVO,Reksadana,Tidak Ada,14500031.0,1,5.4,2000000.0,2000000.0,500001.0,15,453429,6.55,1311.0,1.94,266429,1309.86,4267.6,212175,77.7
U0685,Female,Kalimantan Tengah,Senior High School,Private Employee,Dana,Reksadana,Pendidikan,6966138.0,1,20.0,4000001.0,4000001.0,500000.0,26,162309,0.45,506.0,1.49,90470,488.58,2845.0,79320,52.9
U0686,Female,Kalimantan Timur,Elementary School,Private Employee,GoPay,Emas,Konsumsi,1868240.0,5,5.5,2000001.0,4000001.0,1000001.0,14,453429,6.55,1311.0,1.94,266429,1309.86,4267.6,212175,77.7
U0687,Female,Gorontalo,Junior High School,Not Working,Kredivo,Kripto,Gaya,6271712.0,3,6.8,2000000.0,2000000.0,500001.0,13,114275,0.35,298.0,1.4,51903,457.14,1242.2,44433,58.4
U0688,Male,DI Yogyakarta,Senior High School,Student,LinkAja,Reksadana,Usaha,5702662.0,5,7.5,2000001.0,4000001.0,1000001.0,19,394247,7.26,8228.0,3.31,240062,1207.31,3781.5,51473,84.1
U0689,Female,Sulawesi Tengah,Senior High School,Student,LinkAja,Saham,Konsumsi,12237018.0,4,11.0,2000000.0,2000000.0,500001.0,18,177868,0.64,665.0,1.54,77106,598.93,3156.1,120750,43.1
U0690,Male,Jambi,Senior High School,Student,LinkAja,Saham,Tidak Ada,0.0,2,10.7,2000000.0,2000000.0,500001.0,15,273264,1.06,1251.0,2.16,136402,864.3,3768.5,86722,38.2
U0691,Male,Maluku,Senior High School,Entrepreneur,LinkAja,Saham,Tidak Ada,0.0,2,9.1,2000001.0,4000001.0,1000001.0,25,64468,0.2,117.0,0.84,32951,231.36,1970.6,32198,42.1
U0692,Male,Sulawesi Utara,Senior High School,Private Employee,Kredivo,Reksadana,Tidak Ada,0.0,5,7.3,10000001.0,6000001.0,500001.0,19,269034,0.78,1493.0,1.35,152307,976.3,2721.4,69352,68.7
U0693,Female,Maluku,Elementary School,Entrepreneur,ShopeePay,Saham,Tidak Ada,0.0,2,4.7,6000001.0,10000001.0,500001.0,21,64468,0.2,117.0,0.84,32951,231.36,1970.6,32198,42.1
U0694,Male,Kalimantan Barat,Senior High School,Student,Kredivo,Kripto,Usaha,16411212.0,2,11.2,2000000.0,2000000.0,500001.0,25,277057,4.73,4654.0,1.54,151011,855.65,5766.0,52703,47.9
U0695,Male,Bali,Postgraduate,Student,OVO,Kripto,Tidak Ada,0.0,4,6.4,2000000.0,2000000.0,1000001.0,21,427124,18.54,8469.0,1.13,260541,1781.63,2836.7,67319,81.2
U0696,Female,Sumatera Utara,Senior High School,Student,OVO,Kripto,Tidak Ada,0.0,3,7.7,2000001.0,4000001.0,500001.0,27,1036941,26.54,26205.0,1.55,650944,3078.85,15785.8,73575,68.1
U0697,Male,Sulawesi Utara,Diploma I/II/III,Others,Akulaku,Reksadana,Pendidikan,10822670.0,1,8.6,6000001.0,10000001.0,500001.0,28,269034,0.78,1493.0,1.35,152307,976.3,2721.4,69352,68.7
U0698,Female,Jawa Tengah,Senior High School,Private Employee,Akulaku,No Investment,Konsumsi,2491524.0,5,7.2,6000001.0,10000001.0,500000.0,25,2637739,29.46,59501.0,2.77,1553694,6962.05,38233.9,47972,60.8
U0699,Male,Sulawesi Tenggara,Bachelor (S1)/Diploma IV,Not Working,Dana,Kripto,Usaha,8327327.0,5,9.9,2000000.0,2000000.0,3000000.0,13,140184,0.27,529.0,1.44,69118,701.29,2836.7,67840,48.3
U0700,Male,Sumatera Selatan,Bachelor (S1)/Diploma IV,Student,LinkAja,No Investment,Usaha,5668394.0,4,8.1,2000000.0,2000000.0,500000.0,18,577990,8.6,4120.0,2.66,334613,1728.24,8928.5,75132,40.1
U0701,Female,Sumatera Barat,Senior High School,Private Employee,Dana,Emas,Gaya,7186289.0,4,9.5,2000001.0,4000001.0,500001.0,13,400529,1.77,9358.0,2.4,198642,1398.91,5914.3,57047,63.8
U0702,Male,Papua Tengah,Postgraduate,Private Employee,ShopeePay,Reksadana,Gaya,16363045.0,1,8.1,2000000.0,4000001.0,500001.0,20,10736,1.7,2214.0,0.99,8184,27.6,1073.6,118774,58.4
U0703,Male,Nusa Tenggara Barat,Junior High School,Student,Akulaku,Reksadana,Tidak Ada,0.0,3,6.9,2000000.0,2000000.0,500001.0,22,237629,1.14,6378.0,4.36,100966,827.06,5731.1,32282,62.7
U0704,Male,DKI Jakarta,Elementary School,Entrepreneur,GoPay,Emas,Gaya,19414370.0,5,7.2,2000001.0,4000001.0,500001.0,19,2708907,20964.0,9272715.0,3.56,2324200,12838.89,10678.0,344350,100.0
U0705,Male,Kalimantan Barat,Bachelor (S1)/Diploma IV,Not Working,LinkAja,Kripto,Konsumsi,9144157.0,4,6.8,2000000.0,2000000.0,500000.0,20,277057,4.73,4654.0,1.54,151011,855.65,5766.0,52703,47.9
U0706,Female,Jambi,Bachelor (S1)/Diploma IV,Not Working,Akulaku,Reksadana,Tidak Ada,0.0,5,3.8,2000000.0,2000000.0,500001.0,26,273264,1.06,1251.0,2.16,136402,864.3,3768.5,86722,38.2
U0707,Male,Nusa Tenggara Timur,Junior High School,Private Employee,Kredivo,Reksadana,Pendidikan,10680232.0,2,4.5,10000001.0,6000001.0,1000001.0,17,226040,0.72,8249.0,1.41,74766,753.13,5742.6,24272,34.6
U0708,Female,Kalimantan Selatan,Senior High School,Student,LinkAja,Reksadana,Tidak Ada,0.0,5,8.9,2000001.0,4000001.0,1000001.0,24,336953,2.29,2214.0,2.0,190913,958.78,4323.3,67117,59.8
U0709,Male,Nusa Tenggara Timur,Elementary School,Student,Kredivo,Emas,Konsumsi,17652210.0,3,18.5,2000001.0,4000001.0,500000.0,17,226040,0.72,8249.0,1.41,74766,753.13,5742.6,24272,34.6
U0710,Female,Banten,Senior High School,Others,GoPay,Kripto,Tidak Ada,0.0,3,6.0,4000001.0,4000001.0,1000001.0,17,1742274,601.94,83677.0,2.73,1244263,6226.21,12537.4,70276,84.9
U0711,Female,Kalimantan Utara,Bachelor (S1)/Diploma IV,Student,OVO,Reksadana,Konsumsi,18980091.0,5,4.4,2000000.0,2000000.0,500001.0,25,39135,0.15,84.0,3.08,20761,133.66,749.4,198429,58.4
U0712,Female,Riau,Senior High School,Private Employee,OVO,Reksadana,Konsumsi,7437292.0,2,5.9,6000001.0,10000001.0,1000001.0,27,542854,4.45,4273.0,1.66,282437,1565.78,2213.5,165350,41.8
U0713,Male,Jawa Timur,Senior High School,Private Employee,ShopeePay,Saham,Konsumsi,8307604.0,3,6.6,2000001.0,4000001.0,500001.0,15,3048079,132.94,44643.0,3.29,1895275,10417.68,42089.3,75770,66.7
U0714,Male,Sulawesi Utara,Senior High School,Private Employee,ShopeePay,Saham,Tidak Ada,0.0,4,6.0,6000001.0,4000001.0,500001.0,20,269034,0.78,1493.0,1.35,152307,976.3,2721.4,69352,68.7
U0715,Male,Papua Tengah,Elementary School,Others,OVO,Reksadana,Tidak Ada,0.0,5,3.4,2000001.0,4000001.0,3000000.0,27,10736,1.7,2214.0,0.99,8184,27.6,1073.6,118774,58.4
U0716,Female,DI Yogyakarta,Senior High School,Student,ShopeePay,No Investment,Usaha,19055866.0,2,6.5,10000001.0,6000001.0,1000001.0,13,394247,7.26,8228.0,3.31,240062,1207.31,3781.5,51473,84.1
U0717,Female,Nusa Tenggara Timur,Diploma I/II/III,Student,Kredivo,Reksadana,Tidak Ada,0.0,4,4.6,2000000.0,2000000.0,500001.0,27,226040,0.72,8249.0,1.41,74766,753.13,5742.6,24272,34.6
U0718,Female,Papua Barat Daya,Postgraduate,Student,Dana,Emas,Gaya,7907293.0,5,5.4,2000000.0,2000000.0,500000.0,16,11793,1.7,1.0,0.88,5691,24.05,1484.9,59064,58.4
U0719,Male,Papua Pegunungan,Bachelor (S1)/Diploma IV,Civil Servant/BUMN,Kredivo,Reksadana,Tidak Ada,0.0,2,8.9,10000001.0,6000001.0,500001.0,13,2410,1.7,2214.0,0.9,998,4.9,549.7,18105,58.4
U0720,Female,Bengkulu,Elementary School,Student,GoPay,Kripto,Tidak Ada,0.0,4,9.4,2000000.0,4000001.0,500001.0,23,138784,0.36,358.0,1.75,68108,478.3,2138.0,49233,35.6
U0721,Female,Sulawesi Barat,Bachelor (S1)/Diploma IV,Student,GoPay,Kripto,Pendidikan,12314957.0,3,3.7,2000001.0,4000001.0,500000.0,25,57874,0.12,247.0,1.19,25633,230.51,1525.3,42718,23.1
U0722,Male,Nusa Tenggara Timur,Bachelor (S1)/Diploma IV,Entrepreneur,Akulaku,Kripto,Pendidikan,3299045.0,5,10.9,10000001.0,6000001.0,500000.0,26,226040,0.72,8249.0,1.41,74766,753.13,5742.6,24272,34.6
U0723,Male,Sulawesi Utara,Bachelor (S1)/Diploma IV,Not Working,Dana,Saham,Tidak Ada,0.0,5,5.7,2000001.0,4000001.0,1000001.0,22,269034,0.78,1493.0,1.35,152307,976.3,2721.4,69352,68.7
U0724,Female,Banten,Senior High School,Student,Kredivo,Saham,Tidak Ada,0.0,3,5.5,6000001.0,10000001.0,500000.0,26,1742274,601.94,83677.0,2.73,1244263,6226.21,12537.4,70276,84.9
U0725,Female,Lampung,Senior High School,Student,GoPay,Emas,Tidak Ada,0.0,1,4.8,6000001.0,10000001.0,500001.0,16,530899,5.15,4033.0,2.81,284856,1455.8,9522.9,51370,42.4
U0726,Female,Nusa Tenggara Barat,Senior High School,Not Working,Akulaku,Emas,Tidak Ada,0.0,4,7.1,2000000.0,2000000.0,500000.0,27,237629,1.14,6378.0,4.36,100966,827.06,5731.1,32282,62.7
U0727,Male,Sulawesi Tenggara,Junior High School,Student,GoPay,Kripto,Konsumsi,4129331.0,3,12.0,2000001.0,4000001.0,500001.0,19,140184,0.27,529.0,1.44,69118,701.29,2836.7,67840,48.3
U0728,Female,Banten,Senior High School,Student,Kredivo,Saham,Tidak Ada,0.0,5,3.2,2000001.0,4000001.0,500000.0,13,1742274,601.94,83677.0,2.73,1244263,6226.21,12537.4,70276,84.9
U0729,Male,Nusa Tenggara Timur,Senior High School,Student,Kredivo,Saham,Usaha,10057706.0,4,1.9,2000001.0,4000001.0,500000.0,15,226040,0.72,8249.0,1.41,74766,753.13,5742.6,24272,34.6
U0730,Male,Bali,Senior High School,Private Employee,GoPay,Reksadana,Tidak Ada,0.0,4,7.7,2000001.0,4000001.0,1000001.0,17,427124,18.54,8469.0,1.13,260541,1781.63,2836.7,67319,81.2
U0731,Male,Jawa Tengah,Diploma I/II/III,Student,Dana,Kripto,Usaha,7084016.0,1,8.4,2000001.0,4000001.0,1000001.0,22,2637739,29.46,59501.0,2.77,1553694,6962.05,38233.9,47972,60.8
U0732,Female,Bengkulu,Senior High School,Others,Dana,Kripto,Gaya,14691351.0,5,7.1,15000000.0,15000000.0,500000.0,17,138784,0.36,358.0,1.75,68108,478.3,2138.0,49233,35.6
U0733,Female,Sulawesi Selatan,Junior High School,Civil Servant/BUMN,Kredivo,No Investment,Gaya,5168710.0,2,20.0,10000001.0,6000001.0,500001.0,19,609232,6.63,7617.0,1.67,354031,2038.05,9563.1,73573,59.6
U0734,Female,Kepulauan Riau,Postgraduate,Private Employee,Kredivo,Emas,Pendidikan,2149478.0,1,4.2,4000001.0,4000001.0,500001.0,20,309076,7.83,9212.0,1.8,180411,993.02,10678.0,161424,85.3
U0735,Male,Papua,Bachelor (S1)/Diploma IV,Student,Akulaku,Saham,Konsumsi,10030750.0,1,4.6,2000000.0,2000000.0,1000001.0,26,75024,0.52,343.0,1.17,39157,221.27,636.4,59064,41.5
U0736,Female,Papua Pegunungan,Bachelor (S1)/Diploma IV,Civil Servant/BUMN,ShopeePay,Reksadana,Tidak Ada,0.0,2,7.3,2000001.0,4000001.0,1000001.0,14,2410,1.7,2214.0,0.9,998,4.9,549.7,18105,58.4
U0737,Male,Sulawesi Utara,Postgraduate,Private Employee,ShopeePay,Saham,Tidak Ada,0.0,2,11.4,6000001.0,10000001.0,500001.0,20,269034,0.78,1493.0,1.35,152307,976.3,2721.4,69352,68.7
U0738,Female,Sumatera Selatan,Senior High School,Entrepreneur,Dana,Emas,Konsumsi,6677792.0,1,8.4,10000001.0,6000001.0,500001.0,24,577990,8.6,4120.0,2.66,334613,1728.24,8928.5,75132,40.1
U0739,Male,Kalimantan Utara,Postgraduate,Entrepreneur,Kredivo,Reksadana,Tidak Ada,0.0,4,8.5,6000001.0,10000001.0,1000001.0,21,39135,0.15,84.0,3.08,20761,133.66,749.4,198429,58.4
U0740,Male,Nusa Tenggara Barat,Junior High School,Private Employee,Kredivo,Kripto,Tidak Ada,0.0,3,4.3,2000001.0,4000001.0,500000.0,20,237629,1.14,6378.0,4.36,100966,827.06,5731.1,32282,62.7
U0741,Male,Kalimantan Timur,Senior High School,Not Working,OVO,Emas,Usaha,8383679.0,3,8.1,2000000.0,2000000.0,500001.0,15,453429,6.55,1311.0,1.94,266429,1309.86,4267.6,212175,77.7
U0742,Male,Sumatera Selatan,Senior High School,Entrepreneur,Dana,Saham,Pendidikan,5096218.0,1,4.0,6000001.0,10000001.0,3000000.0,16,577990,8.6,4120.0,2.66,334613,1728.24,8928.5,75132,40.1
U0743,Female,Gorontalo,Senior High School,Entrepreneur,LinkAja,Saham,Tidak Ada,0.0,4,11.4,15000000.0,15000000.0,1000001.0,15,114275,0.35,298.0,1.4,51903,457.14,1242.2,44433,58.4
U0744,Male,Sulawesi Utara,Junior High School,Student,Dana,Saham,Tidak Ada,0.0,2,4.5,2000001.0,4000001.0,500001.0,28,269034,0.78,1493.0,1.35,152307,976.3,2721.4,69352,68.7
U0745,Male,Bali,Diploma I/II/III,Student,LinkAja,Reksadana,Tidak Ada,6491303.0,1,5.0,2000000.0,2000000.0,500001.0,20,427124,18.54,8469.0,1.13,260541,1781.63,2836.7,67319,81.2
U0746,Female,Kalimantan Utara,Bachelor (S1)/Diploma IV,Student,Akulaku,Saham,Tidak Ada,0.0,5,3.3,2000000.0,2000000.0,500001.0,19,39135,0.15,84.0,3.08,20761,133.66,749.4,198429,58.4
U0747,Male,DKI Jakarta,Senior High School,Private Employee,OVO,Saham,Konsumsi,5651300.0,4,7.2,2000001.0,4000001.0,500001.0,28,2708907,20964.0,9272715.0,3.56,2324200,12838.89,10678.0,344350,100.0
U0748,Female,Sulawesi Tengah,Junior High School,Civil Servant/BUMN,LinkAja,Saham,Usaha,12502333.0,5,7.1,15000000.0,15000000.0,500001.0,23,177868,0.64,665.0,1.54,77106,598.93,3156.1,120750,43.1
U0749,Female,Papua,Bachelor (S1)/Diploma IV,Civil Servant/BUMN,GoPay,Kripto,Konsumsi,3762983.0,5,10.8,2000001.0,4000001.0,500001.0,15,75024,0.52,343.0,1.17,39157,221.27,636.4,59064,41.5
U0750,Female,Sulawesi Tenggara,Diploma I/II/III,Not Working,Kredivo,Emas,Konsumsi,13120267.0,1,8.9,2000000.0,2000000.0,1000001.0,25,140184,0.27,529.0,1.44,69118,701.29,2836.7,67840,48.3
U0751,Male,Sumatera Barat,Senior High School,Not Working,GoPay,Saham,Tidak Ada,0.0,4,5.0,2000000.0,4000001.0,1000001.0,19,400529,1.77,9358.0,2.4,198642,1398.91,5914.3,57047,63.8
U0752,Female,DKI Jakarta,Diploma I/II/III,Not Working,LinkAja,Kripto,Tidak Ada,0.0,5,9.2,2000000.0,2000000.0,500000.0,24,2708907,20964.0,9272715.0,3.56,2324200,12838.89,10678.0,344350,100.0
U0753,Female,Papua Barat Daya,Senior High School,Student,OVO,Reksadana,Usaha,9974874.0,4,3.9,2000001.0,4000001.0,500001.0,28,11793,1.7,1.0,0.88,5691,24.05,1484.9,59064,58.4
U0754,Male,DI Yogyakarta,Senior High School,Private Employee,OVO,Emas,Konsumsi,4076758.0,3,5.2,6000001.0,10000001.0,500001.0,23,394247,7.26,8228.0,3.31,240062,1207.31,3781.5,51473,84.1
U0755,Male,Sulawesi Tengah,Bachelor (S1)/Diploma IV,Student,Kredivo,Emas,Tidak Ada,0.0,5,7.3,2000000.0,2000000.0,500001.0,13,177868,0.64,665.0,1.54,77106,598.93,3156.1,120750,43.1
U0756,Female,Kalimantan Tengah,Senior High School,Student,Akulaku,Reksadana,Tidak Ada,0.0,5,4.2,2000000.0,2000000.0,500000.0,15,162309,0.45,506.0,1.49,90470,488.58,2845.0,79320,52.9
U0757,Female,Sulawesi Barat,Senior High School,Student,GoPay,Saham,Tidak Ada,0.0,4,9.7,2000000.0,2000000.0,500001.0,13,57874,0.12,247.0,1.19,25633,230.51,1525.3,42718,23.1
U0758,Female,Lampung,Bachelor (S1)/Diploma IV,Student,Kredivo,Emas,Tidak Ada,0.0,3,12.7,2000001.0,4000001.0,1000001.0,19,530899,5.15,4033.0,2.81,284856,1455.8,9522.9,51370,42.4
U0759,Female,Kalimantan Barat,Diploma I/II/III,Civil Servant/BUMN,GoPay,Reksadana,Gaya,4332733.0,5,6.3,2000001.0,4000001.0,500001.0,26,277057,4.73,4654.0,1.54,151011,855.65,5766.0,52703,47.9
U0760,Female,Maluku Utara,Junior High School,Entrepreneur,ShopeePay,Saham,Tidak Ada,0.0,1,5.4,6000001.0,10000001.0,3000000.0,18,54436,0.08,74.0,0.62,27649,242.69,1373.8,70660,30.6
U0761,Male,Kalimantan Selatan,Junior High School,Student,Dana,No Investment,Konsumsi,1240174.0,4,20.0,4000001.0,4000001.0,3000000.0,20,336953,2.29,2214.0,2.0,190913,958.78,4323.3,67117,59.8
U0762,Male,Bengkulu,Elementary School,Private Employee,OVO,Kripto,Pendidikan,703811.0,4,5.6,10000001.0,6000001.0,500000.0,14,138784,0.36,358.0,1.75,68108,478.3,2138.0,49233,35.6
U0763,Male,Kepulauan Bangka Belitung,Diploma I/II/III,Private Employee,GoPay,No Investment,Pendidikan,18906710.0,5,7.7,4000001.0,4000001.0,500000.0,26,103253,0.91,1080.0,1.6,54643,337.75,1550.8,70194,67.4
U0764,Female,Aceh,Senior High School,Student,Dana,Emas,Gaya,10483130.0,3,3.7,2000000.0,2000000.0,3000000.0,19,102897,1.63,615.0,0.82,70593,196.9,5626.0,43782,43.2
U0765,Male,Gorontalo,Junior High School,Civil Servant/BUMN,Kredivo,Reksadana,Tidak Ada,0.0,5,7.8,2000001.0,4000001.0,3000000.0,25,114275,0.35,298.0,1.4,51903,457.14,1242.2,44433,58.4
U0766,Female,Lampung,Postgraduate,Student,OVO,No Investment,Tidak Ada,0.0,2,11.8,2000001.0,4000001.0,500000.0,22,530899,5.15,4033.0,2.81,284856,1455.8,9522.9,51370,42.4
U0767,Female,Riau,Senior High School,Private Employee,Dana,Emas,Konsumsi,15697260.0,5,2.0,6000001.0,10000001.0,500000.0,16,542854,4.45,4273.0,1.66,282437,1565.78,2213.5,165350,41.8
U0768,Female,Papua Tengah,Senior High School,Civil Servant/BUMN,OVO,Saham,Konsumsi,6262637.0,2,4.1,4000001.0,4000001.0,500000.0,19,10736,1.7,2214.0,0.99,8184,27.6,1073.6,118774,58.4
U0769,Male,Sumatera Barat,Senior High School,Student,OVO,Reksadana,Pendidikan,16467844.0,1,5.9,2000000.0,2000000.0,3000000.0,21,400529,1.77,9358.0,2.4,198642,1398.91,5914.3,57047,63.8
U0770,Female,Bengkulu,Diploma I/II/III,Student,OVO,Kripto,Pendidikan,13360853.0,4,8.4,2000001.0,4000001.0,500000.0,21,138784,0.36,358.0,1.75,68108,478.3,2138.0,49233,35.6
U0771,Male,Sulawesi Selatan,Junior High School,Private Employee,GoPay,Saham,Tidak Ada,0.0,4,9.2,2000001.0,6000001.0,500001.0,20,609232,6.63,7617.0,1.67,354031,2038.05,9563.1,73573,59.6
U0772,Female,Aceh,Senior High School,Not Working,Akulaku,Emas,Tidak Ada,0.0,3,9.0,2000000.0,2000000.0,1000001.0,15,102897,1.63,615.0,0.82,70593,196.9,5626.0,43782,43.2
U0773,Male,Sulawesi Selatan,Bachelor (S1)/Diploma IV,Student,OVO,Saham,Tidak Ada,0.0,5,2.8,2000000.0,2000000.0,500000.0,14,609232,6.63,7617.0,1.67,354031,2038.05,9563.1,73573,59.6
U0774,Male,Banten,Senior High School,Private Employee,Dana,Saham,Tidak Ada,0.0,1,5.3,2000001.0,4000001.0,500001.0,13,1742274,601.94,83677.0,2.73,1244263,6226.21,12537.4,70276,84.9
U0775,Female,Papua Barat Daya,Senior High School,Private Employee,LinkAja,Reksadana,Tidak Ada,0.0,2,4.7,2000001.0,4000001.0,500000.0,15,11793,1.7,1.0,0.88,5691,24.05,1484.9,59064,58.4
U0776,Male,Bengkulu,Senior High School,Not Working,GoPay,Emas,Gaya,7545158.0,3,6.8,4000001.0,4000001.0,1000001.0,22,138784,0.36,358.0,1.75,68108,478.3,2138.0,49233,35.6
U0777,Male,Kalimantan Timur,Elementary School,Entrepreneur,ShopeePay,Kripto,Konsumsi,6756878.0,1,7.0,6000001.0,10000001.0,500000.0,16,453429,6.55,1311.0,1.94,266429,1309.86,4267.6,212175,77.7
U0778,Female,DKI Jakarta,Senior High School,Private Employee,LinkAja,Saham,Gaya,6057260.0,1,3.6,6000001.0,10000001.0,500001.0,20,2708907,20964.0,9272715.0,3.56,2324200,12838.89,10678.0,344350,100.0
U0779,Female,Papua Barat,Senior High School,Private Employee,OVO,Saham,Gaya,17807769.0,2,5.9,2000000.0,2000000.0,500001.0,23,32690,0.15,97.0,1.32,17755,89.41,587.6,131636,44.4
U0780,Female,Papua Pegunungan,Senior High School,Not Working,ShopeePay,Reksadana,Tidak Ada,0.0,2,8.5,2000001.0,4000001.0,500000.0,14,2410,1.7,2214.0,0.9,998,4.9,549.7,18105,58.4
U0781,Female,Papua Selatan,Elementary School,Student,OVO,Kripto,Konsumsi,4295627.0,4,5.4,2000000.0,2000000.0,500000.0,28,6267,1.7,2214.0,1.24,3118,14.24,1492.3,61583,58.4
U0782,Female,Bali,Bachelor (S1)/Diploma IV,Student,Kredivo,Reksadana,Pendidikan,1751782.0,5,6.5,2000000.0,2000000.0,500001.0,14,427124,18.54,8469.0,1.13,260541,1781.63,2836.7,67319,81.2
U0783,Male,Papua Tengah,Postgraduate,Student,Dana,Saham,Pendidikan,19344015.0,3,11.2,2000000.0,2000000.0,500000.0,20,10736,1.7,2214.0,0.99,8184,27.6,1073.6,118774,58.4
U0784,Male,Jambi,Bachelor (S1)/Diploma IV,Entrepreneur,Akulaku,Saham,Tidak Ada,0.0,5,18.5,2000001.0,4000001.0,1000001.0,17,273264,1.06,1251.0,2.16,136402,864.3,3768.5,86722,38.2
U0785,Male,Maluku Utara,Bachelor (S1)/Diploma IV,Entrepreneur,OVO,No Investment,Usaha,16180246.0,3,1.6,10000001.0,6000001.0,1000001.0,17,54436,0.08,74.0,0.62,27649,242.69,1373.8,70660,30.6
U0786,Female,Sumatera Barat,Senior High School,Student,Kredivo,Kripto,Tidak Ada,0.0,1,7.3,2000000.0,2000000.0,500001.0,14,400529,1.77,9358.0,2.4,198642,1398.91,5914.3,57047,63.8
U0787,Female,Papua Tengah,Postgraduate,Private Employee,Akulaku,Reksadana,Tidak Ada,0.0,2,14.3,2000001.0,4000001.0,500001.0,17,10736,1.7,2214.0,0.99,8184,27.6,1073.6,118774,58.4
U0788,Male,DI Yogyakarta,Senior High School,Civil Servant/BUMN,Akulaku,Kripto,Pendidikan,14052684.0,2,8.2,4000001.0,4000001.0,500001.0,17,394247,7.26,8228.0,3.31,240062,1207.31,3781.5,51473,84.1
U0789,Male,Maluku,Postgraduate,Student,Akulaku,Reksadana,Gaya,2230934.0,1,7.0,2000000.0,2000000.0,1000001.0,27,64468,0.2,117.0,0.84,32951,231.36,1970.6,32198,42.1
U0790,Female,Maluku,Postgraduate,Others,GoPay,Reksadana,Tidak Ada,0.0,1,0.5,2000000.0,2000000.0,500001.0,19,64468,0.2,117.0,0.84,32951,231.36,1970.6,32198,42.1
U0791,Male,Bali,Diploma I/II/III,Student,Kredivo,Saham,Usaha,11997678.0,3,7.5,2000000.0,2000000.0,500000.0,25,427124,18.54,8469.0,1.13,260541,1781.63,2836.7,67319,81.2
U0792,Female,Kalimantan Utara,Postgraduate,Student,GoPay,Kripto,Tidak Ada,0.0,1,8.8,2000001.0,4000001.0,500000.0,16,39135,0.15,84.0,3.08,20761,133.66,749.4,198429,58.4
U0793,Female,Kalimantan Timur,Senior High School,Private Employee,OVO,Saham,Konsumsi,10916027.0,3,6.5,2000000.0,4000001.0,500001.0,19,453429,6.55,1311.0,1.94,266429,1309.86,4267.6,212175,77.7
U0794,Female,Nusa Tenggara Barat,Senior High School,Private Employee,LinkAja,Reksadana,Konsumsi,18733314.0,5,7.5,2000000.0,2000000.0,500001.0,17,237629,1.14,6378.0,4.36,100966,827.06,5731.1,32282,62.7
U0795,Male,DI Yogyakarta,Senior High School,Student,Akulaku,Emas,Tidak Ada,0.0,2,8.1,2000000.0,2000000.0,500001.0,27,394247,7.26,8228.0,3.31,240062,1207.31,3781.5,51473,84.1
U0796,Female,Jawa Timur,Senior High School,Private Employee,Akulaku,Reksadana,Tidak Ada,0.0,2,9.2,6000001.0,10000001.0,500000.0,27,3048079,132.94,44643.0,3.29,1895275,10417.68,42089.3,75770,66.7
U0797,Female,Jawa Timur,Junior High School,Private Employee,ShopeePay,Reksadana,Tidak Ada,0.0,2,5.9,4000001.0,4000001.0,1000001.0,16,3048079,132.94,44643.0,3.29,1895275,10417.68,42089.3,75770,66.7
U0798,Female,Sumatera Selatan,Diploma I/II/III,Student,Dana,Saham,Tidak Ada,0.0,5,5.9,2000000.0,2000000.0,500000.0,27,577990,8.6,4120.0,2.66,334613,1728.24,8928.5,75132,40.1
U0799,Female,Sulawesi Selatan,Postgraduate,Student,Akulaku,Saham,Tidak Ada,0.0,5,2.2,2000000.0,2000000.0,500000.0,27,609232,6.63,7617.0,1.67,354031,2038.05,9563.1,73573,59.6
U0800,Female,Jawa Timur,Senior High School,Private Employee,GoPay,Saham,Tidak Ada,0.0,4,6.0,2000001.0,4000001.0,500001.0,28,3048079,132.94,44643.0,3.29,1895275,10417.68,42089.3,75770,66.7
U0801,Female,Papua Pegunungan,Bachelor (S1)/Diploma IV,Student,Kredivo,Saham,Tidak Ada,0.0,3,9.4,2000000.0,2000000.0,500000.0,13,2410,1.7,2214.0,0.9,998,4.9,549.7,18105,58.4
U0802,Male,Lampung,Bachelor (S1)/Diploma IV,Not Working,ShopeePay,Saham,Gaya,15691997.0,3,8.2,2000001.0,4000001.0,500001.0,16,530899,5.15,4033.0,2.81,284856,1455.8,9522.9,51370,42.4
U0803,Female,Jawa Timur,Bachelor (S1)/Diploma IV,Entrepreneur,Kredivo,Reksadana,Pendidikan,13913170.0,4,4.5,10000001.0,6000001.0,500001.0,21,3048079,132.94,44643.0,3.29,1895275,10417.68,42089.3,75770,66.7
U0804,Female,Sumatera Barat,Postgraduate,Others,Akulaku,Reksadana,Tidak Ada,0.0,2,2.2,2000001.0,4000001.0,500001.0,22,400529,1.77,9358.0,2.4,198642,1398.91,5914.3,57047,63.8
U0805,Male,Jawa Tengah,Senior High School,Student,OVO,No Investment,Usaha,8985983.0,3,6.6,2000001.0,4000001.0,500001.0,22,2637739,29.46,59501.0,2.77,1553694,6962.05,38233.9,47972,60.8
U0806,Female,Papua,Postgraduate,Others,OVO,Saham,Gaya,2319941.0,3,9.3,4000001.0,4000001.0,500000.0,15,75024,0.52,343.0,1.17,39157,221.27,636.4,59064,41.5
U0807,Female,Kalimantan Utara,Bachelor (S1)/Diploma IV,Civil Servant/BUMN,Dana,Reksadana,Usaha,4449244.0,2,5.8,4000001.0,4000001.0,500000.0,17,39135,0.15,84.0,3.08,20761,133.66,749.4,198429,58.4
U0808,Female,Maluku Utara,Senior High School,Student,GoPay,Emas,Gaya,15708735.0,1,3.4,2000000.0,2000000.0,1000001.0,24,54436,0.08,74.0,0.62,27649,242.69,1373.8,70660,30.6
U0809,Male,Maluku Utara,Senior High School,Student,LinkAja,Reksadana,Usaha,4129331.0,1,5.5,2000000.0,2000000.0,500001.0,25,54436,0.08,74.0,0.62,27649,242.69,1373.8,70660,30.6
U0810,Male,Sulawesi Barat,Diploma I/II/III,Student,Akulaku,Saham,Konsumsi,8968902.0,4,7.8,2000000.0,2000000.0,500001.0,26,57874,0.12,247.0,1.19,25633,230.51,1525.3,42718,23.1
U0811,Female,Jawa Tengah,Senior High School,Private Employee,Dana,Saham,Tidak Ada,0.0,5,10.1,6000001.0,10000001.0,500000.0,17,2637739,29.46,59501.0,2.77,1553694,6962.05,38233.9,47972,60.8
U0812,Female,Aceh,Diploma I/II/III,Civil Servant/BUMN,OVO,Kripto,Usaha,2748753.0,3,6.4,10000001.0,6000001.0,500001.0,15,102897,1.63,615.0,0.82,70593,196.9,5626.0,43782,43.2
U0813,Male,Papua,Diploma I/II/III,Student,Akulaku,Saham,Gaya,12748270.0,3,9.6,6000001.0,10000001.0,500001.0,23,75024,0.52,343.0,1.17,39157,221.27,636.4,59064,41.5
U0814,Female,Jawa Timur,Senior High School,Private Employee,ShopeePay,Emas,Konsumsi,14875475.0,4,9.4,6000001.0,10000001.0,500001.0,28,3048079,132.94,44643.0,3.29,1895275,10417.68,42089.3,75770,66.7
U0815,Female,DI Yogyakarta,Senior High School,Student,Akulaku,Kripto,Konsumsi,17661045.0,4,4.1,2000000.0,2000000.0,1000001.0,27,394247,7.26,8228.0,3.31,240062,1207.31,3781.5,51473,84.1
U0816,Female,Gorontalo,Bachelor (S1)/Diploma IV,Private Employee,Akulaku,Saham,Konsumsi,7936949.0,3,10.1,2000001.0,4000001.0,500000.0,13,114275,0.35,298.0,1.4,51903,457.14,1242.2,44433,58.4
U0817,Female,Papua,Senior High School,Student,OVO,Emas,Tidak Ada,0.0,2,7.7,2000001.0,4000001.0,500000.0,22,75024,0.52,343.0,1.17,39157,221.27,636.4,59064,41.5
U0818,Male,Nusa Tenggara Barat,Elementary School,Entrepreneur,LinkAja,Emas,Konsumsi,18299978.0,2,4.0,6000001.0,10000001.0,1000001.0,15,237629,1.14,6378.0,4.36,100966,827.06,5731.1,32282,62.7
U0819,Male,Bengkulu,Elementary School,Entrepreneur,Kredivo,Reksadana,Tidak Ada,0.0,5,11.4,10000001.0,6000001.0,3000000.0,17,138784,0.36,358.0,1.75,68108,478.3,2138.0,49233,35.6
U0820,Male,Gorontalo,Senior High School,Civil Servant/BUMN,Dana,Reksadana,Konsumsi,7298161.0,3,6.7,10000001.0,6000001.0,500000.0,21,114275,0.35,298.0,1.4,51903,457.14,1242.2,44433,58.4
U0821,Female,Maluku,Bachelor (S1)/Diploma IV,Student,Akulaku,Saham,Konsumsi,14555062.0,3,2.1,2000001.0,4000001.0,500001.0,24,64468,0.2,117.0,0.84,32951,231.36,1970.6,32198,42.1
U0822,Male,Sulawesi Utara,Senior High School,Student,LinkAja,Saham,Konsumsi,17831916.0,3,5.2,2000001.0,4000001.0,500000.0,26,269034,0.78,1493.0,1.35,152307,976.3,2721.4,69352,68.7
U0823,Male,Papua Barat Daya,Diploma I/II/III,Entrepreneur,Akulaku,Saham,Konsumsi,15046239.0,3,4.6,2000001.0,4000001.0,500000.0,17,11793,1.7,1.0,0.88,5691,24.05,1484.9,59064,58.4
U0824,Male,DI Yogyakarta,Senior High School,Student,OVO,Reksadana,Tidak Ada,0.0,4,5.3,2000001.0,4000001.0,500001.0,15,394247,7.26,8228.0,3.31,240062,1207.31,3781.5,51473,84.1
U0825,Female,Lampung,Senior High School,Student,ShopeePay,No Investment,Tidak Ada,0.0,1,5.9,4000001.0,4000001.0,500000.0,17,530899,5.15,4033.0,2.81,284856,1455.8,9522.9,51370,42.4
U0826,Female,Sulawesi Selatan,Bachelor (S1)/Diploma IV,Student,GoPay,Kripto,Tidak Ada,0.0,3,6.4,2000000.0,2000000.0,1000001.0,19,609232,6.63,7617.0,1.67,354031,2038.05,9563.1,73573,59.6
U0827,Male,Sumatera Utara,Diploma I/II/III,Civil Servant/BUMN,Dana,Reksadana,Konsumsi,8710174.0,1,6.3,6000001.0,10000001.0,500001.0,27,1036941,26.54,26205.0,1.55,650944,3078.85,15785.8,73575,68.1
U0828,Male,Bali,Junior High School,Civil Servant/BUMN,ShopeePay,Saham,Pendidikan,18128806.0,2,6.8,2000001.0,4000001.0,500000.0,13,427124,18.54,8469.0,1.13,260541,1781.63,2836.7,67319,81.2
U0829,Female,Papua Selatan,Senior High School,Entrepreneur,ShopeePay,Reksadana,Usaha,1710280.0,5,8.5,15000000.0,15000000.0,500000.0,15,6267,1.7,2214.0,1.24,3118,14.24,1492.3,61583,58.4
U0830,Male,DI Yogyakarta,Elementary School,Student,GoPay,Kripto,Tidak Ada,0.0,2,5.1,2000000.0,2000000.0,1000001.0,22,394247,7.26,8228.0,3.31,240062,1207.31,3781.5,51473,84.1
U0831,Male,Sulawesi Utara,Senior High School,Student,OVO,Saham,Konsumsi,17309525.0,3,10.0,2000000.0,2000000.0,500000.0,13,269034,0.78,1493.0,1.35,152307,976.3,2721.4,69352,68.7
U0832,Male,Sulawesi Barat,Diploma I/II/III,Entrepreneur,GoPay,Emas,Tidak Ada,0.0,2,3.9,4000001.0,4000001.0,500001.0,18,57874,0.12,247.0,1.19,25633,230.51,1525.3,42718,23.1
U0833,Male,Gorontalo,Junior High School,Entrepreneur,Akulaku,Reksadana,Usaha,13878624.0,4,8.5,10000001.0,6000001.0,500001.0,18,114275,0.35,298.0,1.4,51903,457.14,1242.2,44433,58.4
U0834,Male,Kalimantan Barat,Senior High School,Student,Kredivo,Reksadana,Pendidikan,17317665.0,1,11.1,2000000.0,2000000.0,500001.0,16,277057,4.73,4654.0,1.54,151011,855.65,5766.0,52703,47.9
U0835,Male,Kalimantan Tengah,Senior High School,Civil Servant/BUMN,Kredivo,Saham,Usaha,14087587.0,3,6.6,4000001.0,4000001.0,500001.0,15,162309,0.45,506.0,1.49,90470,488.58,2845.0,79320,52.9
U0836,Male,Kalimantan Selatan,Bachelor (S1)/Diploma IV,Student,Dana,Saham,Konsumsi,10629439.0,4,7.5,2000001.0,2000000.0,500000.0,17,336953,2.29,2214.0,2.0,190913,958.78,4323.3,67117,59.8
U0837,Female,Papua Tengah,Postgraduate,Not Working,Kredivo,Saham,Tidak Ada,0.0,1,4.6,4000001.0,4000001.0,500000.0,26,10736,1.7,2214.0,0.99,8184,27.6,1073.6,118774,58.4
U0838,Male,Papua Selatan,Elementary School,Student,OVO,Emas,Konsumsi,7408801.0,4,5.7,2000000.0,2000000.0,500000.0,22,6267,1.7,2214.0,1.24,3118,14.24,1492.3,61583,58.4
U0839,Female,Banten,Bachelor (S1)/Diploma IV,Not Working,Kredivo,No Investment,Tidak Ada,0.0,2,10.9,2000000.0,2000000.0,500001.0,13,1742274,601.94,83677.0,2.73,1244263,6226.21,12537.4,70276,84.9
U0840,Female,Bali,Senior High School,Private Employee,GoPay,Reksadana,Konsumsi,19879442.0,3,8.9,6000001.0,10000001.0,500001.0,24,427124,18.54,8469.0,1.13,260541,1781.63,2836.7,67319,81.2
U0841,Male,Banten,Senior High School,Private Employee,OVO,Saham,Tidak Ada,0.0,2,8.0,4000001.0,4000001.0,500000.0,21,1742274,601.94,83677.0,2.73,1244263,6226.21,12537.4,70276,84.9
U0842,Female,Sumatera Utara,Bachelor (S1)/Diploma IV,Student,Akulaku,Emas,Konsumsi,5293485.0,5,2.2,4000001.0,4000001.0,500000.0,20,1036941,26.54,26205.0,1.55,650944,3078.85,15785.8,73575,68.1
U0843,Male,Riau,Bachelor (S1)/Diploma IV,Civil Servant/BUMN,Akulaku,Reksadana,Tidak Ada,0.0,3,5.2,4000001.0,4000001.0,500001.0,20,542854,4.45,4273.0,1.66,282437,1565.78,2213.5,165350,41.8
U0844,Female,Kalimantan Tengah,Postgraduate,Civil Servant/BUMN,Kredivo,Reksadana,Tidak Ada,0.0,2,11.3,10000001.0,6000001.0,500001.0,17,162309,0.45,506.0,1.49,90470,488.58,2845.0,79320,52.9
U0845,Male,Papua,Senior High School,Student,Kredivo,Saham,Tidak Ada,0.0,3,8.0,2000000.0,2000000.0,3000000.0,13,75024,0.52,343.0,1.17,39157,221.27,636.4,59064,41.5
U0846,Male,Sulawesi Barat,Senior High School,Private Employee,LinkAja,Emas,Usaha,18782131.0,1,8.3,2000001.0,4000001.0,500001.0,23,57874,0.12,247.0,1.19,25633,230.51,1525.3,42718,23.1
U0847,Male,Sumatera Selatan,Bachelor (S1)/Diploma IV,Others,OVO,Reksadana,Tidak Ada,0.0,3,7.4,2000001.0,4000001.0,500001.0,26,577990,8.6,4120.0,2.66,334613,1728.24,8928.5,75132,40.1
U0848,Female,Bali,Senior High School,Private Employee,Kredivo,Emas,Pendidikan,5368073.0,3,5.5,4000001.0,4000001.0,500001.0,24,427124,18.54,8469.0,1.13,260541,1781.63,2836.7,67319,81.2
U0849,Male,Sulawesi Utara,Senior High School,Private Employee,OVO,Emas,Tidak Ada,7634855.0,1,7.8,6000001.0,10000001.0,3000000.0,14,269034,0.78,1493.0,1.35,152307,976.3,2721.4,69352,68.7
U0850,Female,Jambi,Senior High School,Student,LinkAja,Saham,Usaha,14656763.0,2,0.5,2000000.0,2000000.0,1000001.0,17,273264,1.06,1251.0,2.16,136402,864.3,3768.5,86722,38.2
U0851,Male,Jambi,Diploma I/II/III,Civil Servant/BUMN,ShopeePay,Emas,Konsumsi,10425127.0,3,3.0,6000001.0,10000001.0,500001.0,23,273264,1.06,1251.0,2.16,136402,864.3,3768.5,86722,38.2
U0852,Female,Kalimantan Barat,Senior High School,Student,OVO,Emas,Tidak Ada,0.0,4,5.2,2000000.0,2000000.0,500000.0,15,277057,4.73,4654.0,1.54,151011,855.65,5766.0,52703,47.9
U0853,Male,Banten,Senior High School,Private Employee,GoPay,Saham,Konsumsi,5068798.0,3,7.5,15000000.0,15000000.0,500000.0,14,1742274,601.94,83677.0,2.73,1244263,6226.21,12537.4,70276,84.9
U0854,Female,Papua Selatan,Bachelor (S1)/Diploma IV,Not Working,GoPay,Saham,Gaya,2401412.0,2,3.1,2000000.0,2000000.0,500001.0,14,6267,1.7,2214.0,1.24,3118,14.24,1492.3,61583,58.4
U0855,Male,Kepulauan Bangka Belitung,Junior High School,Private Employee,Kredivo,Kripto,Tidak Ada,0.0,1,7.3,2000001.0,4000001.0,1000001.0,13,103253,0.91,1080.0,1.6,54643,337.75,1550.8,70194,67.4
U0856,Male,Jambi,Senior High School,Student,ShopeePay,Reksadana,Gaya,17393967.0,2,4.5,2000000.0,2000000.0,500001.0,23,273264,1.06,1251.0,2.16,136402,864.3,3768.5,86722,38.2
U0857,Male,Sumatera Utara,Senior High School,Student,GoPay,Saham,Tidak Ada,0.0,5,4.9,2000000.0,2000000.0,500000.0,16,1036941,26.54,26205.0,1.55,650944,3078.85,15785.8,73575,68.1
U0858,Male,Kepulauan Bangka Belitung,Elementary School,Private Employee,LinkAja,Reksadana,Konsumsi,17143879.0,3,10.2,2000001.0,4000001.0,1000001.0,20,103253,0.91,1080.0,1.6,54643,337.75,1550.8,70194,67.4
U0859,Female,Papua Pegunungan,Elementary School,Civil Servant/BUMN,Kredivo,Saham,Gaya,8794682.0,3,7.1,10000001.0,6000001.0,1000001.0,14,2410,1.7,2214.0,0.9,998,4.9,549.7,18105,58.4
U0860,Male,Kalimantan Selatan,Senior High School,Entrepreneur,OVO,Emas,Pendidikan,10621576.0,1,4.7,4000001.0,4000001.0,500000.0,16,336953,2.29,2214.0,2.0,190913,958.78,4323.3,67117,59.8
U0861,Female,Kalimantan Selatan,Bachelor (S1)/Diploma IV,Entrepreneur,GoPay,Saham,Tidak Ada,0.0,3,7.5,15000000.0,15000000.0,500001.0,15,336953,2.29,2214.0,2.0,190913,958.78,4323.3,67117,59.8
U0862,Male,Kalimantan Selatan,Senior High School,Private Employee,Dana,Saham,Tidak Ada,0.0,4,3.3,2000001.0,4000001.0,500001.0,17,336953,2.29,2214.0,2.0,190913,958.78,4323.3,67117,59.8
U0863,Female,Papua,Postgraduate,Student,ShopeePay,Reksadana,Tidak Ada,0.0,4,8.0,2000001.0,4000001.0,1000001.0,25,75024,0.52,343.0,1.17,39157,221.27,636.4,59064,41.5
U0864,Male,Gorontalo,Senior High School,Student,Akulaku,Reksadana,Konsumsi,2816400.0,2,9.8,4000001.0,4000001.0,1000001.0,18,114275,0.35,298.0,1.4,51903,457.14,1242.2,44433,58.4
U0865,Male,Papua Barat Daya,Senior High School,Student,ShopeePay,Saham,Pendidikan,1669715.0,1,8.7,2000000.0,2000000.0,500001.0,13,11793,1.7,1.0,0.88,5691,24.05,1484.9,59064,58.4
U0866,Female,Papua Barat,Senior High School,Student,Akulaku,Saham,Konsumsi,8382638.0,5,12.4,6000001.0,10000001.0,500001.0,13,32690,0.15,97.0,1.32,17755,89.41,587.6,131636,44.4
U0867,Male,Nusa Tenggara Barat,Senior High School,Civil Servant/BUMN,Kredivo,Saham,Konsumsi,8123760.0,2,2.2,6000001.0,10000001.0,1000001.0,27,237629,1.14,6378.0,4.36,100966,827.06,5731.1,32282,62.7
U0868,Male,Bengkulu,Bachelor (S1)/Diploma IV,Private Employee,Akulaku,Emas,Konsumsi,6282337.0,1,7.3,10000001.0,6000001.0,500001.0,25,138784,0.36,358.0,1.75,68108,478.3,2138.0,49233,35.6
U0869,Female,Aceh,Senior High School,Private Employee,OVO,Emas,Tidak Ada,0.0,1,3.6,6000001.0,10000001.0,500001.0,26,102897,1.63,615.0,0.82,70593,196.9,5626.0,43782,43.2
U0870,Female,Papua Barat,Senior High School,Student,OVO,Reksadana,Konsumsi,5768848.0,2,6.6,2000000.0,2000000.0,1000001.0,16,32690,0.15,97.0,1.32,17755,89.41,587.6,131636,44.4
U0871,Male,Aceh,Bachelor (S1)/Diploma IV,Student,OVO,Emas,Gaya,4569617.0,2,7.0,2000000.0,4000001.0,500000.0,15,102897,1.63,615.0,0.82,70593,196.9,5626.0,43782,43.2
U0872,Male,Kalimantan Utara,Bachelor (S1)/Diploma IV,Student,LinkAja,Emas,Tidak Ada,0.0,3,12.7,2000000.0,2000000.0,500001.0,24,39135,0.15,84.0,3.08,20761,133.66,749.4,198429,58.4
U0873,Female,Riau,Bachelor (S1)/Diploma IV,Student,ShopeePay,Kripto,Tidak Ada,0.0,5,6.9,2000000.0,2000000.0,1000001.0,19,542854,4.45,4273.0,1.66,282437,1565.78,2213.5,165350,41.8
U0874,Male,Riau,Senior High School,Entrepreneur,GoPay,No Investment,Pendidikan,15414920.0,4,6.8,2000001.0,4000001.0,1000001.0,14,542854,4.45,4273.0,1.66,282437,1565.78,2213.5,165350,41.8
U0875,Male,Nusa Tenggara Barat,Bachelor (S1)/Diploma IV,Student,LinkAja,Emas,Pendidikan,16596865.0,3,9.5,2000000.0,2000000.0,500001.0,16,237629,1.14,6378.0,4.36,100966,827.06,5731.1,32282,62.7
U0876,Male,Sulawesi Selatan,Senior High School,Civil Servant/BUMN,ShopeePay,Saham,Usaha,5805377.0,1,6.9,6000001.0,10000001.0,500000.0,18,609232,6.63,7617.0,1.67,354031,2038.05,9563.1,73573,59.6
U0877,Female,Maluku Utara,Senior High School,Student,Kredivo,Saham,Konsumsi,12563986.0,5,11.6,2000001.0,4000001.0,500001.0,18,54436,0.08,74.0,0.62,27649,242.69,1373.8,70660,30.6
U0878,Female,Papua Barat,Senior High School,Not Working,Akulaku,Kripto,Tidak Ada,0.0,5,8.7,2000000.0,2000000.0,500000.0,19,32690,0.15,97.0,1.32,17755,89.41,587.6,131636,44.4
U0879,Male,Sulawesi Tenggara,Senior High School,Private Employee,Akulaku,Kripto,Pendidikan,2633520.0,2,9.1,2000001.0,4000001.0,500000.0,22,140184,0.27,529.0,1.44,69118,701.29,2836.7,67840,48.3
U0880,Male,Papua Pegunungan,Senior High School,Student,ShopeePay,Emas,Tidak Ada,0.0,5,2.3,2000001.0,4000001.0,1000001.0,18,2410,1.7,2214.0,0.9,998,4.9,549.7,18105,58.4
U0881,Male,Sumatera Selatan,Senior High School,Private Employee,Kredivo,Reksadana,Tidak Ada,0.0,5,12.0,2000001.0,4000001.0,500000.0,16,577990,8.6,4120.0,2.66,334613,1728.24,8928.5,75132,40.1
U0882,Female,Banten,Bachelor (S1)/Diploma IV,Private Employee,GoPay,Emas,Tidak Ada,0.0,1,5.4,2000001.0,4000001.0,500001.0,14,1742274,601.94,83677.0,2.73,1244263,6226.21,12537.4,70276,84.9
U0883,Male,Papua,Senior High School,Others,Dana,Emas,Pendidikan,4738413.0,3,7.0,2000000.0,2000000.0,500001.0,17,75024,0.52,343.0,1.17,39157,221.27,636.4,59064,41.5
U0884,Male,Kalimantan Timur,Junior High School,Student,ShopeePay,Reksadana,Konsumsi,18514509.0,5,5.4,4000001.0,4000001.0,3000000.0,15,453429,6.55,1311.0,1.94,266429,1309.86,4267.6,212175,77.7
U0885,Female,Kalimantan Utara,Junior High School,Not Working,GoPay,Reksadana,Tidak Ada,0.0,2,4.4,2000001.0,4000001.0,500001.0,25,39135,0.15,84.0,3.08,20761,133.66,749.4,198429,58.4
U0886,Male,Jawa Tengah,Bachelor (S1)/Diploma IV,Not Working,OVO,Kripto,Usaha,18181280.0,3,4.0,2000000.0,2000000.0,500000.0,20,2637739,29.46,59501.0,2.77,1553694,6962.05,38233.9,47972,60.8
U0887,Female,Nusa Tenggara Barat,Senior High School,Not Working,OVO,Saham,Konsumsi,6306191.0,2,7.3,2000000.0,2000000.0,500000.0,28,237629,1.14,6378.0,4.36,100966,827.06,5731.1,32282,62.7
U0888,Male,Jawa Tengah,Senior High School,Private Employee,GoPay,Reksadana,Konsumsi,16613052.0,5,2.1,4000001.0,4000001.0,500001.0,23,2637739,29.46,59501.0,2.77,1553694,6962.05,38233.9,47972,60.8
U0889,Male,Papua Selatan,Bachelor (S1)/Diploma IV,Private Employee,Dana,Kripto,Konsumsi,8292515.0,3,6.4,6000001.0,4000001.0,500001.0,16,6267,1.7,2214.0,1.24,3118,14.24,1492.3,61583,58.4
U0890,Male,Bali,Bachelor (S1)/Diploma IV,Civil Servant/BUMN,ShopeePay,Kripto,Tidak Ada,0.0,5,9.6,6000001.0,10000001.0,500001.0,13,427124,18.54,8469.0,1.13,260541,1781.63,2836.7,67319,81.2
U0891,Female,Jawa Timur,Senior High School,Entrepreneur,LinkAja,Emas,Konsumsi,14287452.0,1,8.6,10000001.0,6000001.0,500001.0,26,3048079,132.94,44643.0,3.29,1895275,10417.68,42089.3,75770,66.7
U0892,Female,Nusa Tenggara Barat,Diploma I/II/III,Private Employee,LinkAja,Reksadana,Gaya,17205376.0,3,8.1,2000001.0,4000001.0,500000.0,21,237629,1.14,6378.0,4.36,100966,827.06,5731.1,32282,62.7
U0893,Female,Kalimantan Timur,Bachelor (S1)/Diploma IV,Private Employee,LinkAja,No Investment,Usaha,3110320.0,2,4.8,2000000.0,2000000.0,500001.0,15,453429,6.55,1311.0,1.94,266429,1309.86,4267.6,212175,77.7
U0894,Male,Sulawesi Barat,Diploma I/II/III,Civil Servant/BUMN,Kredivo,Reksadana,Gaya,12929979.0,1,3.0,6000001.0,10000001.0,500001.0,24,57874,0.12,247.0,1.19,25633,230.51,1525.3,42718,23.1
U0895,Female,Papua,Senior High School,Private Employee,LinkAja,Emas,Tidak Ada,0.0,4,9.6,10000001.0,6000001.0,500000.0,18,75024,0.52,343.0,1.17,39157,221.27,636.4,59064,41.5
U0896,Male,Riau,Bachelor (S1)/Diploma IV,Entrepreneur,OVO,Saham,Tidak Ada,0.0,2,5.9,6000001.0,10000001.0,500000.0,16,542854,4.45,4273.0,1.66,282437,1565.78,2213.5,165350,41.8
U0897,Male,Sumatera Barat,Senior High School,Student,Kredivo,Kripto,Usaha,14750673.0,5,6.8,2000001.0,4000001.0,500000.0,17,400529,1.77,9358.0,2.4,198642,1398.91,5914.3,57047,63.8
U0898,Female,Bengkulu,Senior High School,Entrepreneur,Dana,No Investment,Konsumsi,9865337.0,2,6.5,15000000.0,15000000.0,500000.0,24,138784,0.36,358.0,1.75,68108,478.3,2138.0,49233,35.6
U0899,Male,Nusa Tenggara Barat,Senior High School,Private Employee,Akulaku,Saham,Usaha,1171367.0,4,8.7,2000001.0,4000001.0,500001.0,21,237629,1.14,6378.0,4.36,100966,827.06,5731.1,32282,62.7
U0900,Male,Bengkulu,Elementary School,Entrepreneur,Kredivo,Kripto,Tidak Ada,0.0,2,11.6,10000001.0,6000001.0,500000.0,15,138784,0.36,358.0,1.75,68108,478.3,2138.0,49233,35.6
U0901,Male,Sumatera Selatan,Junior High School,Civil Servant/BUMN,Dana,Reksadana,Gaya,6346945.0,1,10.7,6000001.0,10000001.0,500000.0,18,577990,8.6,4120.0,2.66,334613,1728.24,8928.5,75132,40.1
U0902,Male,Kalimantan Selatan,Bachelor (S1)/Diploma IV,Student,LinkAja,Emas,Tidak Ada,0.0,2,1.2,6000001.0,10000001.0,500000.0,28,336953,2.29,2214.0,2.0,190913,958.78,4323.3,67117,59.8
U0903,Male,Aceh,Elementary School,Not Working,OVO,Saham,Konsumsi,19288369.0,3,6.2,6000001.0,10000001.0,3000000.0,15,102897,1.63,615.0,0.82,70593,196.9,5626.0,43782,43.2
U0904,Female,Riau,Senior High School,Student,ShopeePay,Saham,Tidak Ada,0.0,4,3.6,2000001.0,4000001.0,1000001.0,28,542854,4.45,4273.0,1.66,282437,1565.78,2213.5,165350,41.8
U0905,Male,Gorontalo,Senior High School,Entrepreneur,Kredivo,Saham,Konsumsi,3997914.0,2,9.3,4000001.0,4000001.0,500000.0,16,114275,0.35,298.0,1.4,51903,457.14,1242.2,44433,58.4
U0906,Female,Kalimantan Tengah,Junior High School,Civil Servant/BUMN,ShopeePay,No Investment,Tidak Ada,0.0,4,7.0,10000001.0,6000001.0,500001.0,24,162309,0.45,506.0,1.49,90470,488.58,2845.0,79320,52.9
U0907,Female,Sulawesi Tengah,Postgraduate,Private Employee,Akulaku,Saham,Pendidikan,12578863.0,1,8.5,2000001.0,4000001.0,500000.0,13,177868,0.64,665.0,1.54,77106,598.93,3156.1,120750,43.1
U0908,Male,DI Yogyakarta,Senior High School,Student,Akulaku,Reksadana,Tidak Ada,0.0,3,6.0,2000001.0,4000001.0,500001.0,21,394247,7.26,8228.0,3.31,240062,1207.31,3781.5,51473,84.1
U0909,Male,Kepulauan Bangka Belitung,Senior High School,Private Employee,LinkAja,No Investment,Konsumsi,956185.0,5,4.4,10000001.0,6000001.0,500000.0,22,103253,0.91,1080.0,1.6,54643,337.75,1550.8,70194,67.4
U0910,Male,Jawa Barat,Senior High School,Student,GoPay,Kripto,Usaha,9978475.0,2,4.8,2000000.0,2000000.0,500001.0,25,6818787,251.24,143127.0,3.41,4705372,20751.93,50759.0,56080,89.3
U0911,Female,Sumatera Selatan,Senior High School,Student,GoPay,No Investment,Tidak Ada,0.0,1,3.2,2000001.0,4000001.0,500001.0,22,577990,8.6,4120.0,2.66,334613,1728.24,8928.5,75132,40.1
U0912,Male,Kalimantan Barat,Elementary School,Student,ShopeePay,No Investment,Konsumsi,1587381.0,4,3.8,2000000.0,2000000.0,1000001.0,14,277057,4.73,4654.0,1.54,151011,855.65,5766.0,52703,47.9
U0913,Female,Kalimantan Utara,Diploma I/II/III,Student,Kredivo,Emas,Tidak Ada,0.0,4,3.3,2000000.0,2000000.0,500000.0,13,39135,0.15,84.0,3.08,20761,133.66,749.4,198429,58.4
U0914,Male,Sulawesi Selatan,Postgraduate,Others,OVO,Saham,Tidak Ada,0.0,1,4.4,2000001.0,4000001.0,1000001.0,21,609232,6.63,7617.0,1.67,354031,2038.05,9563.1,73573,59.6
U0915,Female,Papua Barat Daya,Senior High School,Others,ShopeePay,Reksadana,Gaya,1647407.0,2,4.3,4000001.0,4000001.0,1000001.0,20,11793,1.7,1.0,0.88,5691,24.05,1484.9,59064,58.4
U0916,Male,Lampung,Diploma I/II/III,Student,ShopeePay,Emas,Pendidikan,19523883.0,5,8.0,4000001.0,4000001.0,500000.0,16,530899,5.15,4033.0,2.81,284856,1455.8,9522.9,51370,42.4
U0917,Male,Aceh,Diploma I/II/III,Private Employee,LinkAja,No Investment,Usaha,17286506.0,2,7.9,10000001.0,6000001.0,500001.0,14,102897,1.63,615.0,0.82,70593,196.9,5626.0,43782,43.2
U0918,Female,Kalimantan Utara,Bachelor (S1)/Diploma IV,Student,OVO,Saham,Gaya,16622067.0,3,8.0,2000000.0,2000000.0,500000.0,18,39135,0.15,84.0,3.08,20761,133.66,749.4,198429,58.4
U0919,Female,Bengkulu,Senior High School,Private Employee,GoPay,Emas,Usaha,6088658.0,2,9.9,10000001.0,6000001.0,500000.0,21,138784,0.36,358.0,1.75,68108,478.3,2138.0,49233,35.6
U0920,Male,Nusa Tenggara Timur,Senior High School,Entrepreneur,OVO,Saham,Tidak Ada,0.0,3,6.8,10000001.0,4000001.0,500000.0,20,226040,0.72,8249.0,1.41,74766,753.13,5742.6,24272,34.6
U0921,Female,Kalimantan Selatan,Senior High School,Not Working,Kredivo,Saham,Usaha,4779490.0,4,5.0,2000000.0,2000000.0,500001.0,16,336953,2.29,2214.0,2.0,190913,958.78,4323.3,67117,59.8
U0922,Male,Papua Tengah,Diploma I/II/III,Civil Servant/BUMN,ShopeePay,Reksadana,Konsumsi,2350123.0,3,12.5,2000001.0,4000001.0,500001.0,28,10736,1.7,2214.0,0.99,8184,27.6,1073.6,118774,58.4
U0923,Female,Sulawesi Barat,Bachelor (S1)/Diploma IV,Entrepreneur,GoPay,Emas,Konsumsi,18855229.0,5,9.3,4000001.0,4000001.0,3000000.0,17,57874,0.12,247.0,1.19,25633,230.51,1525.3,42718,23.1
U0924,Female,Gorontalo,Senior High School,Student,OVO,Reksadana,Konsumsi,12918492.0,1,7.4,4000001.0,4000001.0,500000.0,21,114275,0.35,298.0,1.4,51903,457.14,1242.2,44433,58.4
U0925,Male,Kalimantan Selatan,Senior High School,Others,LinkAja,Reksadana,Pendidikan,14669397.0,3,7.2,4000001.0,4000001.0,3000000.0,15,336953,2.29,2214.0,2.0,190913,958.78,4323.3,67117,59.8
U0926,Male,DKI Jakarta,Bachelor (S1)/Diploma IV,Student,Akulaku,No Investment,Tidak Ada,0.0,2,7.7,2000001.0,4000001.0,500000.0,26,2708907,20964.0,9272715.0,3.56,2324200,12838.89,10678.0,344350,100.0
U0927,Male,Kalimantan Barat,Bachelor (S1)/Diploma IV,Private Employee,LinkAja,Saham,Tidak Ada,0.0,3,6.5,2000001.0,4000001.0,1000001.0,18,277057,4.73,4654.0,1.54,151011,855.65,5766.0,52703,47.9
U0928,Female,Gorontalo,Postgraduate,Private Employee,ShopeePay,Reksadana,Konsumsi,9673696.0,4,7.3,6000001.0,10000001.0,500001.0,19,114275,0.35,298.0,1.4,51903,457.14,1242.2,44433,58.4
U0929,Female,Papua,Bachelor (S1)/Diploma IV,Private Employee,GoPay,Saham,Tidak Ada,0.0,3,8.2,2000000.0,2000000.0,500000.0,17,75024,0.52,343.0,1.17,39157,221.27,636.4,59064,41.5
U0930,Male,Aceh,Senior High School,Student,Akulaku,Saham,Gaya,19286096.0,5,5.2,2000000.0,2000000.0,1000001.0,27,102897,1.63,615.0,0.82,70593,196.9,5626.0,43782,43.2
U0931,Male,Maluku,Senior High School,Not Working,Dana,Reksadana,Tidak Ada,0.0,3,2.9,2000000.0,2000000.0,500001.0,18,64468,0.2,117.0,0.84,32951,231.36,1970.6,32198,42.1
U0932,Female,Sulawesi Barat,Diploma I/II/III,Student,Akulaku,No Investment,Tidak Ada,0.0,5,1.8,2000000.0,2000000.0,500001.0,18,57874,0.12,247.0,1.19,25633,230.51,1525.3,42718,23.1
U0933,Female,Nusa Tenggara Barat,Junior High School,Private Employee,Dana,Reksadana,Tidak Ada,0.0,2,9.2,6000001.0,10000001.0,500001.0,18,237629,1.14,6378.0,4.36,100966,827.06,5731.1,32282,62.7
U0934,Female,Bali,Senior High School,Student,Dana,Emas,Konsumsi,4129331.0,4,3.0,2000000.0,2000000.0,500001.0,18,427124,18.54,8469.0,1.13,260541,1781.63,2836.7,67319,81.2
U0935,Male,Papua Barat Daya,Diploma I/II/III,Student,GoPay,Kripto,Konsumsi,2365407.0,1,8.2,2000001.0,4000001.0,500001.0,17,11793,1.7,1.0,0.88,5691,24.05,1484.9,59064,58.4
U0936,Male,DI Yogyakarta,Senior High School,Private Employee,OVO,Saham,Konsumsi,17160146.0,2,4.1,4000001.0,4000001.0,1000001.0,15,394247,7.26,8228.0,3.31,240062,1207.31,3781.5,51473,84.1
U0937,Male,Kalimantan Timur,Bachelor (S1)/Diploma IV,Civil Servant/BUMN,ShopeePay,Reksadana,Tidak Ada,0.0,2,4.2,6000001.0,10000001.0,500000.0,23,453429,6.55,1311.0,1.94,266429,1309.86,4267.6,212175,77.7
U0938,Female,Sulawesi Utara,Senior High School,Student,LinkAja,Kripto,Pendidikan,10769127.0,1,5.2,2000000.0,2000000.0,500001.0,15,269034,0.78,1493.0,1.35,152307,976.3,2721.4,69352,68.7
U0939,Male,Jawa Timur,Postgraduate,Student,Akulaku,No Investment,Tidak Ada,0.0,3,7.5,2000000.0,2000000.0,1000001.0,19,3048079,132.94,44643.0,3.29,1895275,10417.68,42089.3,75770,66.7
U0940,Female,Kalimantan Selatan,Elementary School,Civil Servant/BUMN,Akulaku,Reksadana,Pendidikan,14446875.0,3,3.8,10000001.0,6000001.0,500000.0,27,336953,2.29,2214.0,2.0,190913,958.78,4323.3,67117,59.8
U0941,Male,Sumatera Barat,Senior High School,Entrepreneur,Dana,No Investment,Tidak Ada,0.0,3,5.5,4000001.0,4000001.0,500000.0,27,400529,1.77,9358.0,2.4,198642,1398.91,5914.3,57047,63.8
U0942,Female,Nusa Tenggara Timur,Diploma I/II/III,Not Working,Kredivo,Saham,Konsumsi,4129331.0,4,6.9,2000001.0,4000001.0,1000001.0,22,226040,0.72,8249.0,1.41,74766,753.13,5742.6,24272,34.6
U0943,Female,Papua,Senior High School,Student,Dana,Reksadana,Konsumsi,4129331.0,2,4.0,10000001.0,6000001.0,500001.0,15,75024,0.52,343.0,1.17,39157,221.27,636.4,59064,41.5
U0944,Female,Papua Tengah,Diploma I/II/III,Student,Dana,Reksadana,Pendidikan,5509486.0,5,10.6,2000000.0,2000000.0,500001.0,16,10736,1.7,2214.0,0.99,8184,27.6,1073.6,118774,58.4
U0945,Male,Aceh,Bachelor (S1)/Diploma IV,Student,Kredivo,No Investment,Usaha,3868410.0,1,2.7,2000000.0,2000000.0,500000.0,15,102897,1.63,615.0,0.82,70593,196.9,5626.0,43782,43.2
U0946,Male,Kalimantan Tengah,Junior High School,Student,Kredivo,Reksadana,Pendidikan,1434814.0,2,6.5,2000001.0,4000001.0,500001.0,19,162309,0.45,506.0,1.49,90470,488.58,2845.0,79320,52.9
U0947,Male,Gorontalo,Senior High School,Private Employee,Akulaku,Reksadana,Tidak Ada,0.0,3,10.2,15000000.0,15000000.0,500000.0,20,114275,0.35,298.0,1.4,51903,457.14,1242.2,44433,58.4
U0948,Female,Sumatera Selatan,Senior High School,Private Employee,Kredivo,No Investment,Konsumsi,5432206.0,1,3.7,10000001.0,6000001.0,500001.0,25,577990,8.6,4120.0,2.66,334613,1728.24,8928.5,75132,40.1
U0949,Female,Papua Selatan,Senior High School,Student,Akulaku,Emas,Pendidikan,17001725.0,5,6.7,2000000.0,2000000.0,1000001.0,22,6267,1.7,2214.0,1.24,3118,14.24,1492.3,61583,58.4
U0950,Female,Aceh,Bachelor (S1)/Diploma IV,Student,Kredivo,Saham,Tidak Ada,0.0,2,7.3,2000001.0,4000001.0,500000.0,20,102897,1.63,615.0,0.82,70593,196.9,5626.0,43782,43.2
U0951,Female,Aceh,Bachelor (S1)/Diploma IV,Student,Dana,Kripto,Konsumsi,15797782.0,2,5.0,2000000.0,2000000.0,500001.0,26,102897,1.63,615.0,0.82,70593,196.9,5626.0,43782,43.2
U0952,Female,Sulawesi Selatan,Diploma I/II/III,Entrepreneur,Dana,Reksadana,Tidak Ada,0.0,4,6.8,15000000.0,4000001.0,3000000.0,24,609232,6.63,7617.0,1.67,354031,2038.05,9563.1,73573,59.6
U0953,Male,Kalimantan Tengah,Diploma I/II/III,Others,GoPay,Reksadana,Tidak Ada,0.0,2,8.4,15000000.0,15000000.0,500001.0,18,162309,0.45,506.0,1.49,90470,488.58,2845.0,79320,52.9
U0954,Female,Banten,Senior High School,Student,Dana,Emas,Konsumsi,6906377.0,2,5.8,2000000.0,2000000.0,1000001.0,16,1742274,601.94,83677.0,2.73,1244263,6226.21,12537.4,70276,84.9
U0955,Male,Sulawesi Tengah,Bachelor (S1)/Diploma IV,Student,ShopeePay,Emas,Pendidikan,8416163.0,5,8.9,2000000.0,2000000.0,500001.0,13,177868,0.64,665.0,1.54,77106,598.93,3156.1,120750,43.1
U0956,Male,Banten,Diploma I/II/III,Not Working,Akulaku,Reksadana,Pendidikan,3262734.0,5,8.0,2000000.0,2000000.0,1000001.0,13,1742274,601.94,83677.0,2.73,1244263,6226.21,12537.4,70276,84.9
U0957,Female,Sulawesi Tenggara,Diploma I/II/III,Not Working,LinkAja,No Investment,Tidak Ada,0.0,1,5.5,2000000.0,2000000.0,500000.0,17,140184,0.27,529.0,1.44,69118,701.29,2836.7,67840,48.3
U0958,Male,Aceh,Bachelor (S1)/Diploma IV,Civil Servant/BUMN,OVO,Reksadana,Gaya,11117218.0,3,9.8,10000001.0,6000001.0,500000.0,20,102897,1.63,615.0,0.82,70593,196.9,5626.0,43782,43.2
U0959,Male,Papua Pegunungan,Senior High School,Student,OVO,Kripto,Tidak Ada,0.0,5,5.1,2000000.0,2000000.0,500000.0,17,2410,1.7,2214.0,0.9,998,4.9,549.7,18105,58.4
U0960,Female,Kepulauan Riau,Bachelor (S1)/Diploma IV,Student,OVO,Emas,Tidak Ada,0.0,1,9.1,2000000.0,2000000.0,500001.0,15,309076,7.83,9212.0,1.8,180411,993.02,10678.0,161424,85.3
U0961,Male,Bali,Senior High School,Private Employee,GoPay,Saham,Konsumsi,8690798.0,2,5.2,4000001.0,4000001.0,1000001.0,26,427124,18.54,8469.0,1.13,260541,1781.63,2836.7,67319,81.2
U0962,Female,Kalimantan Timur,Senior High School,Student,OVO,Emas,Tidak Ada,0.0,1,6.2,2000001.0,10000001.0,500001.0,21,453429,6.55,1311.0,1.94,266429,1309.86,4267.6,212175,77.7
U0963,Male,Bengkulu,Senior High School,Student,OVO,No Investment,Tidak Ada,0.0,1,6.6,2000001.0,4000001.0,500001.0,14,138784,0.36,358.0,1.75,68108,478.3,2138.0,49233,35.6
U0964,Male,Bengkulu,Postgraduate,Private Employee,ShopeePay,Reksadana,Gaya,4129331.0,1,7.8,4000001.0,4000001.0,1000001.0,21,138784,0.36,358.0,1.75,68108,478.3,2138.0,49233,35.6
U0965,Male,Jawa Timur,Bachelor (S1)/Diploma IV,Student,Dana,Reksadana,Tidak Ada,0.0,1,1.0,2000000.0,2000000.0,500001.0,18,3048079,132.94,44643.0,3.29,1895275,10417.68,42089.3,75770,66.7
U0966,Male,Papua,Diploma I/II/III,Entrepreneur,Akulaku,Reksadana,Tidak Ada,0.0,5,8.1,15000000.0,15000000.0,500001.0,18,75024,0.52,343.0,1.17,39157,221.27,636.4,59064,41.5
U0967,Female,Riau,Diploma I/II/III,Student,Akulaku,Saham,Konsumsi,6992197.0,3,6.7,2000001.0,4000001.0,500001.0,24,542854,4.45,4273.0,1.66,282437,1565.78,2213.5,165350,41.8
U0968,Male,DI Yogyakarta,Senior High School,Student,LinkAja,Saham,Usaha,14300909.0,1,7.7,2000000.0,2000000.0,500001.0,21,394247,7.26,8228.0,3.31,240062,1207.31,3781.5,51473,84.1
U0969,Female,DI Yogyakarta,Bachelor (S1)/Diploma IV,Private Employee,ShopeePay,Reksadana,Usaha,4129331.0,4,8.3,4000001.0,2000001.0,500000.0,22,394247,7.26,8228.0,3.31,240062,1207.31,3781.5,51473,84.1
U0970,Male,Banten,Senior High School,Student,LinkAja,Emas,Konsumsi,1488807.0,2,8.0,2000000.0,2000000.0,3000000.0,28,1742274,601.94,83677.0,2.73,1244263,6226.21,12537.4,70276,84.9
U0971,Female,Bengkulu,Senior High School,Others,OVO,Reksadana,Tidak Ada,0.0,2,2.0,2000000.0,2000000.0,500000.0,28,138784,0.36,358.0,1.75,68108,478.3,2138.0,49233,35.6
U0972,Female,Maluku Utara,Senior High School,Private Employee,LinkAja,Saham,Konsumsi,14566225.0,2,4.3,4000001.0,4000001.0,500000.0,15,54436,0.08,74.0,0.62,27649,242.69,1373.8,70660,30.6
U0973,Female,Nusa Tenggara Timur,Bachelor (S1)/Diploma IV,Student,Akulaku,Reksadana,Tidak Ada,0.0,2,7.8,4000001.0,4000001.0,1000001.0,23,226040,0.72,8249.0,1.41,74766,753.13,5742.6,24272,34.6
U0974,Male,Sumatera Utara,Diploma I/II/III,Private Employee,LinkAja,Emas,Gaya,11815081.0,2,7.5,4000001.0,4000001.0,500001.0,19,1036941,26.54,26205.0,1.55,650944,3078.85,15785.8,73575,68.1
U0975,Male,Kepulauan Riau,Senior High School,Student,Akulaku,Reksadana,Konsumsi,6281801.0,1,5.0,2000001.0,4000001.0,500001.0,22,309076,7.83,9212.0,1.8,180411,993.02,10678.0,161424,85.3
U0976,Male,Bali,Elementary School,Not Working,Dana,Reksadana,Tidak Ada,0.0,3,8.8,2000000.0,2000000.0,500001.0,13,427124,18.54,8469.0,1.13,260541,1781.63,2836.7,67319,81.2
U0977,Female,Papua Selatan,Bachelor (S1)/Diploma IV,Student,Dana,Emas,Tidak Ada,0.0,4,6.4,2000001.0,4000001.0,500001.0,23,6267,1.7,2214.0,1.24,3118,14.24,1492.3,61583,58.4
U0978,Male,Jawa Barat,Elementary School,Private Employee,Dana,Reksadana,Gaya,19960900.0,5,9.2,6000001.0,10000001.0,500000.0,20,6818787,251.24,143127.0,3.41,4705372,20751.93,50759.0,56080,89.3
U0979,Male,Sumatera Selatan,Diploma I/II/III,Student,Akulaku,Reksadana,Konsumsi,15047097.0,4,10.0,2000000.0,2000000.0,500001.0,14,577990,8.6,4120.0,2.66,334613,1728.24,8928.5,75132,40.1
U0980,Female,Kalimantan Selatan,Postgraduate,Civil Servant/BUMN,OVO,Emas,Konsumsi,10873851.0,5,7.7,4000001.0,4000001.0,500001.0,14,336953,2.29,2214.0,2.0,190913,958.78,4323.3,67117,59.8
U0981,Male,Maluku Utara,Senior High School,Entrepreneur,LinkAja,Saham,Pendidikan,15370155.0,5,8.4,10000001.0,6000001.0,1000001.0,24,54436,0.08,74.0,0.62,27649,242.69,1373.8,70660,30.6
U0982,Female,Kalimantan Barat,Senior High School,Entrepreneur,Kredivo,No Investment,Pendidikan,14477229.0,4,5.5,2000001.0,4000001.0,500001.0,15,277057,4.73,4654.0,1.54,151011,855.65,5766.0,52703,47.9
U0983,Male,Aceh,Diploma I/II/III,Student,Kredivo,Kripto,Gaya,9589069.0,1,9.2,2000000.0,2000000.0,3000000.0,20,102897,1.63,615.0,0.82,70593,196.9,5626.0,43782,43.2
U0984,Male,Sumatera Selatan,Bachelor (S1)/Diploma IV,Student,ShopeePay,Kripto,Tidak Ada,0.0,2,7.5,2000000.0,2000000.0,500000.0,19,577990,8.6,4120.0,2.66,334613,1728.24,8928.5,75132,40.1
U0985,Female,Nusa Tenggara Timur,Senior High School,Entrepreneur,ShopeePay,Emas,Gaya,1200066.0,1,6.3,15000000.0,15000000.0,500001.0,25,226040,0.72,8249.0,1.41,74766,753.13,5742.6,24272,34.6
U0986,Male,Nusa Tenggara Barat,Postgraduate,Not Working,GoPay,Saham,Tidak Ada,0.0,2,4.0,2000000.0,2000000.0,500001.0,27,237629,1.14,6378.0,4.36,100966,827.06,5731.1,32282,62.7
U0987,Female,Sumatera Selatan,Junior High School,Student,Dana,Emas,Tidak Ada,0.0,3,5.8,2000001.0,4000001.0,3000000.0,16,577990,8.6,4120.0,2.66,334613,1728.24,8928.5,75132,40.1
U0988,Male,Papua Barat,Senior High School,Civil Servant/BUMN,LinkAja,Emas,Usaha,5818259.0,5,4.2,6000001.0,10000001.0,500000.0,19,32690,0.15,97.0,1.32,17755,89.41,587.6,131636,44.4
U0989,Male,Kalimantan Timur,Diploma I/II/III,Student,OVO,Emas,Tidak Ada,0.0,4,8.9,2000001.0,4000001.0,500001.0,20,453429,6.55,1311.0,1.94,266429,1309.86,4267.6,212175,77.7
U0990,Female,Kalimantan Timur,Bachelor (S1)/Diploma IV,Not Working,Dana,No Investment,Usaha,5976433.0,3,10.1,2000000.0,2000000.0,1000001.0,16,453429,6.55,1311.0,1.94,266429,1309.86,4267.6,212175,77.7
U0991,Female,Sulawesi Tengah,Senior High School,Student,Akulaku,Saham,Tidak Ada,0.0,2,9.3,4000001.0,4000001.0,500000.0,15,177868,0.64,665.0,1.54,77106,598.93,3156.1,120750,43.1
U0992,Female,Jawa Tengah,Bachelor (S1)/Diploma IV,Student,Akulaku,Emas,Pendidikan,4129331.0,1,13.2,2000000.0,2000000.0,1000001.0,25,2637739,29.46,59501.0,2.77,1553694,6962.05,38233.9,47972,60.8
U0993,Male,Bengkulu,Senior High School,Entrepreneur,OVO,Kripto,Konsumsi,4129331.0,4,5.8,10000001.0,6000001.0,500000.0,18,138784,0.36,358.0,1.75,68108,478.3,2138.0,49233,35.6
U0994,Female,Jawa Timur,Senior High School,Student,Kredivo,Reksadana,Tidak Ada,0.0,5,8.5,2000001.0,4000001.0,1000001.0,25,3048079,132.94,44643.0,3.29,1895275,10417.68,42089.3,75770,66.7
U0995,Male,Sulawesi Selatan,Junior High School,Civil Servant/BUMN,Dana,Emas,Gaya,15773729.0,3,4.0,4000001.0,4000001.0,3000000.0,16,609232,6.63,7617.0,1.67,354031,2038.05,9563.1,73573,59.6
U0996,Male,Sulawesi Tengah,Bachelor (S1)/Diploma IV,Civil Servant/BUMN,Kredivo,Saham,Tidak Ada,0.0,5,6.5,4000001.0,4000001.0,500001.0,17,177868,0.64,665.0,1.54,77106,598.93,3156.1,120750,43.1
U0997,Female,Papua Barat,Senior High School,Student,Akulaku,Reksadana,Tidak Ada,0.0,2,3.3,2000000.0,2000000.0,500001.0,13,32690,0.15,97.0,1.32,17755,89.41,587.6,131636,44.4
U0998,Male,Jawa Timur,Senior High School,Student,GoPay,Reksadana,Konsumsi,4422874.0,5,8.4,2000000.0,2000000.0,500000.0,27,3048079,132.94,44643.0,3.29,1895275,10417.68,42089.3,75770,66.7
U0999,Female,Papua Pegunungan,Senior High School,Private Employee,ShopeePay,Reksadana,Gaya,15570993.0,1,6.1,10000001.0,6000001.0,3000000.0,27,2410,1.7,2214.0,0.9,998,4.9,549.7,18105,58.4
U1000,Male,Sulawesi Selatan,Bachelor (S1)/Diploma IV,Student,LinkAja,No Investment,Pendidikan,13055029.0,3,1.9,2000000.0,2000000.0,500001.0,23,609232,6.63,7617.0,1.67,354031,2038.05,9563.1,73573,59.6
