Gender,Province of Origin,Residence Status,Last Education,Job,Marital Status,income_clean,age,Skor_Literasi,Skor_Adopsi_Fintech,Skor_Perilaku_Bijak,Skor_Impulsif,Skor_Rasa_Aman,Jumlah Rekening Penerima Pinjaman Aktif (entitas),Jumlah Dana yang Diberikan (Rp miliar),Jumlah Rekening Pemberi Pinjaman (akun),TWP 90%,Jumlah Penerima Pinjaman (akun),Outstanding Pinjaman (Rp miliar),Jumlah Penduduk (Ribu),PDRB (Ribu Rp),Urbanisasi (%)
Female,Sumatera Barat,Family House,Diploma I/II/III,Student,Not Married,2000000.0,25,3.25,2.4444444444444446,3.090909090909091,2.0,3.0,400529,1.77,9358.0,2.4,198642,1398.91,5914.3,57047,63.8
Female,Sumatera Barat,Parents House,Diploma I/II/III,Student,Not Married,2000000.0,25,2.9375,3.2222222222222223,3.0,1.6666666666666667,2.7777777777777777,400529,1.77,9358.0,2.4,198642,1398.91,5914.3,57047,63.8
Female,Sumatera Barat,Parents House,Diploma I/II/III,Civil Servant/BUMN,Not Married,2000000.0,25,3.0625,2.5555555555555554,2.909090909090909,2.0,3.111111111111111,400529,1.77,9358.0,2.4,198642,1398.91,5914.3,57047,63.8
Female,Sumatera Barat,Parents House,Diploma I/II/III,Student,Not Married,2000000.0,25,2.8125,2.4444444444444446,2.727272727272727,1.6666666666666667,3.0,400529,1.77,9358.0,2.4,198642,1398.91,5914.3,57047,63.8
Female,Sumatera Barat,Parents House,Diploma I/II/III,Student,Not Married,2000000.0,25,3.125,3.7777777777777777,3.909090909090909,2.3333333333333335,2.7777777777777777,400529,1.77,9358.0,2.4,198642,1398.91,5914.3,57047,63.8
Female,Sumatera Barat,Parents House,Diploma I/II/III,Student,Not Married,2000000.0,25,2.75,2.4444444444444446,3.1818181818181817,2.6666666666666665,2.5555555555555554,400529,1.77,9358.0,2.4,198642,1398.91,5914.3,57047,63.8
Female,Sumatera Barat,Rental House,Senior High School,Student,Not Married,2000000.0,26,2.3125,2.888888888888889,1.8181818181818181,3.0,2.888888888888889,400529,1.77,9358.0,2.4,198642,1398.91,5914.3,57047,63.8
Female,DKI Jakarta,Rental House,Diploma I/II/III,Civil Servant/BUMN,Not Married,2000000.0,25,3.9375,3.2222222222222223,3.5454545454545454,2.6666666666666665,3.2222222222222223,2708907,20964.0,9272715.0,3.56,2324200,12838.89,10678.0,344350,100.0
Female,Sumatera Barat,Rental House,Diploma I/II/III,Student,Not Married,2000000.0,25,2.625,2.2222222222222223,2.4545454545454546,2.0,2.111111111111111,400529,1.77,9358.0,2.4,198642,1398.91,5914.3,57047,63.8
Female,Riau,Parents House,Diploma I/II/III,Student,Not Married,2000000.0,25,1.875,2.888888888888889,3.090909090909091,4.0,2.5555555555555554,542854,4.45,4273.0,1.66,282437,1565.78,2213.5,165350,41.8
Female,Sumatera Barat,Rental House,Diploma I/II/III,Student,Not Married,2000000.0,25,3.0,2.0,3.1818181818181817,1.0,2.7777777777777777,400529,1.77,9358.0,2.4,198642,1398.91,5914.3,57047,63.8
Female,Sumatera Barat,Rental House,Diploma I/II/III,Student,Not Married,2000000.0,26,3.375,3.3333333333333335,3.4545454545454546,1.3333333333333333,3.111111111111111,400529,1.77,9358.0,2.4,198642,1398.91,5914.3,57047,63.8
Female,Sumatera Barat,Parents House,Diploma I/II/III,Student,Not Married,2000000.0,25,3.1875,2.3333333333333335,3.5454545454545454,4.0,3.5555555555555554,400529,1.77,9358.0,2.4,198642,1398.91,5914.3,57047,63.8
Male,Sumatera Barat,Parents House,Diploma I/II/III,Student,Not Married,2000000.0,25,2.8125,2.3333333333333335,3.0,2.6666666666666665,2.888888888888889,400529,1.77,9358.0,2.4,198642,1398.91,5914.3,57047,63.8
Female,Sumatera Barat,Parents House,Diploma I/II/III,Student,Not Married,2000000.0,26,3.0,2.7777777777777777,2.909090909090909,2.0,3.2222222222222223,400529,1.77,9358.0,2.4,198642,1398.91,5914.3,57047,63.8
Female,Sumatera Barat,Parents House,Diploma I/II/III,Private Employee,Not Married,2000000.0,25,2.9375,3.0,3.0,3.0,2.3333333333333335,400529,1.77,9358.0,2.4,198642,1398.91,5914.3,57047,63.8
Female,Sumatera Barat,Parents House,Diploma I/II/III,Student,Not Married,2000000.0,25,3.0,2.888888888888889,3.090909090909091,2.0,2.7777777777777777,400529,1.77,9358.0,2.4,198642,1398.91,5914.3,57047,63.8
Male,Sumatera Barat,Rental House,Bachelor (S1)/Diploma IV,Others,Not Married,2000000.0,27,3.5,3.2222222222222223,3.6363636363636362,2.0,3.0,400529,1.77,9358.0,2.4,198642,1398.91,5914.3,57047,63.8
Male,Sumatera Barat,Rental House,Diploma I/II/III,Student,Not Married,2000000.0,25,3.4375,3.0,3.0,1.0,2.2222222222222223,400529,1.77,9358.0,2.4,198642,1398.91,5914.3,57047,63.8
Female,Sumatera Barat,Parents House,Diploma I/II/III,Student,Not Married,2000000.0,25,3.125,3.3333333333333335,3.6363636363636362,3.0,2.7777777777777777,400529,1.77,9358.0,2.4,198642,1398.91,5914.3,57047,63.8
Male,Sumatera Barat,Parents House,Bachelor (S1)/Diploma IV,Student,Not Married,2000000.0,25,3.125,3.6666666666666665,3.0,1.6666666666666667,2.0,400529,1.77,9358.0,2.4,198642,1398.91,5914.3,57047,63.8
Female,Sumatera Barat,Rental House,Diploma I/II/III,Student,Not Married,2000000.0,26,3.0,2.6666666666666665,2.909090909090909,1.0,3.111111111111111,400529,1.77,9358.0,2.4,198642,1398.91,5914.3,57047,63.8
Female,Sumatera Barat,Rental House,Diploma I/II/III,Student,Not Married,2000000.0,26,3.1875,3.111111111111111,2.727272727272727,1.0,3.111111111111111,400529,1.77,9358.0,2.4,198642,1398.91,5914.3,57047,63.8
Female,Sumatera Barat,Parents House,Bachelor (S1)/Diploma IV,Student,Not Married,2000000.0,25,3.0,2.5555555555555554,2.4545454545454546,2.0,3.0,400529,1.77,9358.0,2.4,198642,1398.91,5914.3,57047,63.8
Female,Sumatera Barat,Parents House,Diploma I/II/III,Student,Not Married,2000000.0,25,2.8125,2.6666666666666665,2.5454545454545454,2.0,3.2222222222222223,400529,1.77,9358.0,2.4,198642,1398.91,5914.3,57047,63.8
Female,Sumatera Barat,Parents House,Diploma I/II/III,Not Working,Not Married,2000000.0,25,3.0,3.111111111111111,3.0,2.0,2.5555555555555554,400529,1.77,9358.0,2.4,198642,1398.91,5914.3,57047,63.8
Male,DKI Jakarta,Rental House,Bachelor (S1)/Diploma IV,Private Employee,Not Married,2000000.0,27,3.0,2.888888888888889,3.0,2.3333333333333335,2.7777777777777777,2708907,20964.0,9272715.0,3.56,2324200,12838.89,10678.0,344350,100.0
Male,DKI Jakarta,Boarding House,Diploma I/II/III,Entrepreneur,Not Married,2000000.0,25,3.375,3.2222222222222223,3.5454545454545454,2.0,3.6666666666666665,2708907,20964.0,9272715.0,3.56,2324200,12838.89,10678.0,344350,100.0
Female,Sumatera Barat,Rental House,Diploma I/II/III,Private Employee,Not Married,2000000.0,25,3.25,3.4444444444444446,3.4545454545454546,2.3333333333333335,3.6666666666666665,400529,1.77,9358.0,2.4,198642,1398.91,5914.3,57047,63.8
Female,Sumatera Barat,Rental House,Diploma I/II/III,Student,Not Married,2000000.0,25,3.4375,3.0,2.6363636363636362,2.3333333333333335,2.111111111111111,400529,1.77,9358.0,2.4,198642,1398.91,5914.3,57047,63.8
Female,Sumatera Barat,Parents House,Diploma I/II/III,Private Employee,Not Married,2000000.0,25,3.0,3.0,3.0,2.0,2.7777777777777777,400529,1.77,9358.0,2.4,198642,1398.91,5914.3,57047,63.8
Male,DKI Jakarta,Boarding House,Diploma I/II/III,Private Employee,Not Married,2000000.0,22,3.0625,3.111111111111111,2.8181818181818183,1.3333333333333333,3.0,2708907,20964.0,9272715.0,3.56,2324200,12838.89,10678.0,344350,100.0
Male,Sumatera Barat,Parents House,Bachelor (S1)/Diploma IV,Others,Not Married,2000000.0,25,3.3125,3.0,3.090909090909091,2.6666666666666665,2.888888888888889,400529,1.77,9358.0,2.4,198642,1398.91,5914.3,57047,63.8
Female,Sumatera Barat,Parents House,Senior High School,Student,Not Married,2000000.0,24,3.0,2.888888888888889,3.0,2.0,3.0,400529,1.77,9358.0,2.4,198642,1398.91,5914.3,57047,63.8
Female,Sumatera Barat,Family House,Diploma I/II/III,Not Working,Not Married,2000000.0,25,2.6875,3.0,2.5454545454545454,2.6666666666666665,2.3333333333333335,400529,1.77,9358.0,2.4,198642,1398.91,5914.3,57047,63.8
Female,Sumatera Barat,Parents House,Diploma I/II/III,Student,Not Married,2000000.0,25,3.6875,2.2222222222222223,3.6363636363636362,2.0,3.111111111111111,400529,1.77,9358.0,2.4,198642,1398.91,5914.3,57047,63.8
Female,Sumatera Barat,Parents House,Diploma I/II/III,Student,Not Married,2000000.0,24,2.6875,2.6666666666666665,3.0,4.0,2.2222222222222223,400529,1.77,9358.0,2.4,198642,1398.91,5914.3,57047,63.8
Male,Sumatera Barat,Parents House,Bachelor (S1)/Diploma IV,Entrepreneur,Not Married,2000000.0,25,3.0,3.0,3.0,3.0,2.4444444444444446,400529,1.77,9358.0,2.4,198642,1398.91,5914.3,57047,63.8
Male,Sumatera Barat,Parents House,Senior High School,Student,Not Married,2000000.0,25,3.5625,3.5555555555555554,3.5454545454545454,4.0,2.4444444444444446,400529,1.77,9358.0,2.4,198642,1398.91,5914.3,57047,63.8
Female,Sumatera Barat,Family House,Diploma I/II/III,Not Working,Married,2000000.0,25,2.5625,2.4444444444444446,3.0,2.3333333333333335,2.5555555555555554,400529,1.77,9358.0,2.4,198642,1398.91,5914.3,57047,63.8
Female,Jawa Tengah,Rental House,Diploma I/II/III,Student,Not Married,2000000.0,25,3.0625,3.111111111111111,2.909090909090909,1.0,3.4444444444444446,2637739,29.46,59501.0,2.77,1553694,6962.05,38233.9,47972,60.8
Male,Sumatera Barat,Family House,Senior High School,Student,Not Married,2000000.0,25,2.625,2.7777777777777777,3.1818181818181817,3.0,2.3333333333333335,400529,1.77,9358.0,2.4,198642,1398.91,5914.3,57047,63.8
Female,Sumatera Barat,Parents House,Diploma I/II/III,Private Employee,Not Married,2000000.0,25,3.0,2.7777777777777777,3.1818181818181817,2.0,3.0,400529,1.77,9358.0,2.4,198642,1398.91,5914.3,57047,63.8
Male,Sumatera Barat,Parents House,Diploma I/II/III,Others,Not Married,2000000.0,25,2.625,2.111111111111111,2.8181818181818183,2.0,2.4444444444444446,400529,1.77,9358.0,2.4,198642,1398.91,5914.3,57047,63.8
Female,Sumatera Barat,Parents House,Diploma I/II/III,Private Employee,Not Married,2000000.0,26,2.25,2.2222222222222223,2.8181818181818183,2.3333333333333335,2.3333333333333335,400529,1.77,9358.0,2.4,198642,1398.91,5914.3,57047,63.8
Female,Sumatera Barat,Parents House,Diploma I/II/III,Student,Not Married,2000000.0,26,2.3125,2.0,2.909090909090909,2.6666666666666665,2.3333333333333335,400529,1.77,9358.0,2.4,198642,1398.91,5914.3,57047,63.8
Male,Sumatera Barat,Parents House,Diploma I/II/III,Others,Not Married,2000000.0,27,2.875,2.6666666666666665,3.0,2.0,2.2222222222222223,400529,1.77,9358.0,2.4,198642,1398.91,5914.3,57047,63.8
Male,Sumatera Barat,Parents House,Senior High School,Student,Not Married,2000000.0,25,3.375,3.0,3.272727272727273,1.0,3.0,400529,1.77,9358.0,2.4,198642,1398.91,5914.3,57047,63.8
Female,Sumatera Barat,Parents House,Senior High School,Student,Not Married,2000000.0,26,3.5,2.111111111111111,3.0,2.0,3.0,400529,1.77,9358.0,2.4,198642,1398.91,5914.3,57047,63.8
Female,Sumatera Barat,Own House,Bachelor (S1)/Diploma IV,Not Working,Not Married,2000000.0,25,3.375,3.5555555555555554,3.4545454545454546,4.0,2.2222222222222223,400529,1.77,9358.0,2.4,198642,1398.91,5914.3,57047,63.8
Male,Sumatera Barat,Parents House,Bachelor (S1)/Diploma IV,Private Employee,Not Married,2000000.0,25,3.0,3.0,3.0,3.0,2.4444444444444446,400529,1.77,9358.0,2.4,198642,1398.91,5914.3,57047,63.8
Female,Sumatera Barat,Parents House,Diploma I/II/III,Civil Servant/BUMN,Not Married,2000000.0,25,3.125,3.3333333333333335,3.090909090909091,2.6666666666666665,2.888888888888889,400529,1.77,9358.0,2.4,198642,1398.91,5914.3,57047,63.8
Female,Sumatera Barat,Parents House,Bachelor (S1)/Diploma IV,Private Employee,Not Married,2000000.0,25,4.0,4.0,3.909090909090909,4.0,2.3333333333333335,400529,1.77,9358.0,2.4,198642,1398.91,5914.3,57047,63.8
Male,Sumatera Barat,Parents House,Diploma I/II/III,Student,Not Married,2000000.0,26,3.0625,2.5555555555555554,2.6363636363636362,3.0,3.0,400529,1.77,9358.0,2.4,198642,1398.91,5914.3,57047,63.8
Female,Sumatera Barat,Parents House,Diploma I/II/III,Others,Not Married,2000000.0,25,3.0,3.0,3.0,3.0,2.4444444444444446,400529,1.77,9358.0,2.4,198642,1398.91,5914.3,57047,63.8
Male,Sumatera Barat,Own House,Diploma I/II/III,Private Employee,Not Married,2000000.0,27,3.0625,3.3333333333333335,3.0,3.6666666666666665,2.5555555555555554,400529,1.77,9358.0,2.4,198642,1398.91,5914.3,57047,63.8
Male,DKI Jakarta,Rental House,Diploma I/II/III,Private Employee,Not Married,2000000.0,22,3.125,3.2222222222222223,3.0,2.0,3.2222222222222223,2708907,20964.0,9272715.0,3.56,2324200,12838.89,10678.0,344350,100.0
Male,Sumatera Barat,Family House,Diploma I/II/III,Student,Not Married,2000000.0,25,2.8125,2.6666666666666665,2.3636363636363638,2.0,2.7777777777777777,400529,1.77,9358.0,2.4,198642,1398.91,5914.3,57047,63.8
Female,Sumatera Barat,Parents House,Bachelor (S1)/Diploma IV,Civil Servant/BUMN,Not Married,2000000.0,25,2.875,3.0,3.0,2.3333333333333335,2.6666666666666665,400529,1.77,9358.0,2.4,198642,1398.91,5914.3,57047,63.8
Male,Sumatera Barat,Parents House,Diploma I/II/III,Others,Not Married,2000000.0,26,2.8125,2.6666666666666665,2.909090909090909,1.6666666666666667,2.5555555555555554,400529,1.77,9358.0,2.4,198642,1398.91,5914.3,57047,63.8
Male,Sumatera Barat,Parents House,Bachelor (S1)/Diploma IV,Not Working,Not Married,2000000.0,25,3.0,3.0,3.090909090909091,2.3333333333333335,2.5555555555555554,400529,1.77,9358.0,2.4,198642,1398.91,5914.3,57047,63.8
Female,Sumatera Barat,Parents House,Bachelor (S1)/Diploma IV,Private Employee,Not Married,2000000.0,26,2.875,2.111111111111111,2.909090909090909,2.6666666666666665,2.7777777777777777,400529,1.77,9358.0,2.4,198642,1398.91,5914.3,57047,63.8
Male,Sumatera Barat,Parents House,Senior High School,Others,Not Married,2000000.0,27,3.0,3.0,3.0,2.0,3.0,400529,1.77,9358.0,2.4,198642,1398.91,5914.3,57047,63.8
Female,Sumatera Barat,Parents House,Diploma I/II/III,Student,Not Married,2000000.0,25,2.5625,2.3333333333333335,3.0,2.6666666666666665,2.7777777777777777,400529,1.77,9358.0,2.4,198642,1398.91,5914.3,57047,63.8
Female,Sumatera Barat,Rental House,Bachelor (S1)/Diploma IV,Civil Servant/BUMN,Not Married,2000000.0,28,2.8125,2.5555555555555554,2.727272727272727,2.0,2.4444444444444446,400529,1.77,9358.0,2.4,198642,1398.91,5914.3,57047,63.8
Female,Sumatera Barat,Own House,Diploma I/II/III,Student,Not Married,2000000.0,24,2.75,2.6666666666666665,2.727272727272727,1.6666666666666667,2.6666666666666665,400529,1.77,9358.0,2.4,198642,1398.91,5914.3,57047,63.8
Female,Sumatera Barat,Rental House,Diploma I/II/III,Student,Not Married,2000000.0,24,3.125,3.2222222222222223,2.8181818181818183,2.0,2.6666666666666665,400529,1.77,9358.0,2.4,198642,1398.91,5914.3,57047,63.8
Female,Sumatera Barat,Dormitory,Diploma I/II/III,Not Working,Not Married,2000000.0,25,3.0,3.0,3.5454545454545454,2.3333333333333335,2.7777777777777777,400529,1.77,9358.0,2.4,198642,1398.91,5914.3,57047,63.8
Female,Sumatera Barat,Parents House,Bachelor (S1)/Diploma IV,Others,Not Married,2000000.0,26,3.125,2.5555555555555554,3.272727272727273,3.3333333333333335,3.0,400529,1.77,9358.0,2.4,198642,1398.91,5914.3,57047,63.8
Female,Sumatera Barat,Parents House,Diploma I/II/III,Not Working,Not Married,2000000.0,23,2.75,2.888888888888889,2.6363636363636362,2.6666666666666665,2.6666666666666665,400529,1.77,9358.0,2.4,198642,1398.91,5914.3,57047,63.8
Female,Jawa Timur,Rental House,Senior High School,Student,Not Married,2000000.0,22,2.875,2.4444444444444446,2.6363636363636362,2.3333333333333335,2.888888888888889,3048079,132.94,44643.0,3.29,1895275,10417.68,42089.3,75770,66.7
Female,Sumatera Barat,Parents House,Bachelor (S1)/Diploma IV,Student,Not Married,2000000.0,21,2.9375,3.0,3.0,3.0,2.4444444444444446,400529,1.77,9358.0,2.4,198642,1398.91,5914.3,57047,63.8
Female,Sumatera Barat,Parents House,Diploma I/II/III,Student,Not Married,2000000.0,26,3.3125,3.4444444444444446,3.4545454545454546,1.3333333333333333,2.7777777777777777,400529,1.77,9358.0,2.4,198642,1398.91,5914.3,57047,63.8
Female,Sumatera Barat,Parents House,Senior High School,Student,Not Married,2000000.0,23,3.0,2.5555555555555554,3.0,2.3333333333333335,2.6666666666666665,400529,1.77,9358.0,2.4,198642,1398.91,5914.3,57047,63.8
Female,Riau,Parents House,Bachelor (S1)/Diploma IV,Others,Not Married,2000000.0,25,3.0,2.7777777777777777,3.090909090909091,1.6666666666666667,3.2222222222222223,542854,4.45,4273.0,1.66,282437,1565.78,2213.5,165350,41.8
Male,Sumatera Barat,Parents House,Diploma I/II/III,Student,Not Married,2000000.0,22,2.625,2.5555555555555554,3.0,2.0,2.888888888888889,400529,1.77,9358.0,2.4,198642,1398.91,5914.3,57047,63.8
Male,Sumatera Barat,Family House,Bachelor (S1)/Diploma IV,Others,Not Married,2000000.0,27,3.5625,3.0,2.909090909090909,1.6666666666666667,3.111111111111111,400529,1.77,9358.0,2.4,198642,1398.91,5914.3,57047,63.8
Male,Sumatera Barat,Parents House,Senior High School,Private Employee,Not Married,2000000.0,26,3.125,3.0,3.0,3.0,2.4444444444444446,400529,1.77,9358.0,2.4,198642,1398.91,5914.3,57047,63.8
Male,Sumatera Barat,Parents House,Senior High School,Student,Not Married,2000000.0,24,2.625,2.5555555555555554,2.909090909090909,3.0,2.5555555555555554,400529,1.77,9358.0,2.4,198642,1398.91,5914.3,57047,63.8
Female,Sumatera Barat,Rental House,Senior High School,Student,Not Married,2000000.0,22,2.6875,2.4444444444444446,3.1818181818181817,2.6666666666666665,2.3333333333333335,400529,1.77,9358.0,2.4,198642,1398.91,5914.3,57047,63.8
Male,Sumatera Barat,Parents House,Diploma I/II/III,Student,Not Married,2000000.0,25,3.0625,3.4444444444444446,3.6363636363636362,3.0,2.2222222222222223,400529,1.77,9358.0,2.4,198642,1398.91,5914.3,57047,63.8
Male,Sumatera Barat,Boarding House,Senior High School,Student,Not Married,2000000.0,24,2.9375,2.888888888888889,3.090909090909091,2.6666666666666665,2.5555555555555554,400529,1.77,9358.0,2.4,198642,1398.91,5914.3,57047,63.8
Female,Sumatera Barat,Parents House,Diploma I/II/III,Student,Not Married,2000000.0,26,3.0625,3.0,3.4545454545454546,3.0,2.6666666666666665,400529,1.77,9358.0,2.4,198642,1398.91,5914.3,57047,63.8
Female,Sumatera Barat,Rental House,Senior High School,Student,Not Married,2000000.0,21,3.25,3.3333333333333335,3.1818181818181817,3.3333333333333335,2.2222222222222223,400529,1.77,9358.0,2.4,198642,1398.91,5914.3,57047,63.8
Male,Sumatera Barat,Rental House,Bachelor (S1)/Diploma IV,Private Employee,Not Married,2000000.0,27,3.0,3.0,3.0,3.0,2.4444444444444446,400529,1.77,9358.0,2.4,198642,1398.91,5914.3,57047,63.8
Female,Sumatera Barat,Rental House,Senior High School,Student,Not Married,2000000.0,23,2.875,2.6666666666666665,3.1818181818181817,3.0,2.888888888888889,400529,1.77,9358.0,2.4,198642,1398.91,5914.3,57047,63.8
Female,Sumatera Barat,Parents House,Senior High School,Student,Not Married,2000000.0,23,3.0,3.0,2.909090909090909,1.6666666666666667,3.0,400529,1.77,9358.0,2.4,198642,1398.91,5914.3,57047,63.8
Female,Sumatera Barat,Parents House,Senior High School,Student,Not Married,2000000.0,23,3.0,3.0,3.0,3.0,2.4444444444444446,400529,1.77,9358.0,2.4,198642,1398.91,5914.3,57047,63.8
Female,Sumatera Barat,Parents House,Senior High School,Student,Not Married,2000000.0,28,3.0625,3.0,2.8181818181818183,2.6666666666666665,3.111111111111111,400529,1.77,9358.0,2.4,198642,1398.91,5914.3,57047,63.8
Female,Sumatera Barat,Rental House,Senior High School,Student,Not Married,2000000.0,23,3.0,2.6666666666666665,3.1818181818181817,2.3333333333333335,2.4444444444444446,400529,1.77,9358.0,2.4,198642,1398.91,5914.3,57047,63.8
Female,Sumatera Barat,Parents House,Senior High School,Student,Not Married,2000000.0,25,3.0,2.4444444444444446,3.272727272727273,2.0,2.7777777777777777,400529,1.77,9358.0,2.4,198642,1398.91,5914.3,57047,63.8
Female,Sumatera Barat,Parents House,Diploma I/II/III,Others,Married,2000000.0,26,4.0,4.0,3.909090909090909,4.0,2.3333333333333335,400529,1.77,9358.0,2.4,198642,1398.91,5914.3,57047,63.8
Male,Sumatera Barat,Parents House,Diploma I/II/III,Private Employee,Not Married,2000000.0,27,3.0,2.6666666666666665,3.090909090909091,2.3333333333333335,2.5555555555555554,400529,1.77,9358.0,2.4,198642,1398.91,5914.3,57047,63.8
Female,Sumatera Barat,Parents House,Senior High School,Student,Not Married,2000000.0,23,3.0,2.888888888888889,2.8181818181818183,2.0,3.3333333333333335,400529,1.77,9358.0,2.4,198642,1398.91,5914.3,57047,63.8
Female,Sumatera Barat,Parents House,Diploma I/II/III,Student,Not Married,2000000.0,25,2.875,2.7777777777777777,3.6363636363636362,2.6666666666666665,2.4444444444444446,400529,1.77,9358.0,2.4,198642,1398.91,5914.3,57047,63.8
Female,Sumatera Barat,Parents House,Bachelor (S1)/Diploma IV,Not Working,Not Married,2000000.0,24,2.875,3.2222222222222223,2.5454545454545454,2.6666666666666665,2.5555555555555554,400529,1.77,9358.0,2.4,198642,1398.91,5914.3,57047,63.8
Female,Sumatera Barat,Parents House,Senior High School,Student,Not Married,2000000.0,23,2.8125,2.7777777777777777,3.090909090909091,2.0,2.4444444444444446,400529,1.77,9358.0,2.4,198642,1398.91,5914.3,57047,63.8
Female,Sumatera Barat,Boarding House,Diploma I/II/III,Student,Not Married,2000000.0,24,2.4375,2.5555555555555554,2.5454545454545454,2.6666666666666665,2.4444444444444446,400529,1.77,9358.0,2.4,198642,1398.91,5914.3,57047,63.8
Male,Sumatera Barat,Parents House,Diploma I/II/III,Student,Not Married,2000000.0,25,2.9375,2.3333333333333335,2.3636363636363638,2.0,2.7777777777777777,400529,1.77,9358.0,2.4,198642,1398.91,5914.3,57047,63.8
Female,Sumatera Barat,Rental House,Diploma I/II/III,Student,Not Married,2000000.0,25,3.0625,3.111111111111111,3.1818181818181817,2.0,3.0,400529,1.77,9358.0,2.4,198642,1398.91,5914.3,57047,63.8
Female,Sumatera Barat,Rental House,Diploma I/II/III,Student,Not Married,2000000.0,26,2.875,2.3333333333333335,3.090909090909091,2.0,2.2222222222222223,400529,1.77,9358.0,2.4,198642,1398.91,5914.3,57047,63.8
Female,Sumatera Barat,Own House,Diploma I/II/III,Student,Not Married,2000000.0,24,2.25,2.2222222222222223,2.8181818181818183,2.3333333333333335,2.111111111111111,400529,1.77,9358.0,2.4,198642,1398.91,5914.3,57047,63.8
Female,Sumatera Barat,Parents House,Diploma I/II/III,Student,Not Married,2000000.0,25,3.3125,3.111111111111111,3.0,1.6666666666666667,2.7777777777777777,400529,1.77,9358.0,2.4,198642,1398.91,5914.3,57047,63.8
Female,Sumatera Barat,Boarding House,Senior High School,Student,Not Married,2000000.0,23,2.9375,3.0,3.0,1.6666666666666667,2.6666666666666665,400529,1.77,9358.0,2.4,198642,1398.91,5914.3,57047,63.8
Female,Sumatera Barat,Parents House,Diploma I/II/III,Student,Not Married,2000000.0,24,2.625,2.5555555555555554,2.5454545454545454,2.3333333333333335,2.5555555555555554,400529,1.77,9358.0,2.4,198642,1398.91,5914.3,57047,63.8
Female,Sumatera Barat,Own House,Bachelor (S1)/Diploma IV,Not Working,Married,2000000.0,25,2.75,2.5555555555555554,3.1818181818181817,2.6666666666666665,2.6666666666666665,400529,1.77,9358.0,2.4,198642,1398.91,5914.3,57047,63.8
Female,Sumatera Barat,Parents House,Bachelor (S1)/Diploma IV,Student,Not Married,2000000.0,24,3.0,3.0,3.0,2.6666666666666665,2.4444444444444446,400529,1.77,9358.0,2.4,198642,1398.91,5914.3,57047,63.8
Female,Sumatera Barat,Rental House,Bachelor (S1)/Diploma IV,Student,Not Married,2000000.0,25,3.0,3.0,3.0,2.3333333333333335,2.4444444444444446,400529,1.77,9358.0,2.4,198642,1398.91,5914.3,57047,63.8
Female,Sumatera Barat,Family House,Bachelor (S1)/Diploma IV,Others,Not Married,2000000.0,25,2.875,2.3333333333333335,3.272727272727273,2.0,3.0,400529,1.77,9358.0,2.4,198642,1398.91,5914.3,57047,63.8
Female,DKI Jakarta,Family House,Diploma I/II/III,Private Employee,Not Married,2000000.0,24,2.625,2.5555555555555554,3.090909090909091,2.3333333333333335,2.7777777777777777,2708907,20964.0,9272715.0,3.56,2324200,12838.89,10678.0,344350,100.0
Male,Sumatera Barat,Parents House,Senior High School,Private Employee,Not Married,2000000.0,25,2.8125,2.2222222222222223,2.909090909090909,2.0,2.5555555555555554,400529,1.77,9358.0,2.4,198642,1398.91,5914.3,57047,63.8
Female,Sumatera Barat,Parents House,Bachelor (S1)/Diploma IV,Others,Not Married,2000000.0,26,2.375,2.6666666666666665,3.3636363636363638,3.3333333333333335,1.2222222222222223,400529,1.77,9358.0,2.4,198642,1398.91,5914.3,57047,63.8
Male,Sumatera Barat,Parents House,Diploma I/II/III,Student,Not Married,2000000.0,26,3.1875,2.6666666666666665,3.272727272727273,2.0,2.888888888888889,400529,1.77,9358.0,2.4,198642,1398.91,5914.3,57047,63.8
Male,Riau,Rental House,Senior High School,Student,Not Married,2000000.0,25,2.9375,2.6666666666666665,3.090909090909091,1.6666666666666667,3.0,542854,4.45,4273.0,1.66,282437,1565.78,2213.5,165350,41.8
Female,Sumatera Barat,Parents House,Diploma I/II/III,Student,Not Married,2000000.0,25,3.1875,3.111111111111111,3.272727272727273,1.0,3.0,400529,1.77,9358.0,2.4,198642,1398.91,5914.3,57047,63.8
Female,Sumatera Barat,Parents House,Diploma I/II/III,Not Working,Not Married,2000000.0,24,2.875,2.7777777777777777,3.272727272727273,2.6666666666666665,2.4444444444444446,400529,1.77,9358.0,2.4,198642,1398.91,5914.3,57047,63.8
Female,Sumatera Barat,Parents House,Diploma I/II/III,Student,Not Married,2000000.0,25,2.6875,3.0,3.090909090909091,2.3333333333333335,2.3333333333333335,400529,1.77,9358.0,2.4,198642,1398.91,5914.3,57047,63.8
Female,Sumatera Barat,Parents House,Bachelor (S1)/Diploma IV,Not Working,Not Married,2000000.0,21,2.9375,3.0,2.909090909090909,3.0,2.4444444444444446,400529,1.77,9358.0,2.4,198642,1398.91,5914.3,57047,63.8
Female,Sumatera Barat,Parents House,Senior High School,Student,Not Married,2000000.0,26,3.25,3.6666666666666665,3.4545454545454546,2.0,2.7777777777777777,400529,1.77,9358.0,2.4,198642,1398.91,5914.3,57047,63.8
Male,Sumatera Barat,Parents House,Bachelor (S1)/Diploma IV,Others,Not Married,2000000.0,25,2.625,2.0,2.4545454545454546,1.3333333333333333,2.888888888888889,400529,1.77,9358.0,2.4,198642,1398.91,5914.3,57047,63.8
Female,Sumatera Barat,Parents House,Senior High School,Not Working,Not Married,2000000.0,23,2.75,2.3333333333333335,2.909090909090909,2.6666666666666665,2.5555555555555554,400529,1.77,9358.0,2.4,198642,1398.91,5914.3,57047,63.8
Female,Sumatera Barat,Parents House,Senior High School,Student,Not Married,2000000.0,22,3.0,2.3333333333333335,2.8181818181818183,1.0,2.4444444444444446,400529,1.77,9358.0,2.4,198642,1398.91,5914.3,57047,63.8
Female,Sumatera Barat,Parents House,Diploma I/II/III,Student,Not Married,2000000.0,25,3.1875,2.888888888888889,3.8181818181818183,2.6666666666666665,2.5555555555555554,400529,1.77,9358.0,2.4,198642,1398.91,5914.3,57047,63.8
Female,Sumatera Barat,Family House,Senior High School,Student,Not Married,2000000.0,20,2.625,2.4444444444444446,2.8181818181818183,2.0,2.6666666666666665,400529,1.77,9358.0,2.4,198642,1398.91,5914.3,57047,63.8
Male,Sumatera Barat,Parents House,Senior High School,Student,Not Married,2000000.0,25,2.875,3.0,3.0,3.0,2.2222222222222223,400529,1.77,9358.0,2.4,198642,1398.91,5914.3,57047,63.8
Female,Sumatera Barat,Rental House,Diploma I/II/III,Student,Not Married,2000000.0,26,2.8125,2.5555555555555554,3.0,1.0,2.7777777777777777,400529,1.77,9358.0,2.4,198642,1398.91,5914.3,57047,63.8
Female,DKI Jakarta,Rental House,Bachelor (S1)/Diploma IV,Private Employee,Not Married,2000000.0,27,2.9375,2.111111111111111,3.1818181818181817,2.0,2.5555555555555554,2708907,20964.0,9272715.0,3.56,2324200,12838.89,10678.0,344350,100.0
Female,Sumatera Barat,Parents House,Diploma I/II/III,Others,Not Married,2000000.0,24,2.875,2.5555555555555554,3.090909090909091,2.6666666666666665,2.3333333333333335,400529,1.77,9358.0,2.4,198642,1398.91,5914.3,57047,63.8
Female,Sumatera Barat,Parents House,Senior High School,Others,Married,2000000.0,25,3.25,2.888888888888889,3.272727272727273,1.6666666666666667,3.3333333333333335,400529,1.77,9358.0,2.4,198642,1398.91,5914.3,57047,63.8
Female,Sumatera Barat,Family House,Diploma I/II/III,Entrepreneur,Not Married,2000000.0,25,2.6875,3.0,2.727272727272727,2.3333333333333335,2.3333333333333335,400529,1.77,9358.0,2.4,198642,1398.91,5914.3,57047,63.8
Female,Sumatera Barat,Family House,Bachelor (S1)/Diploma IV,Others,Not Married,2000000.0,25,2.9375,3.0,2.5454545454545454,2.0,2.4444444444444446,400529,1.77,9358.0,2.4,198642,1398.91,5914.3,57047,63.8
Male,Sumatera Barat,Parents House,Senior High School,Student,Not Married,2000000.0,25,2.75,2.6666666666666665,3.090909090909091,2.0,2.888888888888889,400529,1.77,9358.0,2.4,198642,1398.91,5914.3,57047,63.8
Female,Sumatera Barat,Parents House,Diploma I/II/III,Student,Not Married,2000000.0,23,3.0,2.2222222222222223,3.3636363636363638,1.6666666666666667,2.888888888888889,400529,1.77,9358.0,2.4,198642,1398.91,5914.3,57047,63.8
Female,Sumatera Barat,Parents House,Senior High School,Not Working,Not Married,2000000.0,22,2.9375,3.111111111111111,3.0,3.0,2.4444444444444446,400529,1.77,9358.0,2.4,198642,1398.91,5914.3,57047,63.8
Female,Bali,Own House,Postgraduate,Others,Not Married,15000000.0,28,2.75,2.4444444444444446,2.727272727272727,3.0,2.4444444444444446,427124,18.54,8469.0,1.13,260541,1781.63,2836.7,67319,81.2
Male,Jawa Barat,Boarding House,Bachelor (S1)/Diploma IV,Private Employee,Not Married,2000000.0,25,2.6875,2.2222222222222223,3.0,2.6666666666666665,2.4444444444444446,6818787,251.24,143127.0,3.41,4705372,20751.93,50759.0,56080,89.3
Female,Sumatera Barat,Parents House,Senior High School,Student,Not Married,2000000.0,25,3.0,3.0,3.0,2.0,3.0,400529,1.77,9358.0,2.4,198642,1398.91,5914.3,57047,63.8
Female,Sumatera Barat,Parents House,Senior High School,Student,Not Married,2000000.0,21,2.9375,2.7777777777777777,2.909090909090909,2.3333333333333335,2.4444444444444446,400529,1.77,9358.0,2.4,198642,1398.91,5914.3,57047,63.8
Female,Sumatera Barat,Parents House,Bachelor (S1)/Diploma IV,Not Working,Not Married,2000000.0,28,2.6875,2.4444444444444446,2.3636363636363638,2.0,2.4444444444444446,400529,1.77,9358.0,2.4,198642,1398.91,5914.3,57047,63.8
Female,Riau,Family House,Diploma I/II/III,Entrepreneur,Not Married,2000000.0,26,3.4375,3.3333333333333335,3.3636363636363638,1.3333333333333333,3.111111111111111,542854,4.45,4273.0,1.66,282437,1565.78,2213.5,165350,41.8
Female,Sumatera Barat,Parents House,Senior High School,Student,Not Married,2000000.0,22,2.75,2.888888888888889,2.8181818181818183,3.0,2.2222222222222223,400529,1.77,9358.0,2.4,198642,1398.91,5914.3,57047,63.8
Female,Sumatera Barat,Own House,Senior High School,Not Working,Married,2000000.0,25,3.0,2.4444444444444446,2.6363636363636362,2.3333333333333335,3.0,400529,1.77,9358.0,2.4,198642,1398.91,5914.3,57047,63.8
Male,Sumatera Barat,Parents House,Senior High School,Others,Not Married,2000000.0,26,4.0,4.0,3.909090909090909,4.0,2.3333333333333335,400529,1.77,9358.0,2.4,198642,1398.91,5914.3,57047,63.8
Male,Sumatera Barat,Rental House,Diploma I/II/III,Student,Not Married,2000000.0,25,2.125,2.0,2.5454545454545454,2.6666666666666665,2.5555555555555554,400529,1.77,9358.0,2.4,198642,1398.91,5914.3,57047,63.8
Female,Sumatera Barat,Rental House,Diploma I/II/III,Student,Not Married,2000000.0,25,2.75,3.0,2.909090909090909,2.3333333333333335,2.4444444444444446,400529,1.77,9358.0,2.4,198642,1398.91,5914.3,57047,63.8
Female,Jawa Barat,Family House,Bachelor (S1)/Diploma IV,Private Employee,Not Married,2000000.0,25,3.1875,2.111111111111111,3.090909090909091,2.0,2.3333333333333335,6818787,251.24,143127.0,3.41,4705372,20751.93,50759.0,56080,89.3
Male,Sumatera Barat,Parents House,Senior High School,Private Employee,Not Married,2000000.0,26,3.125,3.3333333333333335,3.727272727272727,3.6666666666666665,2.888888888888889,400529,1.77,9358.0,2.4,198642,1398.91,5914.3,57047,63.8
Male,Sumatera Barat,Parents House,Bachelor (S1)/Diploma IV,Private Employee,Not Married,2000000.0,28,3.0,3.0,3.0,3.0,2.4444444444444446,400529,1.77,9358.0,2.4,198642,1398.91,5914.3,57047,63.8
Female,Sumatera Barat,Parents House,Diploma I/II/III,Not Working,Not Married,2000000.0,24,2.0625,2.2222222222222223,2.6363636363636362,3.3333333333333335,2.4444444444444446,400529,1.77,9358.0,2.4,198642,1398.91,5914.3,57047,63.8
Male,Sumatera Barat,Parents House,Senior High School,Student,Not Married,2000000.0,26,3.4375,3.6666666666666665,3.909090909090909,1.0,3.0,400529,1.77,9358.0,2.4,198642,1398.91,5914.3,57047,63.8
Male,Sumatera Barat,Family House,Senior High School,Student,Not Married,2000000.0,26,3.625,3.6666666666666665,3.8181818181818183,3.6666666666666665,2.3333333333333335,400529,1.77,9358.0,2.4,198642,1398.91,5914.3,57047,63.8
Female,Sumatera Barat,Parents House,Bachelor (S1)/Diploma IV,Not Working,Not Married,2000000.0,25,2.375,2.2222222222222223,2.3636363636363638,3.0,2.2222222222222223,400529,1.77,9358.0,2.4,198642,1398.91,5914.3,57047,63.8
Female,Riau,Parents House,Bachelor (S1)/Diploma IV,Private Employee,Not Married,2000000.0,22,3.375,2.5555555555555554,3.090909090909091,2.3333333333333335,3.4444444444444446,542854,4.45,4273.0,1.66,282437,1565.78,2213.5,165350,41.8
Female,Banten,Parents House,Senior High School,Student,Not Married,2000000.0,26,3.0,2.6666666666666665,2.8181818181818183,2.0,3.111111111111111,1742274,601.94,83677.0,2.73,1244263,6226.21,12537.4,70276,84.9
Female,Sumatera Barat,Own House,Bachelor (S1)/Diploma IV,Others,Not Married,2000000.0,26,3.9375,4.0,3.909090909090909,4.0,2.3333333333333335,400529,1.77,9358.0,2.4,198642,1398.91,5914.3,57047,63.8
Male,Sumatera Barat,Rental House,Senior High School,Student,Not Married,2000000.0,26,3.125,2.4444444444444446,3.1818181818181817,2.3333333333333335,3.111111111111111,400529,1.77,9358.0,2.4,198642,1398.91,5914.3,57047,63.8
Female,Sumatera Barat,Parents House,Bachelor (S1)/Diploma IV,Student,Not Married,2000000.0,24,2.25,2.111111111111111,3.0,2.3333333333333335,2.5555555555555554,400529,1.77,9358.0,2.4,198642,1398.91,5914.3,57047,63.8
Male,Sumatera Barat,Parents House,Bachelor (S1)/Diploma IV,Private Employee,Not Married,2000000.0,27,3.0,2.2222222222222223,3.0,3.3333333333333335,2.6666666666666665,400529,1.77,9358.0,2.4,198642,1398.91,5914.3,57047,63.8
Female,Sumatera Barat,Parents House,Diploma I/II/III,Student,Not Married,2000000.0,24,2.6875,2.888888888888889,2.909090909090909,3.0,2.888888888888889,400529,1.77,9358.0,2.4,198642,1398.91,5914.3,57047,63.8
Female,Sumatera Barat,Parents House,Bachelor (S1)/Diploma IV,Not Working,Not Married,2000000.0,25,2.75,2.6666666666666665,2.727272727272727,3.0,3.0,400529,1.77,9358.0,2.4,198642,1398.91,5914.3,57047,63.8
Female,Sumatera Barat,Boarding House,Senior High School,Student,Not Married,2000000.0,25,2.0625,2.2222222222222223,2.727272727272727,2.3333333333333335,2.2222222222222223,400529,1.77,9358.0,2.4,198642,1398.91,5914.3,57047,63.8
Female,Sumatera Barat,Parents House,Senior High School,Student,Not Married,2000000.0,24,2.75,3.0,2.5454545454545454,1.6666666666666667,3.5555555555555554,400529,1.77,9358.0,2.4,198642,1398.91,5914.3,57047,63.8
Female,Sumatera Barat,Family House,Senior High School,Student,Not Married,2000000.0,23,2.875,1.6666666666666667,2.6363636363636362,2.0,2.6666666666666665,400529,1.77,9358.0,2.4,198642,1398.91,5914.3,57047,63.8
Female,Sumatera Barat,Parents House,Diploma I/II/III,Student,Not Married,2000000.0,25,3.125,3.111111111111111,3.3636363636363638,2.6666666666666665,2.4444444444444446,400529,1.77,9358.0,2.4,198642,1398.91,5914.3,57047,63.8
Female,Sumatera Barat,Rental House,Senior High School,Student,Not Married,2000000.0,22,3.0,2.7777777777777777,3.0,2.3333333333333335,3.0,400529,1.77,9358.0,2.4,198642,1398.91,5914.3,57047,63.8
Female,Sumatera Barat,Rental House,Diploma I/II/III,Others,Not Married,2000000.0,24,2.75,2.6666666666666665,2.909090909090909,2.6666666666666665,2.5555555555555554,400529,1.77,9358.0,2.4,198642,1398.91,5914.3,57047,63.8
Female,Sumatera Barat,Parents House,Diploma I/II/III,Private Employee,Not Married,2000000.0,24,3.25,2.888888888888889,3.090909090909091,1.6666666666666667,3.7777777777777777,400529,1.77,9358.0,2.4,198642,1398.91,5914.3,57047,63.8
Female,Sumatera Barat,Parents House,Senior High School,Student,Not Married,2000000.0,21,2.625,1.3333333333333333,3.0,2.3333333333333335,3.4444444444444446,400529,1.77,9358.0,2.4,198642,1398.91,5914.3,57047,63.8
Male,Sumatera Barat,Rental House,Diploma I/II/III,Student,Not Married,2000000.0,25,3.25,3.0,3.1818181818181817,2.0,3.0,400529,1.77,9358.0,2.4,198642,1398.91,5914.3,57047,63.8
Male,Sumatera Barat,Parents House,Senior High School,Student,Not Married,2000000.0,22,2.9375,3.0,3.0,3.0,2.4444444444444446,400529,1.77,9358.0,2.4,198642,1398.91,5914.3,57047,63.8
Female,Sumatera Barat,Rental House,Senior High School,Student,Not Married,2000000.0,22,3.125,3.2222222222222223,3.3636363636363638,2.0,3.111111111111111,400529,1.77,9358.0,2.4,198642,1398.91,5914.3,57047,63.8
Female,Sumatera Barat,Parents House,Senior High School,Student,Not Married,2000000.0,22,3.1875,2.6666666666666665,3.0,1.6666666666666667,3.111111111111111,400529,1.77,9358.0,2.4,198642,1398.91,5914.3,57047,63.8
Female,Sumatera Barat,Parents House,Senior High School,Others,Not Married,2000000.0,24,3.0,3.0,3.0,2.0,2.7777777777777777,400529,1.77,9358.0,2.4,198642,1398.91,5914.3,57047,63.8
Male,Sumatera Barat,Parents House,Diploma I/II/III,Others,Not Married,2000000.0,28,3.0625,2.6666666666666665,3.272727272727273,2.3333333333333335,2.888888888888889,400529,1.77,9358.0,2.4,198642,1398.91,5914.3,57047,63.8
Female,Sumatera Barat,Parents House,Senior High School,Student,Not Married,2000000.0,23,2.5,2.0,3.090909090909091,2.3333333333333335,2.6666666666666665,400529,1.77,9358.0,2.4,198642,1398.91,5914.3,57047,63.8
Male,Sumatera Barat,Dormitory,Diploma I/II/III,Private Employee,Not Married,2000000.0,25,2.625,2.3333333333333335,2.4545454545454546,2.3333333333333335,2.7777777777777777,400529,1.77,9358.0,2.4,198642,1398.91,5914.3,57047,63.8
Female,Sumatera Barat,Parents House,Senior High School,Student,Not Married,2000000.0,25,3.0,3.0,3.0,3.0,2.4444444444444446,400529,1.77,9358.0,2.4,198642,1398.91,5914.3,57047,63.8
Female,Sumatera Barat,Parents House,Senior High School,Others,Not Married,2000000.0,25,3.375,3.3333333333333335,3.3636363636363638,4.0,2.6666666666666665,400529,1.77,9358.0,2.4,198642,1398.91,5914.3,57047,63.8
Female,Sumatera Barat,Parents House,Senior High School,Student,Not Married,2000000.0,26,3.0,3.0,3.0,3.0,2.4444444444444446,400529,1.77,9358.0,2.4,198642,1398.91,5914.3,57047,63.8
Male,Sumatera Barat,Family House,Senior High School,Student,Not Married,2000000.0,22,3.0,3.0,3.090909090909091,2.3333333333333335,2.6666666666666665,400529,1.77,9358.0,2.4,198642,1398.91,5914.3,57047,63.8
Female,Sumatera Barat,Parents House,Senior High School,Student,Not Married,2000000.0,25,3.125,2.888888888888889,2.909090909090909,2.3333333333333335,2.7777777777777777,400529,1.77,9358.0,2.4,198642,1398.91,5914.3,57047,63.8
Female,Sumatera Barat,Parents House,Senior High School,Student,Not Married,2000000.0,23,3.375,3.5555555555555554,3.909090909090909,1.0,3.0,400529,1.77,9358.0,2.4,198642,1398.91,5914.3,57047,63.8
Female,Sumatera Barat,Parents House,Senior High School,Student,Not Married,2000000.0,21,3.5625,2.111111111111111,3.909090909090909,1.6666666666666667,3.111111111111111,400529,1.77,9358.0,2.4,198642,1398.91,5914.3,57047,63.8
Female,Sumatera Barat,Rental House,Senior High School,Student,Not Married,2000000.0,22,3.0,3.111111111111111,3.3636363636363638,2.0,3.0,400529,1.77,9358.0,2.4,198642,1398.91,5914.3,57047,63.8
Female,Sumatera Barat,Parents House,Senior High School,Student,Not Married,2000000.0,26,2.8125,2.6666666666666665,2.727272727272727,2.0,2.3333333333333335,400529,1.77,9358.0,2.4,198642,1398.91,5914.3,57047,63.8
Female,Sumatera Barat,Parents House,Bachelor (S1)/Diploma IV,Others,Not Married,2000000.0,25,3.0,2.888888888888889,2.6363636363636362,1.3333333333333333,2.7777777777777777,400529,1.77,9358.0,2.4,198642,1398.91,5914.3,57047,63.8
Female,Sumatera Barat,Parents House,Bachelor (S1)/Diploma IV,Student,Not Married,2000000.0,22,2.375,2.3333333333333335,2.5454545454545454,2.3333333333333335,2.6666666666666665,400529,1.77,9358.0,2.4,198642,1398.91,5914.3,57047,63.8
Female,Sumatera Barat,Parents House,Senior High School,Student,Not Married,2000000.0,23,2.875,3.0,3.0,3.0,2.4444444444444446,400529,1.77,9358.0,2.4,198642,1398.91,5914.3,57047,63.8
Female,Sumatera Barat,Rental House,Diploma I/II/III,Student,Not Married,2000000.0,27,2.625,3.0,2.6363636363636362,2.0,2.7777777777777777,400529,1.77,9358.0,2.4,198642,1398.91,5914.3,57047,63.8
Female,Sumatera Barat,Parents House,Senior High School,Student,Not Married,2000000.0,22,2.6875,2.3333333333333335,2.909090909090909,2.0,2.7777777777777777,400529,1.77,9358.0,2.4,198642,1398.91,5914.3,57047,63.8
Female,DKI Jakarta,Rental House,Diploma I/II/III,Civil Servant/BUMN,Not Married,2000000.0,26,3.0,3.0,3.0,2.3333333333333335,2.4444444444444446,2708907,20964.0,9272715.0,3.56,2324200,12838.89,10678.0,344350,100.0
Female,Sumatera Barat,Rental House,Senior High School,Student,Not Married,2000000.0,22,2.3125,2.111111111111111,3.0,3.0,2.4444444444444446,400529,1.77,9358.0,2.4,198642,1398.91,5914.3,57047,63.8
Female,Sumatera Barat,Family House,Senior High School,Student,Not Married,2000000.0,22,3.0,3.0,3.0,3.0,2.4444444444444446,400529,1.77,9358.0,2.4,198642,1398.91,5914.3,57047,63.8
Female,Sumatera Barat,Parents House,Senior High School,Student,Not Married,2000000.0,22,3.0,3.0,3.0,3.0,2.4444444444444446,400529,1.77,9358.0,2.4,198642,1398.91,5914.3,57047,63.8
Female,Sumatera Barat,Family House,Senior High School,Student,Not Married,2000000.0,22,2.875,2.4444444444444446,3.090909090909091,2.3333333333333335,2.5555555555555554,400529,1.77,9358.0,2.4,198642,1398.91,5914.3,57047,63.8
Female,Sumatera Barat,Parents House,Senior High School,Student,Not Married,2000000.0,22,2.9375,2.4444444444444446,3.1818181818181817,2.3333333333333335,3.0,400529,1.77,9358.0,2.4,198642,1398.91,5914.3,57047,63.8
Male,Sumatera Barat,Rental House,Postgraduate,Student,Not Married,2000000.0,26,2.875,3.0,3.0,3.0,2.4444444444444446,400529,1.77,9358.0,2.4,198642,1398.91,5914.3,57047,63.8
Female,Sumatera Barat,Rental House,Senior High School,Student,Not Married,2000000.0,22,2.25,2.2222222222222223,2.1818181818181817,2.3333333333333335,2.5555555555555554,400529,1.77,9358.0,2.4,198642,1398.91,5914.3,57047,63.8
Female,Sumatera Barat,Parents House,Senior High School,Student,Not Married,2000000.0,22,2.625,2.0,2.090909090909091,2.0,2.3333333333333335,400529,1.77,9358.0,2.4,198642,1398.91,5914.3,57047,63.8
Female,Sumatera Barat,Rental House,Senior High School,Student,Not Married,2000000.0,22,2.875,3.0,3.0,2.3333333333333335,2.4444444444444446,400529,1.77,9358.0,2.4,198642,1398.91,5914.3,57047,63.8
Female,Sumatera Barat,Family House,Senior High School,Student,Not Married,2000000.0,23,2.3125,2.5555555555555554,3.272727272727273,2.3333333333333335,2.4444444444444446,400529,1.77,9358.0,2.4,198642,1398.91,5914.3,57047,63.8
Female,Sumatera Barat,Rental House,Senior High School,Student,Not Married,2000000.0,23,2.5,2.7777777777777777,3.090909090909091,1.6666666666666667,2.4444444444444446,400529,1.77,9358.0,2.4,198642,1398.91,5914.3,57047,63.8
Female,Sumatera Barat,Rental House,Senior High School,Student,Not Married,2000000.0,23,2.9375,2.7777777777777777,2.6363636363636362,2.3333333333333335,2.888888888888889,400529,1.77,9358.0,2.4,198642,1398.91,5914.3,57047,63.8
Female,Sumatera Barat,Parents House,Senior High School,Student,Not Married,2000000.0,23,2.8125,2.0,2.909090909090909,2.0,2.4444444444444446,400529,1.77,9358.0,2.4,198642,1398.91,5914.3,57047,63.8
Female,Sumatera Barat,Parents House,Senior High School,Student,Not Married,2000000.0,23,3.5,3.4444444444444446,3.909090909090909,2.3333333333333335,2.5555555555555554,400529,1.77,9358.0,2.4,198642,1398.91,5914.3,57047,63.8
Female,Sumatera Barat,Rental House,Senior High School,Student,Not Married,2000000.0,22,3.0625,3.0,2.909090909090909,2.3333333333333335,2.7777777777777777,400529,1.77,9358.0,2.4,198642,1398.91,5914.3,57047,63.8
Female,Sumatera Barat,Rental House,Senior High School,Student,Not Married,2000000.0,22,2.875,2.4444444444444446,3.090909090909091,2.0,2.7777777777777777,400529,1.77,9358.0,2.4,198642,1398.91,5914.3,57047,63.8
Female,Sumatera Barat,Parents House,Senior High School,Student,Not Married,2000000.0,23,3.0,2.7777777777777777,3.4545454545454546,2.0,2.6666666666666665,400529,1.77,9358.0,2.4,198642,1398.91,5914.3,57047,63.8
Female,Sumatera Barat,Parents House,Diploma I/II/III,Student,Not Married,2000000.0,22,3.0,3.0,3.1818181818181817,2.3333333333333335,2.6666666666666665,400529,1.77,9358.0,2.4,198642,1398.91,5914.3,57047,63.8
Female,Sumatera Barat,Parents House,Senior High School,Student,Not Married,2000000.0,22,3.25,2.6666666666666665,3.0,2.3333333333333335,3.2222222222222223,400529,1.77,9358.0,2.4,198642,1398.91,5914.3,57047,63.8
Female,Sumatera Barat,Parents House,Bachelor (S1)/Diploma IV,Student,Not Married,2000000.0,25,3.0,3.0,3.090909090909091,3.0,2.4444444444444446,400529,1.77,9358.0,2.4,198642,1398.91,5914.3,57047,63.8
Female,Sumatera Barat,Rental House,Senior High School,Student,Not Married,2000000.0,21,2.875,2.888888888888889,2.6363636363636362,2.3333333333333335,2.5555555555555554,400529,1.77,9358.0,2.4,198642,1398.91,5914.3,57047,63.8
Male,Sumatera Barat,Own House,Senior High School,Student,Not Married,2000000.0,22,2.8125,2.888888888888889,3.0,2.0,2.6666666666666665,400529,1.77,9358.0,2.4,198642,1398.91,5914.3,57047,63.8
Male,Sumatera Barat,Family House,Senior High School,Student,Not Married,2000000.0,23,2.9375,2.5555555555555554,3.1818181818181817,2.3333333333333335,2.5555555555555554,400529,1.77,9358.0,2.4,198642,1398.91,5914.3,57047,63.8
Female,Sumatera Barat,Parents House,Senior High School,Student,Not Married,2000000.0,26,3.0,2.888888888888889,3.1818181818181817,2.6666666666666665,2.888888888888889,400529,1.77,9358.0,2.4,198642,1398.91,5914.3,57047,63.8
Female,Sumatera Barat,Parents House,Diploma I/II/III,Student,Not Married,2000000.0,22,2.75,2.5555555555555554,2.909090909090909,2.3333333333333335,2.6666666666666665,400529,1.77,9358.0,2.4,198642,1398.91,5914.3,57047,63.8
Male,Sumatera Barat,Parents House,Senior High School,Student,Not Married,2000000.0,25,3.1875,2.2222222222222223,3.272727272727273,3.0,3.2222222222222223,400529,1.77,9358.0,2.4,198642,1398.91,5914.3,57047,63.8
Female,Sumatera Barat,Family House,Diploma I/II/III,Private Employee,Not Married,2000000.0,25,2.375,2.6666666666666665,2.4545454545454546,3.6666666666666665,1.8888888888888888,400529,1.77,9358.0,2.4,198642,1398.91,5914.3,57047,63.8
Male,Sumatera Barat,Parents House,Senior High School,Student,Not Married,2000000.0,25,2.625,3.6666666666666665,3.272727272727273,3.0,2.5555555555555554,400529,1.77,9358.0,2.4,198642,1398.91,5914.3,57047,63.8
Male,Sumatera Barat,Parents House,Diploma I/II/III,Others,Not Married,2000000.0,27,3.0,2.4444444444444446,2.6363636363636362,2.3333333333333335,3.0,400529,1.77,9358.0,2.4,198642,1398.91,5914.3,57047,63.8
Female,Sumatera Barat,Rental House,Senior High School,Student,Not Married,2000000.0,21,2.6875,2.3333333333333335,3.272727272727273,2.0,2.5555555555555554,400529,1.77,9358.0,2.4,198642,1398.91,5914.3,57047,63.8
Male,Sumatera Barat,Parents House,Senior High School,Student,Not Married,2000000.0,21,2.8125,2.2222222222222223,2.727272727272727,2.0,2.6666666666666665,400529,1.77,9358.0,2.4,198642,1398.91,5914.3,57047,63.8
Male,Sumatera Barat,Parents House,Diploma I/II/III,Civil Servant/BUMN,Not Married,2000000.0,25,3.1875,3.0,2.727272727272727,2.6666666666666665,3.0,400529,1.77,9358.0,2.4,198642,1398.91,5914.3,57047,63.8
Female,Sumatera Barat,Rental House,Senior High School,Student,Not Married,2000000.0,24,3.0,3.0,3.0,3.0,2.4444444444444446,400529,1.77,9358.0,2.4,198642,1398.91,5914.3,57047,63.8
Female,Sumatera Barat,Rental House,Diploma I/II/III,Student,Not Married,2000000.0,25,2.8125,3.0,2.5454545454545454,2.3333333333333335,2.7777777777777777,400529,1.77,9358.0,2.4,198642,1398.91,5914.3,57047,63.8
Female,Sumatera Barat,Parents House,Bachelor (S1)/Diploma IV,Not Working,Not Married,2000000.0,25,3.3125,2.7777777777777777,3.272727272727273,2.3333333333333335,2.5555555555555554,400529,1.77,9358.0,2.4,198642,1398.91,5914.3,57047,63.8
Male,Sumatera Barat,Family House,Diploma I/II/III,Student,Not Married,2000000.0,26,3.6875,3.6666666666666665,3.5454545454545454,3.6666666666666665,2.3333333333333335,400529,1.77,9358.0,2.4,198642,1398.91,5914.3,57047,63.8
Male,Sumatera Barat,Parents House,Diploma I/II/III,Student,Not Married,2000000.0,23,3.5,3.2222222222222223,3.3636363636363638,3.3333333333333335,2.4444444444444446,400529,1.77,9358.0,2.4,198642,1398.91,5914.3,57047,63.8
Male,Sumatera Barat,Parents House,Senior High School,Student,Not Married,2000000.0,22,2.75,2.6666666666666665,2.8181818181818183,2.6666666666666665,2.4444444444444446,400529,1.77,9358.0,2.4,198642,1398.91,5914.3,57047,63.8
Male,Sumatera Barat,Family House,Senior High School,Student,Not Married,2000000.0,23,2.75,2.111111111111111,2.6363636363636362,2.3333333333333335,2.4444444444444446,400529,1.77,9358.0,2.4,198642,1398.91,5914.3,57047,63.8
Female,Sumatera Barat,Parents House,Diploma I/II/III,Student,Not Married,2000000.0,25,2.875,2.4444444444444446,2.3636363636363638,2.3333333333333335,2.7777777777777777,400529,1.77,9358.0,2.4,198642,1398.91,5914.3,57047,63.8
Female,Sumatera Barat,Rental House,Senior High School,Student,Not Married,2000000.0,22,3.125,3.0,3.272727272727273,1.3333333333333333,2.888888888888889,400529,1.77,9358.0,2.4,198642,1398.91,5914.3,57047,63.8
Male,Sumatera Barat,Parents House,Senior High School,Student,Not Married,2000000.0,25,2.8125,3.0,3.1818181818181817,3.0,2.3333333333333335,400529,1.77,9358.0,2.4,198642,1398.91,5914.3,57047,63.8
Female,Sumatera Barat,Rental House,Diploma I/II/III,Student,Not Married,2000000.0,26,3.0,3.0,3.0,2.3333333333333335,3.0,400529,1.77,9358.0,2.4,198642,1398.91,5914.3,57047,63.8
Female,DKI Jakarta,Boarding House,Postgraduate,Private Employee,Not Married,2000000.0,26,3.625,3.888888888888889,3.3636363636363638,4.0,2.4444444444444446,2708907,20964.0,9272715.0,3.56,2324200,12838.89,10678.0,344350,100.0
Female,DKI Jakarta,Boarding House,Postgraduate,Private Employee,Not Married,2000000.0,26,3.625,3.888888888888889,3.4545454545454546,4.0,2.4444444444444446,2708907,20964.0,9272715.0,3.56,2324200,12838.89,10678.0,344350,100.0
Male,Sumatera Barat,Parents House,Bachelor (S1)/Diploma IV,Student,Not Married,2000000.0,25,3.5,4.0,3.8181818181818183,2.6666666666666665,2.6666666666666665,400529,1.77,9358.0,2.4,198642,1398.91,5914.3,57047,63.8
Male,Sumatera Barat,Parents House,Senior High School,Others,Not Married,2000000.0,23,3.875,3.888888888888889,3.727272727272727,2.6666666666666665,3.111111111111111,400529,1.77,9358.0,2.4,198642,1398.91,5914.3,57047,63.8
Female,Sumatera Barat,Parents House,Postgraduate,Student,Not Married,2000000.0,25,2.6875,2.111111111111111,3.090909090909091,1.6666666666666667,3.0,400529,1.77,9358.0,2.4,198642,1398.91,5914.3,57047,63.8
Male,Sumatera Barat,Parents House,Diploma I/II/III,Entrepreneur,Not Married,2000000.0,25,3.0625,2.4444444444444446,2.909090909090909,1.3333333333333333,3.2222222222222223,400529,1.77,9358.0,2.4,198642,1398.91,5914.3,57047,63.8
Male,Sumatera Barat,Rental House,Bachelor (S1)/Diploma IV,Student,Not Married,2000000.0,22,2.875,1.4444444444444444,2.5454545454545454,2.0,2.4444444444444446,400529,1.77,9358.0,2.4,198642,1398.91,5914.3,57047,63.8
Female,DKI Jakarta,Boarding House,Postgraduate,Private Employee,Not Married,2000000.0,22,3.625,3.888888888888889,3.4545454545454546,4.0,2.4444444444444446,2708907,20964.0,9272715.0,3.56,2324200,12838.89,10678.0,344350,100.0
Female,DKI Jakarta,Rental House,Bachelor (S1)/Diploma IV,Student,Not Married,2000000.0,25,2.875,2.6666666666666665,2.909090909090909,2.6666666666666665,2.5555555555555554,2708907,20964.0,9272715.0,3.56,2324200,12838.89,10678.0,344350,100.0
Male,Sumatera Barat,Rental House,Bachelor (S1)/Diploma IV,Private Employee,Not Married,2000000.0,27,3.6875,3.2222222222222223,3.1818181818181817,2.0,3.111111111111111,400529,1.77,9358.0,2.4,198642,1398.91,5914.3,57047,63.8
Female,Sumatera Barat,Family House,Bachelor (S1)/Diploma IV,Others,Not Married,2000000.0,27,2.375,2.3333333333333335,2.909090909090909,2.0,2.111111111111111,400529,1.77,9358.0,2.4,198642,1398.91,5914.3,57047,63.8
Male,Sumatera Barat,Parents House,Diploma I/II/III,Student,Not Married,2000000.0,26,3.1875,3.111111111111111,3.1818181818181817,2.3333333333333335,2.5555555555555554,400529,1.77,9358.0,2.4,198642,1398.91,5914.3,57047,63.8
Male,Sumatera Barat,Family House,Diploma I/II/III,Student,Not Married,2000000.0,25,2.9375,2.4444444444444446,2.272727272727273,2.3333333333333335,3.0,400529,1.77,9358.0,2.4,198642,1398.91,5914.3,57047,63.8
Male,Sumatera Barat,Parents House,Senior High School,Student,Not Married,2000000.0,25,2.4375,2.2222222222222223,3.6363636363636362,2.6666666666666665,2.4444444444444446,400529,1.77,9358.0,2.4,198642,1398.91,5914.3,57047,63.8
Male,Sumatera Barat,Parents House,Senior High School,Student,Not Married,2000000.0,23,3.3125,3.2222222222222223,3.090909090909091,3.0,2.2222222222222223,400529,1.77,9358.0,2.4,198642,1398.91,5914.3,57047,63.8
Male,Sumatera Barat,Rental House,Senior High School,Student,Not Married,2000000.0,23,3.1875,3.111111111111111,3.1818181818181817,3.3333333333333335,2.2222222222222223,400529,1.77,9358.0,2.4,198642,1398.91,5914.3,57047,63.8
Female,Jawa Barat,Parents House,Senior High School,Student,Not Married,2000000.0,22,3.0,2.7777777777777777,2.909090909090909,3.0,2.7777777777777777,6818787,251.24,143127.0,3.41,4705372,20751.93,50759.0,56080,89.3
Male,Sumatera Barat,Parents House,Senior High School,Student,Not Married,2000000.0,22,3.125,3.2222222222222223,3.4545454545454546,3.3333333333333335,2.2222222222222223,400529,1.77,9358.0,2.4,198642,1398.91,5914.3,57047,63.8
Female,Sumatera Barat,Rental House,Senior High School,Student,Not Married,2000000.0,22,2.875,3.3333333333333335,2.727272727272727,2.6666666666666665,2.6666666666666665,400529,1.77,9358.0,2.4,198642,1398.91,5914.3,57047,63.8
Male,Sumatera Barat,Rental House,Senior High School,Student,Not Married,2000000.0,23,2.8125,2.888888888888889,2.727272727272727,3.3333333333333335,2.3333333333333335,400529,1.77,9358.0,2.4,198642,1398.91,5914.3,57047,63.8
Male,Sumatera Barat,Rental House,Senior High School,Student,Not Married,2000000.0,24,2.8125,3.0,2.8181818181818183,3.0,2.6666666666666665,400529,1.77,9358.0,2.4,198642,1398.91,5914.3,57047,63.8
Female,Sumatera Barat,Parents House,Senior High School,Student,Not Married,2000000.0,23,2.75,2.7777777777777777,3.0,2.6666666666666665,2.3333333333333335,400529,1.77,9358.0,2.4,198642,1398.91,5914.3,57047,63.8
Female,Sumatera Barat,Rental House,Senior High School,Student,Not Married,2000000.0,23,3.5,3.0,3.0,2.6666666666666665,3.4444444444444446,400529,1.77,9358.0,2.4,198642,1398.91,5914.3,57047,63.8
Male,Sumatera Barat,Parents House,Senior High School,Student,Not Married,2000000.0,22,3.0,3.0,2.8181818181818183,3.0,2.3333333333333335,400529,1.77,9358.0,2.4,198642,1398.91,5914.3,57047,63.8
Male,Sumatera Barat,Family House,Senior High School,Student,Not Married,2000000.0,22,2.9375,2.888888888888889,2.909090909090909,2.6666666666666665,2.111111111111111,400529,1.77,9358.0,2.4,198642,1398.91,5914.3,57047,63.8
Male,Sumatera Barat,Parents House,Senior High School,Student,Not Married,2000000.0,24,2.9375,3.0,2.909090909090909,3.0,2.4444444444444446,400529,1.77,9358.0,2.4,198642,1398.91,5914.3,57047,63.8
Male,Sumatera Barat,Parents House,Senior High School,Student,Not Married,2000000.0,22,3.0,3.111111111111111,3.0,2.3333333333333335,2.3333333333333335,400529,1.77,9358.0,2.4,198642,1398.91,5914.3,57047,63.8
Male,Sumatera Barat,Parents House,Senior High School,Student,Not Married,2000000.0,22,2.9375,3.2222222222222223,3.272727272727273,2.6666666666666665,2.5555555555555554,400529,1.77,9358.0,2.4,198642,1398.91,5914.3,57047,63.8
Male,Sumatera Barat,Parents House,Senior High School,Student,Not Married,2000000.0,22,2.9375,3.0,3.1818181818181817,3.0,2.2222222222222223,400529,1.77,9358.0,2.4,198642,1398.91,5914.3,57047,63.8
Male,Sumatera Barat,Rental House,Senior High School,Student,Not Married,2000000.0,23,2.9375,3.0,3.0,3.0,2.111111111111111,400529,1.77,9358.0,2.4,198642,1398.91,5914.3,57047,63.8
Female,Sumatera Barat,Rental House,Bachelor (S1)/Diploma IV,Student,Not Married,2000000.0,26,3.0,2.888888888888889,2.909090909090909,2.6666666666666665,2.6666666666666665,400529,1.77,9358.0,2.4,198642,1398.91,5914.3,57047,63.8
Male,Sumatera Barat,Family House,Bachelor (S1)/Diploma IV,Student,Not Married,2000000.0,25,3.0,2.4444444444444446,3.4545454545454546,1.3333333333333333,2.888888888888889,400529,1.77,9358.0,2.4,198642,1398.91,5914.3,57047,63.8
Female,Sumatera Barat,Parents House,Bachelor (S1)/Diploma IV,Student,Not Married,2000000.0,26,3.0625,3.3333333333333335,2.909090909090909,1.6666666666666667,3.3333333333333335,400529,1.77,9358.0,2.4,198642,1398.91,5914.3,57047,63.8
Male,Sumatera Barat,Rental House,Senior High School,Student,Not Married,2000000.0,23,2.9375,2.888888888888889,2.909090909090909,2.0,2.7777777777777777,400529,1.77,9358.0,2.4,198642,1398.91,5914.3,57047,63.8
Female,Sumatera Barat,Parents House,Bachelor (S1)/Diploma IV,Student,Not Married,2000000.0,26,3.25,3.111111111111111,3.1818181818181817,2.0,2.5555555555555554,400529,1.77,9358.0,2.4,198642,1398.91,5914.3,57047,63.8
Female,Sumatera Barat,Rental House,Bachelor (S1)/Diploma IV,Student,Not Married,2000000.0,22,3.375,3.0,3.727272727272727,2.6666666666666665,2.7777777777777777,400529,1.77,9358.0,2.4,198642,1398.91,5914.3,57047,63.8
Female,Sumatera Barat,Parents House,Bachelor (S1)/Diploma IV,Student,Not Married,2000000.0,26,3.375,3.0,2.8181818181818183,2.3333333333333335,3.3333333333333335,400529,1.77,9358.0,2.4,198642,1398.91,5914.3,57047,63.8
Female,Jambi,Parents House,Postgraduate,Student,Not Married,2000000.0,27,3.3125,3.111111111111111,3.5454545454545454,2.3333333333333335,2.4444444444444446,273264,1.06,1251.0,2.16,136402,864.3,3768.5,86722,38.2
Female,Sumatera Barat,Boarding House,Senior High School,Student,Not Married,2000000.0,22,3.0,2.0,2.6363636363636362,3.0,2.6666666666666665,400529,1.77,9358.0,2.4,198642,1398.91,5914.3,57047,63.8
Female,Sumatera Barat,Parents House,Senior High School,Student,Not Married,2000000.0,22,2.3125,1.8888888888888888,2.0,2.0,2.6666666666666665,400529,1.77,9358.0,2.4,198642,1398.91,5914.3,57047,63.8
Male,Sumatera Barat,Parents House,Senior High School,Student,Not Married,2000000.0,22,3.0625,3.111111111111111,2.909090909090909,3.0,2.4444444444444446,400529,1.77,9358.0,2.4,198642,1398.91,5914.3,57047,63.8
Male,Sumatera Barat,Rental House,Senior High School,Student,Not Married,2000000.0,22,3.0,3.111111111111111,3.3636363636363638,3.0,2.5555555555555554,400529,1.77,9358.0,2.4,198642,1398.91,5914.3,57047,63.8
Female,Sumatera Barat,Rental House,Senior High School,Student,Not Married,2000000.0,22,3.0,2.7777777777777777,2.909090909090909,3.0,2.4444444444444446,400529,1.77,9358.0,2.4,198642,1398.91,5914.3,57047,63.8
Male,Sumatera Barat,Rental House,Senior High School,Student,Not Married,2000000.0,22,3.1875,3.4444444444444446,3.3636363636363638,3.3333333333333335,2.111111111111111,400529,1.77,9358.0,2.4,198642,1398.91,5914.3,57047,63.8
Male,Sumatera Barat,Rental House,Senior High School,Student,Not Married,2000000.0,22,3.1875,3.111111111111111,3.5454545454545454,3.0,2.4444444444444446,400529,1.77,9358.0,2.4,198642,1398.91,5914.3,57047,63.8
Male,Sumatera Barat,Rental House,Senior High School,Student,Not Married,2000000.0,23,3.4375,3.5555555555555554,3.3636363636363638,3.0,2.111111111111111,400529,1.77,9358.0,2.4,198642,1398.91,5914.3,57047,63.8
Male,Sumatera Barat,Rental House,Senior High School,Student,Not Married,2000000.0,22,3.1875,3.0,3.5454545454545454,3.0,2.3333333333333335,400529,1.77,9358.0,2.4,198642,1398.91,5914.3,57047,63.8
Male,Sumatera Barat,Rental House,Senior High School,Student,Not Married,2000000.0,23,2.9375,3.2222222222222223,2.909090909090909,3.3333333333333335,2.111111111111111,400529,1.77,9358.0,2.4,198642,1398.91,5914.3,57047,63.8
Female,Sumatera Barat,Rental House,Senior High School,Student,Not Married,2000000.0,22,3.0,3.111111111111111,3.4545454545454546,3.0,2.111111111111111,400529,1.77,9358.0,2.4,198642,1398.91,5914.3,57047,63.8
Male,Sumatera Barat,Rental House,Senior High School,Student,Not Married,2000000.0,22,3.375,3.3333333333333335,3.272727272727273,3.0,2.3333333333333335,400529,1.77,9358.0,2.4,198642,1398.91,5914.3,57047,63.8
Female,Jawa Barat,Parents House,Senior High School,Student,Not Married,2000000.0,22,3.0625,2.888888888888889,2.909090909090909,3.6666666666666665,2.2222222222222223,6818787,251.24,143127.0,3.41,4705372,20751.93,50759.0,56080,89.3
Male,Sumatera Barat,Rental House,Senior High School,Student,Not Married,2000000.0,22,3.1875,3.3333333333333335,3.3636363636363638,3.6666666666666665,2.111111111111111,400529,1.77,9358.0,2.4,198642,1398.91,5914.3,57047,63.8
Male,Sumatera Barat,Parents House,Senior High School,Student,Not Married,2000000.0,22,3.25,3.4444444444444446,3.6363636363636362,3.6666666666666665,2.7777777777777777,400529,1.77,9358.0,2.4,198642,1398.91,5914.3,57047,63.8
Male,Sumatera Barat,Rental House,Senior High School,Student,Not Married,2000000.0,22,3.4375,3.4444444444444446,3.0,2.6666666666666665,2.3333333333333335,400529,1.77,9358.0,2.4,198642,1398.91,5914.3,57047,63.8
Male,Sumatera Barat,Parents House,Senior High School,Student,Not Married,2000000.0,22,3.0,3.2222222222222223,3.8181818181818183,4.0,2.6666666666666665,400529,1.77,9358.0,2.4,198642,1398.91,5914.3,57047,63.8
Female,Sumatera Barat,Own House,Senior High School,Student,Not Married,2000000.0,22,3.1875,3.3333333333333335,3.4545454545454546,3.0,2.2222222222222223,400529,1.77,9358.0,2.4,198642,1398.91,5914.3,57047,63.8
Male,Sumatera Barat,Parents House,Senior High School,Student,Not Married,2000000.0,23,3.1875,3.6666666666666665,3.3636363636363638,3.0,2.6666666666666665,400529,1.77,9358.0,2.4,198642,1398.91,5914.3,57047,63.8
Male,Sumatera Barat,Parents House,Senior High School,Student,Not Married,2000000.0,24,3.5,3.3333333333333335,3.4545454545454546,3.6666666666666665,2.6666666666666665,400529,1.77,9358.0,2.4,198642,1398.91,5914.3,57047,63.8
Male,Sumatera Barat,Rental House,Senior High School,Student,Not Married,2000000.0,25,3.5,3.4444444444444446,3.272727272727273,4.0,2.7777777777777777,400529,1.77,9358.0,2.4,198642,1398.91,5914.3,57047,63.8
Male,Sumatera Barat,Rental House,Senior High School,Student,Not Married,2000000.0,23,3.3125,3.0,3.0,3.0,2.4444444444444446,400529,1.77,9358.0,2.4,198642,1398.91,5914.3,57047,63.8
Male,Sumatera Barat,Rental House,Senior High School,Student,Not Married,2000000.0,25,3.3125,3.4444444444444446,3.272727272727273,3.6666666666666665,2.3333333333333335,400529,1.77,9358.0,2.4,198642,1398.91,5914.3,57047,63.8
Female,Sumatera Barat,Parents House,Diploma I/II/III,Student,Not Married,2000000.0,25,3.375,3.0,3.0,3.0,2.3333333333333335,400529,1.77,9358.0,2.4,198642,1398.91,5914.3,57047,63.8
Male,Sumatera Barat,Rental House,Senior High School,Student,Not Married,2000000.0,22,3.25,2.7777777777777777,3.1818181818181817,3.3333333333333335,2.3333333333333335,400529,1.77,9358.0,2.4,198642,1398.91,5914.3,57047,63.8
Male,Sulawesi Tenggara,Rental House,Diploma I/II/III,Civil Servant/BUMN,Not Married,2000000.0,25,3.125,2.888888888888889,3.1818181818181817,3.0,2.3333333333333335,140184,0.27,529.0,1.44,69118,701.29,2836.7,67840,48.3
Male,Sumatera Barat,Own House,Bachelor (S1)/Diploma IV,Private Employee,Married,2000000.0,28,3.0,3.111111111111111,3.0,3.0,2.4444444444444446,400529,1.77,9358.0,2.4,198642,1398.91,5914.3,57047,63.8
Female,Sumatera Barat,Parents House,Bachelor (S1)/Diploma IV,Private Employee,Not Married,2000000.0,25,3.0,3.0,2.8181818181818183,2.3333333333333335,2.888888888888889,400529,1.77,9358.0,2.4,198642,1398.91,5914.3,57047,63.8
Male,Sumatera Barat,Parents House,Diploma I/II/III,Civil Servant/BUMN,Not Married,2000000.0,26,2.875,3.3333333333333335,3.090909090909091,3.0,2.4444444444444446,400529,1.77,9358.0,2.4,198642,1398.91,5914.3,57047,63.8
Male,Sumatera Barat,Rental House,Diploma I/II/III,Civil Servant/BUMN,Not Married,2000000.0,25,2.8125,3.0,3.4545454545454546,3.0,2.4444444444444446,400529,1.77,9358.0,2.4,198642,1398.91,5914.3,57047,63.8
Female,Jawa Barat,Parents House,Junior High School,Student,Not Married,2000000.0,18,3.125,3.5555555555555554,3.090909090909091,3.0,2.6666666666666665,6818787,251.24,143127.0,3.41,4705372,20751.93,50759.0,56080,89.3
Female,Jawa Barat,Parents House,Senior High School,Student,Not Married,2000000.0,22,2.5625,2.888888888888889,3.1818181818181817,2.3333333333333335,2.2222222222222223,6818787,251.24,143127.0,3.41,4705372,20751.93,50759.0,56080,89.3
Male,Sumatera Barat,Parents House,Senior High School,Student,Not Married,2000000.0,23,2.5,3.0,3.090909090909091,2.0,2.4444444444444446,400529,1.77,9358.0,2.4,198642,1398.91,5914.3,57047,63.8
Female,Jawa Barat,Own House,Senior High School,Not Working,Married,2000000.0,27,2.8125,3.0,3.3636363636363638,2.0,2.7777777777777777,6818787,251.24,143127.0,3.41,4705372,20751.93,50759.0,56080,89.3
Male,Sumatera Barat,Own House,Bachelor (S1)/Diploma IV,Private Employee,Married,2000000.0,25,3.0,2.888888888888889,3.0,1.6666666666666667,2.6666666666666665,400529,1.77,9358.0,2.4,198642,1398.91,5914.3,57047,63.8
Female,Sumatera Barat,Parents House,Bachelor (S1)/Diploma IV,Private Employee,Not Married,2000000.0,27,3.3125,2.888888888888889,3.0,1.6666666666666667,2.5555555555555554,400529,1.77,9358.0,2.4,198642,1398.91,5914.3,57047,63.8
Male,Sumatera Barat,Parents House,Bachelor (S1)/Diploma IV,Student,Not Married,2000000.0,25,3.25,3.0,3.090909090909091,1.6666666666666667,2.3333333333333335,400529,1.77,9358.0,2.4,198642,1398.91,5914.3,57047,63.8
Female,Sumatera Barat,Parents House,Bachelor (S1)/Diploma IV,Private Employee,Not Married,2000000.0,26,3.0625,3.0,3.4545454545454546,2.3333333333333335,2.7777777777777777,400529,1.77,9358.0,2.4,198642,1398.91,5914.3,57047,63.8
Female,Sumatera Barat,Parents House,Senior High School,Student,Not Married,2000000.0,25,2.9375,3.0,3.0,3.0,2.4444444444444446,400529,1.77,9358.0,2.4,198642,1398.91,5914.3,57047,63.8
Male,Sumatera Barat,Parents House,Diploma I/II/III,Private Employee,Not Married,2000000.0,26,3.0,3.0,2.8181818181818183,2.3333333333333335,2.888888888888889,400529,1.77,9358.0,2.4,198642,1398.91,5914.3,57047,63.8
Male,Sumatera Barat,Parents House,Diploma I/II/III,Student,Not Married,2000000.0,25,2.8125,2.3333333333333335,3.090909090909091,2.6666666666666665,2.6666666666666665,400529,1.77,9358.0,2.4,198642,1398.91,5914.3,57047,63.8
Male,Sumatera Barat,Parents House,Diploma I/II/III,Student,Not Married,2000000.0,26,3.0,3.0,2.8181818181818183,3.0,2.5555555555555554,400529,1.77,9358.0,2.4,198642,1398.91,5914.3,57047,63.8
Male,Sumatera Barat,Parents House,Senior High School,Student,Not Married,2000000.0,23,2.875,3.4444444444444446,3.090909090909091,2.0,2.3333333333333335,400529,1.77,9358.0,2.4,198642,1398.91,5914.3,57047,63.8
Male,Sumatera Barat,Parents House,Diploma I/II/III,Student,Not Married,2000000.0,26,3.6875,3.6666666666666665,3.5454545454545454,3.6666666666666665,2.4444444444444446,400529,1.77,9358.0,2.4,198642,1398.91,5914.3,57047,63.8
Female,Sumatera Barat,Parents House,Diploma I/II/III,Others,Not Married,2000000.0,24,3.0,3.0,3.0,3.0,2.4444444444444446,400529,1.77,9358.0,2.4,198642,1398.91,5914.3,57047,63.8
Female,Sumatera Barat,Parents House,Senior High School,Student,Not Married,2000000.0,22,2.6875,2.3333333333333335,2.4545454545454546,2.6666666666666665,2.5555555555555554,400529,1.77,9358.0,2.4,198642,1398.91,5914.3,57047,63.8
Female,Sumatera Barat,Parents House,Senior High School,Student,Not Married,2000000.0,22,3.0,3.0,3.0,3.0,2.4444444444444446,400529,1.77,9358.0,2.4,198642,1398.91,5914.3,57047,63.8
Female,Sumatera Barat,Parents House,Senior High School,Student,Not Married,2000000.0,24,3.5625,3.7777777777777777,3.6363636363636362,1.3333333333333333,3.0,400529,1.77,9358.0,2.4,198642,1398.91,5914.3,57047,63.8
Male,Sumatera Barat,Parents House,Senior High School,Private Employee,Not Married,2000000.0,27,3.6875,2.5555555555555554,3.3636363636363638,4.0,2.3333333333333335,400529,1.77,9358.0,2.4,198642,1398.91,5914.3,57047,63.8
Female,Sumatera Barat,Parents House,Diploma I/II/III,Entrepreneur,Not Married,2000000.0,25,3.0,3.0,3.090909090909091,2.0,3.0,400529,1.77,9358.0,2.4,198642,1398.91,5914.3,57047,63.8
Male,Jawa Barat,Boarding House,Diploma I/II/III,Private Employee,Not Married,2000000.0,23,3.0625,2.6666666666666665,3.1818181818181817,1.3333333333333333,3.111111111111111,6818787,251.24,143127.0,3.41,4705372,20751.93,50759.0,56080,89.3
Female,Sumatera Utara,Rental House,Senior High School,Student,Not Married,2000000.0,25,3.0,2.6666666666666665,3.1818181818181817,2.6666666666666665,2.4444444444444446,1036941,26.54,26205.0,1.55,650944,3078.85,15785.8,73575,68.1
Female,Sumatera Barat,Parents House,Diploma I/II/III,Private Employee,Not Married,2000000.0,27,3.0,3.0,2.909090909090909,1.3333333333333333,2.7777777777777777,400529,1.77,9358.0,2.4,198642,1398.91,5914.3,57047,63.8
Male,Sumatera Barat,Parents House,Bachelor (S1)/Diploma IV,Entrepreneur,Not Married,2000000.0,27,2.8125,2.111111111111111,2.909090909090909,2.0,2.6666666666666665,400529,1.77,9358.0,2.4,198642,1398.91,5914.3,57047,63.8
Female,Sumatera Barat,Parents House,Diploma I/II/III,Student,Not Married,2000000.0,26,3.1875,3.0,3.1818181818181817,2.0,3.0,400529,1.77,9358.0,2.4,198642,1398.91,5914.3,57047,63.8
Male,Sumatera Barat,Parents House,Diploma I/II/III,Student,Not Married,2000000.0,25,2.25,3.0,3.1818181818181817,3.0,2.4444444444444446,400529,1.77,9358.0,2.4,198642,1398.91,5914.3,57047,63.8
Male,Sumatera Barat,Parents House,Senior High School,Student,Not Married,2000000.0,25,3.0,3.0,3.0,3.0,2.4444444444444446,400529,1.77,9358.0,2.4,198642,1398.91,5914.3,57047,63.8
Female,Sumatera Barat,Parents House,Senior High School,Others,Not Married,2000000.0,25,3.0,3.0,3.0,3.0,2.4444444444444446,400529,1.77,9358.0,2.4,198642,1398.91,5914.3,57047,63.8
Male,Sumatera Barat,Family House,Senior High School,Student,Not Married,2000000.0,25,2.5,3.5555555555555554,3.909090909090909,2.6666666666666665,2.4444444444444446,400529,1.77,9358.0,2.4,198642,1398.91,5914.3,57047,63.8
Female,Sumatera Barat,Rental House,Diploma I/II/III,Student,Not Married,2000000.0,25,3.25,2.3333333333333335,3.3636363636363638,1.6666666666666667,2.111111111111111,400529,1.77,9358.0,2.4,198642,1398.91,5914.3,57047,63.8
Male,Sumatera Barat,Parents House,Diploma I/II/III,Student,Not Married,2000000.0,26,3.25,3.111111111111111,3.4545454545454546,2.0,2.888888888888889,400529,1.77,9358.0,2.4,198642,1398.91,5914.3,57047,63.8
Male,Sumatera Barat,Parents House,Bachelor (S1)/Diploma IV,Private Employee,Not Married,2000000.0,25,3.875,3.7777777777777777,3.727272727272727,2.6666666666666665,2.5555555555555554,400529,1.77,9358.0,2.4,198642,1398.91,5914.3,57047,63.8
Female,Sumatera Barat,Parents House,Senior High School,Student,Not Married,2000000.0,20,3.0,2.7777777777777777,2.727272727272727,2.3333333333333335,2.7777777777777777,400529,1.77,9358.0,2.4,198642,1398.91,5914.3,57047,63.8
Female,Sumatera Barat,Rental House,Diploma I/II/III,Student,Not Married,2000000.0,25,3.375,2.111111111111111,3.4545454545454546,1.3333333333333333,2.7777777777777777,400529,1.77,9358.0,2.4,198642,1398.91,5914.3,57047,63.8
Male,Sumatera Barat,Boarding House,Senior High School,Others,Not Married,2000000.0,25,2.0,2.0,2.090909090909091,2.0,2.5555555555555554,400529,1.77,9358.0,2.4,198642,1398.91,5914.3,57047,63.8
Female,Sumatera Barat,Parents House,Diploma I/II/III,Civil Servant/BUMN,Not Married,2000000.0,25,2.8125,3.0,3.272727272727273,3.0,1.8888888888888888,400529,1.77,9358.0,2.4,198642,1398.91,5914.3,57047,63.8
Female,Sumatera Barat,Rental House,Senior High School,Student,Not Married,2000000.0,27,2.9375,3.2222222222222223,3.5454545454545454,1.6666666666666667,3.2222222222222223,400529,1.77,9358.0,2.4,198642,1398.91,5914.3,57047,63.8
Female,Sumatera Barat,Parents House,Diploma I/II/III,Student,Not Married,2000000.0,25,3.0,2.7777777777777777,3.0,2.3333333333333335,2.6666666666666665,400529,1.77,9358.0,2.4,198642,1398.91,5914.3,57047,63.8
Female,Sumatera Barat,Parents House,Bachelor (S1)/Diploma IV,Others,Not Married,2000000.0,26,3.4375,2.6666666666666665,3.4545454545454546,3.3333333333333335,1.8888888888888888,400529,1.77,9358.0,2.4,198642,1398.91,5914.3,57047,63.8
Female,Sumatera Barat,Parents House,Diploma I/II/III,Private Employee,Not Married,2000000.0,26,3.0625,3.0,3.090909090909091,2.3333333333333335,2.7777777777777777,400529,1.77,9358.0,2.4,198642,1398.91,5914.3,57047,63.8
Female,Sumatera Barat,Parents House,Bachelor (S1)/Diploma IV,Private Employee,Not Married,2000000.0,26,3.0,3.0,2.909090909090909,1.6666666666666667,3.0,400529,1.77,9358.0,2.4,198642,1398.91,5914.3,57047,63.8
Female,Sumatera Barat,Rental House,Senior High School,Student,Not Married,2000000.0,22,2.3125,2.5555555555555554,2.4545454545454546,2.0,2.4444444444444446,400529,1.77,9358.0,2.4,198642,1398.91,5914.3,57047,63.8
Male,Sumatera Selatan,Boarding House,Bachelor (S1)/Diploma IV,Civil Servant/BUMN,Not Married,2000000.0,25,3.1875,2.3333333333333335,2.1818181818181817,2.0,3.111111111111111,577990,8.6,4120.0,2.66,334613,1728.24,8928.5,75132,40.1
Male,Sumatera Barat,Own House,Bachelor (S1)/Diploma IV,Student,Not Married,2000000.0,26,2.75,2.2222222222222223,3.272727272727273,2.0,2.3333333333333335,400529,1.77,9358.0,2.4,198642,1398.91,5914.3,57047,63.8
Female,Sumatera Barat,Parents House,Senior High School,Student,Not Married,2000000.0,24,3.1875,3.111111111111111,3.090909090909091,2.0,2.5555555555555554,400529,1.77,9358.0,2.4,198642,1398.91,5914.3,57047,63.8
Female,Sumatera Barat,Rental House,Diploma I/II/III,Student,Not Married,2000000.0,25,2.9375,2.888888888888889,2.3636363636363638,1.6666666666666667,3.6666666666666665,400529,1.77,9358.0,2.4,198642,1398.91,5914.3,57047,63.8
Female,Sumatera Barat,Parents House,Diploma I/II/III,Student,Not Married,2000000.0,25,2.5,3.3333333333333335,3.909090909090909,3.0,2.111111111111111,400529,1.77,9358.0,2.4,198642,1398.91,5914.3,57047,63.8
Male,Sumatera Barat,Parents House,Senior High School,Student,Not Married,2000000.0,25,2.8125,3.2222222222222223,3.0,1.6666666666666667,1.8888888888888888,400529,1.77,9358.0,2.4,198642,1398.91,5914.3,57047,63.8
Female,Sumatera Barat,Parents House,Senior High School,Student,Not Married,2000000.0,25,2.4375,2.888888888888889,2.8181818181818183,2.0,1.7777777777777777,400529,1.77,9358.0,2.4,198642,1398.91,5914.3,57047,63.8
Male,Sumatera Barat,Parents House,Diploma I/II/III,Student,Not Married,2000000.0,25,2.625,3.0,2.909090909090909,3.0,2.3333333333333335,400529,1.77,9358.0,2.4,198642,1398.91,5914.3,57047,63.8
Male,Sumatera Barat,Rental House,Senior High School,Student,Not Married,2000000.0,25,2.6875,3.0,3.0,3.0,2.4444444444444446,400529,1.77,9358.0,2.4,198642,1398.91,5914.3,57047,63.8
Male,Sumatera Barat,Parents House,Diploma I/II/III,Student,Not Married,2000000.0,26,3.0,3.0,3.0,3.0,2.4444444444444446,400529,1.77,9358.0,2.4,198642,1398.91,5914.3,57047,63.8
Male,Sumatera Barat,Parents House,Diploma I/II/III,Student,Not Married,2000000.0,25,3.0,3.0,3.0,3.0,2.4444444444444446,400529,1.77,9358.0,2.4,198642,1398.91,5914.3,57047,63.8
Male,Sumatera Barat,Rental House,Diploma I/II/III,Student,Not Married,2000000.0,25,2.5625,2.0,2.727272727272727,2.6666666666666665,2.0,400529,1.77,9358.0,2.4,198642,1398.91,5914.3,57047,63.8
Male,Sumatera Barat,Parents House,Senior High School,Student,Not Married,2000000.0,25,3.0,3.0,3.0,3.0,2.4444444444444446,400529,1.77,9358.0,2.4,198642,1398.91,5914.3,57047,63.8
Male,Sumatera Barat,Parents House,Senior High School,Student,Not Married,2000000.0,23,3.1875,3.0,3.1818181818181817,3.0,2.3333333333333335,400529,1.77,9358.0,2.4,198642,1398.91,5914.3,57047,63.8
Female,Sumatera Barat,Parents House,Bachelor (S1)/Diploma IV,Not Working,Not Married,2000000.0,25,3.0,2.3333333333333335,3.090909090909091,2.6666666666666665,1.5555555555555556,400529,1.77,9358.0,2.4,198642,1398.91,5914.3,57047,63.8
Female,Sumatera Barat,Parents House,Diploma I/II/III,Others,Not Married,2000000.0,25,3.0625,3.0,3.0,2.3333333333333335,2.4444444444444446,400529,1.77,9358.0,2.4,198642,1398.91,5914.3,57047,63.8
Male,Sumatera Barat,Parents House,Bachelor (S1)/Diploma IV,Student,Not Married,2000000.0,24,2.625,2.0,2.727272727272727,3.0,2.4444444444444446,400529,1.77,9358.0,2.4,198642,1398.91,5914.3,57047,63.8
Female,Sumatera Barat,Parents House,Senior High School,Student,Not Married,2000000.0,25,2.75,2.3333333333333335,2.909090909090909,2.0,2.888888888888889,400529,1.77,9358.0,2.4,198642,1398.91,5914.3,57047,63.8
Male,Sumatera Barat,Family House,Senior High School,Student,Not Married,15000000.0,27,2.75,3.0,3.0,2.3333333333333335,2.5555555555555554,400529,1.77,9358.0,2.4,198642,1398.91,5914.3,57047,63.8
Female,Sumatera Barat,Parents House,Senior High School,Student,Not Married,2000000.0,24,3.3125,2.888888888888889,3.8181818181818183,1.0,2.888888888888889,400529,1.77,9358.0,2.4,198642,1398.91,5914.3,57047,63.8
Female,Sumatera Barat,Parents House,Diploma I/II/III,Civil Servant/BUMN,Not Married,2000000.0,25,3.0,3.0,3.0,2.3333333333333335,3.0,400529,1.77,9358.0,2.4,198642,1398.91,5914.3,57047,63.8
Female,Sumatera Barat,Parents House,Bachelor (S1)/Diploma IV,Civil Servant/BUMN,Not Married,2000000.0,26,2.9375,3.0,3.272727272727273,3.0,3.0,400529,1.77,9358.0,2.4,198642,1398.91,5914.3,57047,63.8
Male,DKI Jakarta,Boarding House,Bachelor (S1)/Diploma IV,Private Employee,Not Married,2000000.0,28,3.9375,4.0,3.909090909090909,4.0,2.6666666666666665,2708907,20964.0,9272715.0,3.56,2324200,12838.89,10678.0,344350,100.0
Female,Sumatera Barat,Parents House,Senior High School,Private Employee,Not Married,2000000.0,26,3.0625,2.5555555555555554,3.4545454545454546,2.0,2.6666666666666665,400529,1.77,9358.0,2.4,198642,1398.91,5914.3,57047,63.8
Female,Sumatera Barat,Parents House,Diploma I/II/III,Private Employee,Not Married,2000000.0,25,2.75,2.2222222222222223,2.8181818181818183,2.0,3.0,400529,1.77,9358.0,2.4,198642,1398.91,5914.3,57047,63.8
Male,Sumatera Barat,Rental House,Senior High School,Student,Not Married,2000000.0,23,2.1875,2.5555555555555554,2.6363636363636362,2.6666666666666665,2.111111111111111,400529,1.77,9358.0,2.4,198642,1398.91,5914.3,57047,63.8
Female,Sumatera Barat,Parents House,Diploma I/II/III,Entrepreneur,Not Married,2000000.0,25,2.4375,2.3333333333333335,3.1818181818181817,2.0,2.3333333333333335,400529,1.77,9358.0,2.4,198642,1398.91,5914.3,57047,63.8
Male,Sumatera Barat,Family House,Bachelor (S1)/Diploma IV,Private Employee,Not Married,2000000.0,26,3.875,3.5555555555555554,3.4545454545454546,1.0,2.888888888888889,400529,1.77,9358.0,2.4,198642,1398.91,5914.3,57047,63.8
Male,Sumatera Barat,Family House,Bachelor (S1)/Diploma IV,Private Employee,Not Married,2000000.0,26,3.875,3.5555555555555554,3.4545454545454546,1.0,2.888888888888889,400529,1.77,9358.0,2.4,198642,1398.91,5914.3,57047,63.8
Female,Sumatera Barat,Parents House,Bachelor (S1)/Diploma IV,Others,Not Married,2000000.0,25,3.375,3.6666666666666665,3.090909090909091,1.6666666666666667,2.888888888888889,400529,1.77,9358.0,2.4,198642,1398.91,5914.3,57047,63.8
Female,Jawa Barat,Parents House,Senior High School,Student,Not Married,2000000.0,22,2.875,2.888888888888889,3.0,3.0,3.2222222222222223,6818787,251.24,143127.0,3.41,4705372,20751.93,50759.0,56080,89.3
Female,Sumatera Barat,Parents House,Diploma I/II/III,Student,Not Married,2000000.0,25,2.9375,2.888888888888889,2.909090909090909,2.3333333333333335,2.888888888888889,400529,1.77,9358.0,2.4,198642,1398.91,5914.3,57047,63.8
Male,Sumatera Barat,Family House,Senior High School,Student,Not Married,2000000.0,25,2.625,2.6666666666666665,2.8181818181818183,2.3333333333333335,2.111111111111111,400529,1.77,9358.0,2.4,198642,1398.91,5914.3,57047,63.8
Female,Sumatera Barat,Rental House,Senior High School,Student,Not Married,2000000.0,22,2.8125,1.5555555555555556,2.6363636363636362,3.0,3.3333333333333335,400529,1.77,9358.0,2.4,198642,1398.91,5914.3,57047,63.8
Male,Sumatera Barat,Rental House,Senior High School,Student,Not Married,2000000.0,22,3.125,2.888888888888889,2.4545454545454546,2.6666666666666665,2.7777777777777777,400529,1.77,9358.0,2.4,198642,1398.91,5914.3,57047,63.8
Female,Sumatera Barat,Rental House,Bachelor (S1)/Diploma IV,Student,Not Married,2000000.0,22,3.125,2.5555555555555554,2.909090909090909,1.0,2.4444444444444446,400529,1.77,9358.0,2.4,198642,1398.91,5914.3,57047,63.8
Male,Sumatera Barat,Dormitory,Senior High School,Entrepreneur,Not Married,2000000.0,21,3.0,3.0,3.090909090909091,2.0,2.2222222222222223,400529,1.77,9358.0,2.4,198642,1398.91,5914.3,57047,63.8
Female,Sumatera Barat,Rental House,Senior High School,Student,Not Married,2000000.0,21,3.0,3.0,3.0,3.0,2.4444444444444446,400529,1.77,9358.0,2.4,198642,1398.91,5914.3,57047,63.8
Male,Sumatera Barat,Dormitory,Senior High School,Student,Not Married,2000000.0,21,3.5,3.0,3.5454545454545454,2.6666666666666665,3.0,400529,1.77,9358.0,2.4,198642,1398.91,5914.3,57047,63.8
Female,Sumatera Barat,Dormitory,Senior High School,Student,Not Married,2000000.0,20,2.75,2.4444444444444446,2.8181818181818183,2.3333333333333335,2.5555555555555554,400529,1.77,9358.0,2.4,198642,1398.91,5914.3,57047,63.8
Female,Sumatera Barat,Parents House,Senior High School,Student,Not Married,2000000.0,21,2.75,2.0,2.8181818181818183,3.0,3.111111111111111,400529,1.77,9358.0,2.4,198642,1398.91,5914.3,57047,63.8
Female,Sumatera Barat,Dormitory,Senior High School,Student,Not Married,2000000.0,21,2.625,2.3333333333333335,2.727272727272727,2.0,2.888888888888889,400529,1.77,9358.0,2.4,198642,1398.91,5914.3,57047,63.8
Female,Sumatera Barat,Family House,Senior High School,Student,Not Married,2000000.0,20,3.0,3.0,3.0,3.0,2.4444444444444446,400529,1.77,9358.0,2.4,198642,1398.91,5914.3,57047,63.8
Male,Sumatera Barat,Parents House,Senior High School,Student,Not Married,2000000.0,20,2.375,2.888888888888889,2.3636363636363638,3.6666666666666665,1.8888888888888888,400529,1.77,9358.0,2.4,198642,1398.91,5914.3,57047,63.8
Female,Sumatera Barat,Parents House,Senior High School,Student,Not Married,2000000.0,22,2.625,2.0,3.090909090909091,2.3333333333333335,2.6666666666666665,400529,1.77,9358.0,2.4,198642,1398.91,5914.3,57047,63.8
Female,Sumatera Barat,Parents House,Senior High School,Student,Not Married,2000000.0,21,2.875,3.0,2.727272727272727,2.6666666666666665,2.6666666666666665,400529,1.77,9358.0,2.4,198642,1398.91,5914.3,57047,63.8
Female,Sumatera Barat,Parents House,Senior High School,Student,Not Married,2000000.0,20,2.9375,2.888888888888889,2.727272727272727,2.6666666666666665,2.5555555555555554,400529,1.77,9358.0,2.4,198642,1398.91,5914.3,57047,63.8
Female,Sumatera Barat,Parents House,Senior High School,Student,Not Married,2000000.0,20,2.9375,2.888888888888889,2.727272727272727,2.6666666666666665,2.7777777777777777,400529,1.77,9358.0,2.4,198642,1398.91,5914.3,57047,63.8
Female,Sumatera Barat,Family House,Senior High School,Student,Not Married,2000000.0,22,2.9375,2.7777777777777777,2.727272727272727,2.0,2.4444444444444446,400529,1.77,9358.0,2.4,198642,1398.91,5914.3,57047,63.8
Female,Sumatera Barat,Boarding House,Bachelor (S1)/Diploma IV,Student,Not Married,2000000.0,23,3.75,3.2222222222222223,3.6363636363636362,1.0,3.3333333333333335,400529,1.77,9358.0,2.4,198642,1398.91,5914.3,57047,63.8
Female,Sumatera Barat,Parents House,Senior High School,Student,Not Married,2000000.0,23,3.5625,3.3333333333333335,3.909090909090909,1.3333333333333333,3.3333333333333335,400529,1.77,9358.0,2.4,198642,1398.91,5914.3,57047,63.8
Female,Sumatera Barat,Family House,Senior High School,Student,Not Married,2000000.0,22,3.0,3.0,3.0,2.3333333333333335,2.5555555555555554,400529,1.77,9358.0,2.4,198642,1398.91,5914.3,57047,63.8
Female,Sumatera Barat,Own House,Senior High School,Student,Not Married,2000000.0,23,2.6875,2.3333333333333335,2.6363636363636362,2.6666666666666665,3.5555555555555554,400529,1.77,9358.0,2.4,198642,1398.91,5914.3,57047,63.8
Female,Sumatera Barat,Dormitory,Diploma I/II/III,Student,Not Married,2000000.0,21,3.125,2.111111111111111,2.909090909090909,1.6666666666666667,3.4444444444444446,400529,1.77,9358.0,2.4,198642,1398.91,5914.3,57047,63.8
Female,Sumatera Barat,Parents House,Senior High School,Student,Not Married,2000000.0,23,3.1875,3.0,2.909090909090909,2.3333333333333335,3.111111111111111,400529,1.77,9358.0,2.4,198642,1398.91,5914.3,57047,63.8
Female,Sumatera Barat,Parents House,Senior High School,Student,Not Married,2000000.0,23,2.875,2.4444444444444446,2.727272727272727,2.0,2.7777777777777777,400529,1.77,9358.0,2.4,198642,1398.91,5914.3,57047,63.8
Female,Sumatera Barat,Parents House,Senior High School,Student,Not Married,2000000.0,22,3.3125,2.3333333333333335,3.0,3.0,2.888888888888889,400529,1.77,9358.0,2.4,198642,1398.91,5914.3,57047,63.8
Female,Sumatera Utara,Parents House,Senior High School,Student,Not Married,2000000.0,22,3.3125,3.111111111111111,3.272727272727273,1.6666666666666667,3.2222222222222223,1036941,26.54,26205.0,1.55,650944,3078.85,15785.8,73575,68.1
Female,Sumatera Utara,Own House,Senior High School,Entrepreneur,Not Married,2000000.0,22,3.125,3.2222222222222223,3.727272727272727,3.0,3.111111111111111,1036941,26.54,26205.0,1.55,650944,3078.85,15785.8,73575,68.1
Female,Sumatera Utara,Parents House,Senior High School,Student,Not Married,2000000.0,21,3.4375,3.4444444444444446,3.5454545454545454,1.3333333333333333,3.3333333333333335,1036941,26.54,26205.0,1.55,650944,3078.85,15785.8,73575,68.1
Female,Sumatera Utara,Parents House,Senior High School,Student,Not Married,2000000.0,24,2.875,2.5555555555555554,1.9090909090909092,3.6666666666666665,3.5555555555555554,1036941,26.54,26205.0,1.55,650944,3078.85,15785.8,73575,68.1
Male,Sumatera Utara,Parents House,Senior High School,Student,Not Married,2000000.0,23,3.0,2.888888888888889,3.0,2.3333333333333335,3.2222222222222223,1036941,26.54,26205.0,1.55,650944,3078.85,15785.8,73575,68.1
Female,Papua,Rental House,Senior High School,Student,Not Married,2000000.0,21,3.0,2.7777777777777777,2.5454545454545454,2.0,3.0,75024,0.52,343.0,1.17,39157,221.27,636.4,59064,41.5
Male,Sumatera Utara,Rental House,Postgraduate,Student,Not Married,2000000.0,28,3.3125,3.111111111111111,3.0,4.0,2.7777777777777777,1036941,26.54,26205.0,1.55,650944,3078.85,15785.8,73575,68.1
Female,Sumatera Utara,Rental House,Senior High School,Student,Not Married,2000000.0,21,2.75,2.2222222222222223,2.727272727272727,2.0,2.888888888888889,1036941,26.54,26205.0,1.55,650944,3078.85,15785.8,73575,68.1
Female,Sumatera Utara,Rental House,Bachelor (S1)/Diploma IV,Entrepreneur,Not Married,2000000.0,25,3.0,3.0,3.0,3.0,2.4444444444444446,1036941,26.54,26205.0,1.55,650944,3078.85,15785.8,73575,68.1
Female,Sumatera Utara,Parents House,Bachelor (S1)/Diploma IV,Private Employee,Not Married,2000000.0,26,4.0,4.0,3.909090909090909,3.0,4.0,1036941,26.54,26205.0,1.55,650944,3078.85,15785.8,73575,68.1
Female,Jawa Timur,Family House,Senior High School,Student,Not Married,2000000.0,23,2.6875,2.4444444444444446,2.909090909090909,3.0,2.4444444444444446,3048079,132.94,44643.0,3.29,1895275,10417.68,42089.3,75770,66.7
Male,Jawa Barat,Rental House,Senior High School,Student,Not Married,2000000.0,23,2.625,2.4444444444444446,2.6363636363636362,2.6666666666666665,2.3333333333333335,6818787,251.24,143127.0,3.41,4705372,20751.93,50759.0,56080,89.3
Female,Sumatera Barat,Boarding House,Senior High School,Student,Not Married,2000000.0,22,2.9375,3.0,2.8181818181818183,2.6666666666666665,2.888888888888889,400529,1.77,9358.0,2.4,198642,1398.91,5914.3,57047,63.8
Female,Jawa Barat,Parents House,Senior High School,Student,Not Married,2000000.0,22,2.5625,2.5555555555555554,2.6363636363636362,2.3333333333333335,2.3333333333333335,6818787,251.24,143127.0,3.41,4705372,20751.93,50759.0,56080,89.3
Male,Sumatera Utara,Family House,Senior High School,Student,Not Married,2000000.0,20,2.6875,2.5555555555555554,2.4545454545454546,2.3333333333333335,2.6666666666666665,1036941,26.54,26205.0,1.55,650944,3078.85,15785.8,73575,68.1
Female,Sumatera Utara,Rental House,Senior High School,Student,Not Married,2000000.0,21,2.8125,2.111111111111111,2.909090909090909,3.0,2.5555555555555554,1036941,26.54,26205.0,1.55,650944,3078.85,15785.8,73575,68.1
Female,Sumatera Utara,Rental House,Senior High School,Student,Not Married,2000000.0,20,2.9375,2.3333333333333335,3.1818181818181817,1.6666666666666667,3.4444444444444446,1036941,26.54,26205.0,1.55,650944,3078.85,15785.8,73575,68.1
Female,Jawa Tengah,Rental House,Senior High School,Student,Not Married,2000000.0,21,3.0,3.0,3.0,3.0,2.4444444444444446,2637739,29.46,59501.0,2.77,1553694,6962.05,38233.9,47972,60.8
Female,Jawa Tengah,Dormitory,Senior High School,Student,Not Married,2000000.0,21,2.9375,3.0,3.0,3.0,2.4444444444444446,2637739,29.46,59501.0,2.77,1553694,6962.05,38233.9,47972,60.8
Female,Jawa Tengah,Parents House,Senior High School,Student,Not Married,2000000.0,22,2.875,2.7777777777777777,2.8181818181818183,2.3333333333333335,2.7777777777777777,2637739,29.46,59501.0,2.77,1553694,6962.05,38233.9,47972,60.8
Female,Jawa Tengah,Rental House,Senior High School,Student,Not Married,2000000.0,22,3.25,3.0,3.0,1.3333333333333333,2.888888888888889,2637739,29.46,59501.0,2.77,1553694,6962.05,38233.9,47972,60.8
Male,Jawa Tengah,Parents House,Senior High School,Student,Not Married,2000000.0,21,3.25,2.111111111111111,2.5454545454545454,1.3333333333333333,2.4444444444444446,2637739,29.46,59501.0,2.77,1553694,6962.05,38233.9,47972,60.8
Female,Jawa Tengah,Rental House,Senior High School,Student,Not Married,2000000.0,22,3.0,3.0,3.0,2.0,2.5555555555555554,2637739,29.46,59501.0,2.77,1553694,6962.05,38233.9,47972,60.8
Female,Aceh,Parents House,Senior High School,Student,Not Married,2000000.0,20,2.6875,2.3333333333333335,3.1818181818181817,3.0,2.3333333333333335,102897,1.63,615.0,0.82,70593,196.9,5626.0,43782,43.2
Male,Jawa Tengah,Rental House,Bachelor (S1)/Diploma IV,Student,Not Married,2000000.0,21,3.0,2.3333333333333335,2.4545454545454546,2.0,2.888888888888889,2637739,29.46,59501.0,2.77,1553694,6962.05,38233.9,47972,60.8
Female,Jawa Tengah,Parents House,Senior High School,Student,Not Married,2000000.0,21,3.0625,2.888888888888889,2.3636363636363638,1.3333333333333333,3.2222222222222223,2637739,29.46,59501.0,2.77,1553694,6962.05,38233.9,47972,60.8
Male,Jawa Tengah,Rental House,Senior High School,Student,Not Married,2000000.0,21,2.9375,4.0,3.909090909090909,3.0,2.3333333333333335,2637739,29.46,59501.0,2.77,1553694,6962.05,38233.9,47972,60.8
Female,Jawa Tengah,Parents House,Senior High School,Student,Not Married,2000000.0,22,3.1875,2.6666666666666665,2.909090909090909,3.0,2.2222222222222223,2637739,29.46,59501.0,2.77,1553694,6962.05,38233.9,47972,60.8
Female,Jawa Tengah,Rental House,Senior High School,Student,Not Married,2000000.0,22,3.125,2.888888888888889,2.6363636363636362,2.3333333333333335,2.888888888888889,2637739,29.46,59501.0,2.77,1553694,6962.05,38233.9,47972,60.8
Male,DKI Jakarta,Parents House,Senior High School,Student,Not Married,2000000.0,21,3.0625,3.111111111111111,3.5454545454545454,2.0,2.6666666666666665,2708907,20964.0,9272715.0,3.56,2324200,12838.89,10678.0,344350,100.0
Female,Jawa Tengah,Family House,Bachelor (S1)/Diploma IV,Student,Not Married,2000000.0,21,3.1875,2.3333333333333335,3.1818181818181817,2.0,2.888888888888889,2637739,29.46,59501.0,2.77,1553694,6962.05,38233.9,47972,60.8
Female,Jawa Barat,Parents House,Senior High School,Student,Not Married,2000000.0,22,3.0,3.0,2.909090909090909,2.6666666666666665,2.4444444444444446,6818787,251.24,143127.0,3.41,4705372,20751.93,50759.0,56080,89.3
Female,Sumatera Utara,Family House,Senior High School,Student,Not Married,2000000.0,21,2.875,2.7777777777777777,2.727272727272727,1.6666666666666667,3.0,1036941,26.54,26205.0,1.55,650944,3078.85,15785.8,73575,68.1
Male,Sumatera Utara,Dormitory,Bachelor (S1)/Diploma IV,Student,Not Married,2000000.0,22,3.0,3.0,3.0,3.0,2.4444444444444446,1036941,26.54,26205.0,1.55,650944,3078.85,15785.8,73575,68.1
Male,Sumatera Utara,Family House,Senior High School,Student,Not Married,2000000.0,23,3.875,2.6666666666666665,3.3636363636363638,1.0,3.7777777777777777,1036941,26.54,26205.0,1.55,650944,3078.85,15785.8,73575,68.1
Male,Jawa Tengah,Rental House,Senior High School,Student,Not Married,2000000.0,21,2.875,2.6666666666666665,2.909090909090909,2.0,2.5555555555555554,2637739,29.46,59501.0,2.77,1553694,6962.05,38233.9,47972,60.8
Female,Sumatera Utara,Rental House,Senior High School,Student,Not Married,2000000.0,21,3.0,3.0,3.0,3.0,2.888888888888889,1036941,26.54,26205.0,1.55,650944,3078.85,15785.8,73575,68.1
Male,Sumatera Selatan,Rental House,Senior High School,Student,Not Married,2000000.0,22,3.0,3.0,3.0,3.0,2.4444444444444446,577990,8.6,4120.0,2.66,334613,1728.24,8928.5,75132,40.1
Female,Sumatera Utara,Parents House,Senior High School,Student,Not Married,2000000.0,21,2.875,3.0,3.0,3.0,2.4444444444444446,1036941,26.54,26205.0,1.55,650944,3078.85,15785.8,73575,68.1
Female,Jawa Tengah,Parents House,Senior High School,Student,Not Married,2000000.0,21,2.75,1.7777777777777777,2.909090909090909,3.3333333333333335,2.5555555555555554,2637739,29.46,59501.0,2.77,1553694,6962.05,38233.9,47972,60.8
Male,Sumatera Utara,Parents House,Bachelor (S1)/Diploma IV,Student,Not Married,2000000.0,21,3.0625,1.8888888888888888,2.6363636363636362,3.0,2.2222222222222223,1036941,26.54,26205.0,1.55,650944,3078.85,15785.8,73575,68.1
Female,Banten,Rental House,Senior High School,Student,Not Married,2000000.0,21,3.0625,3.0,2.909090909090909,1.3333333333333333,3.3333333333333335,1742274,601.94,83677.0,2.73,1244263,6226.21,12537.4,70276,84.9
Female,Jawa Tengah,Parents House,Senior High School,Student,Not Married,2000000.0,22,2.8125,2.5555555555555554,3.090909090909091,2.0,2.5555555555555554,2637739,29.46,59501.0,2.77,1553694,6962.05,38233.9,47972,60.8
Female,Jawa Tengah,Rental House,Senior High School,Student,Not Married,2000000.0,22,3.0,3.0,2.909090909090909,2.0,3.0,2637739,29.46,59501.0,2.77,1553694,6962.05,38233.9,47972,60.8
Male,Jawa Barat,Family House,Senior High School,Student,Not Married,2000000.0,21,2.9375,3.0,2.727272727272727,2.0,2.4444444444444446,6818787,251.24,143127.0,3.41,4705372,20751.93,50759.0,56080,89.3
Male,Sumatera Utara,Parents House,Senior High School,Student,Not Married,2000000.0,22,3.375,3.0,3.0,2.3333333333333335,2.3333333333333335,1036941,26.54,26205.0,1.55,650944,3078.85,15785.8,73575,68.1
Female,Sumatera Utara,Rental House,Senior High School,Student,Not Married,2000000.0,21,3.125,3.0,3.090909090909091,2.0,2.7777777777777777,1036941,26.54,26205.0,1.55,650944,3078.85,15785.8,73575,68.1
Female,Kepulauan Riau,Rental House,Senior High School,Student,Not Married,2000000.0,21,2.8125,2.4444444444444446,2.909090909090909,2.6666666666666665,2.3333333333333335,309076,7.83,9212.0,1.8,180411,993.02,10678.0,161424,85.3
Female,Sumatera Utara,Rental House,Senior High School,Student,Not Married,2000000.0,22,2.8125,2.2222222222222223,2.727272727272727,2.3333333333333335,2.6666666666666665,1036941,26.54,26205.0,1.55,650944,3078.85,15785.8,73575,68.1
Female,Sumatera Utara,Rental House,Senior High School,Student,Not Married,2000000.0,20,3.375,3.0,3.727272727272727,2.6666666666666665,2.7777777777777777,1036941,26.54,26205.0,1.55,650944,3078.85,15785.8,73575,68.1
Female,Jawa Tengah,Rental House,Senior High School,Student,Not Married,2000000.0,22,2.8125,2.5555555555555554,2.4545454545454546,2.0,2.2222222222222223,2637739,29.46,59501.0,2.77,1553694,6962.05,38233.9,47972,60.8
Female,Jawa Tengah,Parents House,Senior High School,Student,Not Married,2000000.0,22,3.3125,2.6666666666666665,3.5454545454545454,1.6666666666666667,2.6666666666666665,2637739,29.46,59501.0,2.77,1553694,6962.05,38233.9,47972,60.8
Male,Sumatera Utara,Parents House,Senior High School,Student,Not Married,2000000.0,21,2.375,2.4444444444444446,2.6363636363636362,2.0,2.3333333333333335,1036941,26.54,26205.0,1.55,650944,3078.85,15785.8,73575,68.1
Female,Sumatera Utara,Rental House,Bachelor (S1)/Diploma IV,Student,Not Married,2000000.0,22,2.3125,2.2222222222222223,2.8181818181818183,2.6666666666666665,2.5555555555555554,1036941,26.54,26205.0,1.55,650944,3078.85,15785.8,73575,68.1
Female,Jawa Tengah,Rental House,Senior High School,Student,Not Married,2000000.0,22,3.125,3.0,3.0,2.0,2.7777777777777777,2637739,29.46,59501.0,2.77,1553694,6962.05,38233.9,47972,60.8
Male,Jawa Tengah,Parents House,Senior High School,Student,Not Married,2000000.0,21,3.0625,3.111111111111111,3.0,1.6666666666666667,2.5555555555555554,2637739,29.46,59501.0,2.77,1553694,6962.05,38233.9,47972,60.8
Female,Sumatera Utara,Parents House,Senior High School,Student,Not Married,2000000.0,21,1.9375,2.7777777777777777,3.0,3.3333333333333335,2.4444444444444446,1036941,26.54,26205.0,1.55,650944,3078.85,15785.8,73575,68.1
Female,Banten,Boarding House,Bachelor (S1)/Diploma IV,Student,Not Married,2000000.0,20,3.0,2.3333333333333335,2.909090909090909,2.3333333333333335,2.2222222222222223,1742274,601.94,83677.0,2.73,1244263,6226.21,12537.4,70276,84.9
Female,Sumatera Barat,Rental House,Bachelor (S1)/Diploma IV,Student,Not Married,2000000.0,23,3.8125,3.4444444444444446,3.727272727272727,2.3333333333333335,3.0,400529,1.77,9358.0,2.4,198642,1398.91,5914.3,57047,63.8
Male,Sumatera Barat,Parents House,Bachelor (S1)/Diploma IV,Student,Not Married,2000000.0,22,3.125,2.4444444444444446,3.0,1.3333333333333333,2.6666666666666665,400529,1.77,9358.0,2.4,198642,1398.91,5914.3,57047,63.8
Female,Sumatera Barat,Boarding House,Senior High School,Student,Not Married,2000000.0,22,3.3125,2.4444444444444446,2.4545454545454546,2.3333333333333335,2.5555555555555554,400529,1.77,9358.0,2.4,198642,1398.91,5914.3,57047,63.8
Male,Sumatera Barat,Rental House,Bachelor (S1)/Diploma IV,Student,Not Married,2000000.0,23,3.1875,2.2222222222222223,2.5454545454545454,1.6666666666666667,3.0,400529,1.77,9358.0,2.4,198642,1398.91,5914.3,57047,63.8
Female,Sumatera Barat,Family House,Senior High School,Student,Not Married,2000000.0,22,2.5625,2.111111111111111,2.3636363636363638,2.0,2.5555555555555554,400529,1.77,9358.0,2.4,198642,1398.91,5914.3,57047,63.8
Male,Sumatera Barat,Parents House,Senior High School,Student,Not Married,2000000.0,25,2.875,3.0,3.0,1.6666666666666667,2.888888888888889,400529,1.77,9358.0,2.4,198642,1398.91,5914.3,57047,63.8
Female,Jawa Barat,Parents House,Senior High School,Student,Not Married,2000000.0,23,2.9375,2.7777777777777777,3.090909090909091,3.0,2.4444444444444446,6818787,251.24,143127.0,3.41,4705372,20751.93,50759.0,56080,89.3
Female,Sumatera Barat,Rental House,Senior High School,Student,Not Married,2000000.0,21,2.5625,2.4444444444444446,2.6363636363636362,2.3333333333333335,2.4444444444444446,400529,1.77,9358.0,2.4,198642,1398.91,5914.3,57047,63.8
Female,Sumatera Barat,Parents House,Senior High School,Student,Not Married,2000000.0,22,3.1875,2.888888888888889,2.6363636363636362,2.3333333333333335,2.7777777777777777,400529,1.77,9358.0,2.4,198642,1398.91,5914.3,57047,63.8
Female,Sumatera Barat,Rental House,Bachelor (S1)/Diploma IV,Student,Not Married,2000000.0,22,2.625,2.3333333333333335,2.3636363636363638,3.0,2.111111111111111,400529,1.77,9358.0,2.4,198642,1398.91,5914.3,57047,63.8
Female,Sumatera Barat,Parents House,Senior High School,Student,Not Married,2000000.0,22,3.9375,3.888888888888889,3.6363636363636362,1.3333333333333333,3.888888888888889,400529,1.77,9358.0,2.4,198642,1398.91,5914.3,57047,63.8
Female,Sumatera Barat,Parents House,Senior High School,Student,Not Married,2000000.0,23,3.875,4.0,3.6363636363636362,2.0,3.4444444444444446,400529,1.77,9358.0,2.4,198642,1398.91,5914.3,57047,63.8
Female,Sumatera Barat,Rental House,Bachelor (S1)/Diploma IV,Student,Not Married,2000000.0,22,2.6875,2.111111111111111,2.272727272727273,2.3333333333333335,2.5555555555555554,400529,1.77,9358.0,2.4,198642,1398.91,5914.3,57047,63.8
Male,Sumatera Barat,Rental House,Bachelor (S1)/Diploma IV,Student,Not Married,2000000.0,23,2.75,2.6666666666666665,3.0,2.0,2.2222222222222223,400529,1.77,9358.0,2.4,198642,1398.91,5914.3,57047,63.8
Female,Sumatera Barat,Rental House,Senior High School,Student,Not Married,2000000.0,22,3.125,2.3333333333333335,3.1818181818181817,2.0,2.5555555555555554,400529,1.77,9358.0,2.4,198642,1398.91,5914.3,57047,63.8
Female,Sumatera Barat,Own House,Senior High School,Student,Not Married,2000000.0,22,3.0,3.0,3.0,3.0,2.4444444444444446,400529,1.77,9358.0,2.4,198642,1398.91,5914.3,57047,63.8
Male,Bengkulu,Boarding House,Senior High School,Student,Not Married,2000000.0,21,3.25,2.888888888888889,2.6363636363636362,2.0,3.0,138784,0.36,358.0,1.75,68108,478.3,2138.0,49233,35.6
Female,Aceh,Rental House,Senior High School,Student,Not Married,2000000.0,21,2.875,2.3333333333333335,2.6363636363636362,1.3333333333333333,3.4444444444444446,102897,1.63,615.0,0.82,70593,196.9,5626.0,43782,43.2
Male,Sumatera Barat,Rental House,Senior High School,Student,Not Married,2000000.0,17,4.0,4.0,3.909090909090909,1.3333333333333333,2.3333333333333335,400529,1.77,9358.0,2.4,198642,1398.91,5914.3,57047,63.8
Female,Sumatera Barat,Rental House,Senior High School,Student,Not Married,2000000.0,23,2.5625,2.3333333333333335,3.1818181818181817,2.0,2.5555555555555554,400529,1.77,9358.0,2.4,198642,1398.91,5914.3,57047,63.8
Male,Sumatera Barat,Rental House,Senior High School,Student,Not Married,2000000.0,23,3.0,3.0,3.272727272727273,3.0,2.0,400529,1.77,9358.0,2.4,198642,1398.91,5914.3,57047,63.8
Female,Kepulauan Riau,Rental House,Senior High School,Student,Not Married,2000000.0,17,2.8125,2.2222222222222223,2.6363636363636362,2.3333333333333335,2.888888888888889,309076,7.83,9212.0,1.8,180411,993.02,10678.0,161424,85.3
Female,Riau,Rental House,Senior High School,Student,Not Married,2000000.0,22,2.9375,2.6666666666666665,3.1818181818181817,2.3333333333333335,2.4444444444444446,542854,4.45,4273.0,1.66,282437,1565.78,2213.5,165350,41.8
Female,Sumatera Barat,Rental House,Bachelor (S1)/Diploma IV,Student,Not Married,2000000.0,20,2.75,2.2222222222222223,3.0,2.0,3.111111111111111,400529,1.77,9358.0,2.4,198642,1398.91,5914.3,57047,63.8
Female,Sumatera Barat,Parents House,Senior High School,Student,Not Married,2000000.0,22,3.5,2.5555555555555554,3.3636363636363638,1.0,2.7777777777777777,400529,1.77,9358.0,2.4,198642,1398.91,5914.3,57047,63.8
Male,Sumatera Barat,Parents House,Senior High School,Student,Not Married,2000000.0,22,2.9375,3.0,3.0,3.0,2.4444444444444446,400529,1.77,9358.0,2.4,198642,1398.91,5914.3,57047,63.8
Female,Sumatera Barat,Rental House,Senior High School,Student,Not Married,2000000.0,22,3.0,3.0,2.909090909090909,2.3333333333333335,2.4444444444444446,400529,1.77,9358.0,2.4,198642,1398.91,5914.3,57047,63.8
Female,Sumatera Barat,Parents House,Senior High School,Student,Not Married,2000000.0,20,2.5,2.3333333333333335,2.3636363636363638,2.6666666666666665,3.0,400529,1.77,9358.0,2.4,198642,1398.91,5914.3,57047,63.8
Female,Sumatera Barat,Parents House,Senior High School,Student,Not Married,2000000.0,23,2.6875,2.3333333333333335,3.1818181818181817,2.0,3.5555555555555554,400529,1.77,9358.0,2.4,198642,1398.91,5914.3,57047,63.8
Female,Riau,Rental House,Bachelor (S1)/Diploma IV,Private Employee,Not Married,2000000.0,23,3.1875,3.0,3.0,2.0,2.7777777777777777,542854,4.45,4273.0,1.66,282437,1565.78,2213.5,165350,41.8
Female,Sumatera Barat,Parents House,Senior High School,Student,Not Married,2000000.0,22,3.125,2.7777777777777777,2.5454545454545454,2.0,2.7777777777777777,400529,1.77,9358.0,2.4,198642,1398.91,5914.3,57047,63.8
Female,Sumatera Barat,Parents House,Bachelor (S1)/Diploma IV,Others,Not Married,2000000.0,24,3.75,3.5555555555555554,3.727272727272727,2.3333333333333335,3.6666666666666665,400529,1.77,9358.0,2.4,198642,1398.91,5914.3,57047,63.8
Male,Jambi,Boarding House,Senior High School,Student,Not Married,2000000.0,21,2.9375,2.3333333333333335,2.909090909090909,3.0,2.3333333333333335,273264,1.06,1251.0,2.16,136402,864.3,3768.5,86722,38.2
Male,Sumatera Barat,Parents House,Senior High School,Student,Not Married,2000000.0,21,3.0,2.888888888888889,3.0,2.0,2.7777777777777777,400529,1.77,9358.0,2.4,198642,1398.91,5914.3,57047,63.8
Male,Sumatera Barat,Rental House,Senior High School,Student,Not Married,2000000.0,20,3.625,2.6666666666666665,2.6363636363636362,2.0,3.0,400529,1.77,9358.0,2.4,198642,1398.91,5914.3,57047,63.8
Female,Sumatera Barat,Rental House,Senior High School,Student,Not Married,2000000.0,21,3.0,2.5555555555555554,3.0,3.0,2.3333333333333335,400529,1.77,9358.0,2.4,198642,1398.91,5914.3,57047,63.8
Male,Sumatera Barat,Parents House,Senior High School,Student,Not Married,2000000.0,23,4.0,3.7777777777777777,3.727272727272727,1.6666666666666667,2.3333333333333335,400529,1.77,9358.0,2.4,198642,1398.91,5914.3,57047,63.8
Female,Sumatera Barat,Rental House,Senior High School,Student,Not Married,2000000.0,21,3.0,3.0,3.0,3.0,2.4444444444444446,400529,1.77,9358.0,2.4,198642,1398.91,5914.3,57047,63.8
Female,Sumatera Barat,Rental House,Senior High School,Student,Not Married,2000000.0,20,2.5625,2.4444444444444446,2.5454545454545454,2.3333333333333335,2.7777777777777777,400529,1.77,9358.0,2.4,198642,1398.91,5914.3,57047,63.8
Female,Sumatera Barat,Rental House,Senior High School,Student,Not Married,2000000.0,22,2.3125,2.0,2.8181818181818183,2.0,2.4444444444444446,400529,1.77,9358.0,2.4,198642,1398.91,5914.3,57047,63.8
Male,DKI Jakarta,Parents House,Bachelor (S1)/Diploma IV,Student,Not Married,2000000.0,23,3.0625,2.5555555555555554,3.272727272727273,1.6666666666666667,2.888888888888889,2708907,20964.0,9272715.0,3.56,2324200,12838.89,10678.0,344350,100.0
Female,Sumatera Barat,Parents House,Senior High School,Student,Not Married,2000000.0,22,2.125,1.7777777777777777,2.5454545454545454,2.3333333333333335,2.5555555555555554,400529,1.77,9358.0,2.4,198642,1398.91,5914.3,57047,63.8
Male,Riau,Boarding House,Bachelor (S1)/Diploma IV,Student,Not Married,2000000.0,22,3.8125,3.2222222222222223,3.3636363636363638,1.3333333333333333,2.888888888888889,542854,4.45,4273.0,1.66,282437,1565.78,2213.5,165350,41.8
Female,Sumatera Barat,Parents House,Senior High School,Student,Not Married,2000000.0,22,2.75,2.3333333333333335,3.0,2.0,3.4444444444444446,400529,1.77,9358.0,2.4,198642,1398.91,5914.3,57047,63.8
Female,Bengkulu,Rental House,Senior High School,Student,Not Married,2000000.0,22,2.625,2.111111111111111,3.0,2.0,2.2222222222222223,138784,0.36,358.0,1.75,68108,478.3,2138.0,49233,35.6
Female,Sumatera Barat,Parents House,Senior High School,Student,Not Married,2000000.0,22,3.0,3.0,2.909090909090909,3.0,2.4444444444444446,400529,1.77,9358.0,2.4,198642,1398.91,5914.3,57047,63.8
Female,Riau,Boarding House,Bachelor (S1)/Diploma IV,Private Employee,Married,2000000.0,28,2.875,2.3333333333333335,3.0,2.0,3.0,542854,4.45,4273.0,1.66,282437,1565.78,2213.5,165350,41.8
Female,Sumatera Barat,Parents House,Senior High School,Student,Not Married,2000000.0,22,2.9375,2.6666666666666665,2.8181818181818183,2.0,3.0,400529,1.77,9358.0,2.4,198642,1398.91,5914.3,57047,63.8
Female,Sumatera Barat,Rental House,Senior High School,Student,Not Married,2000000.0,22,3.0,3.0,2.8181818181818183,1.6666666666666667,2.111111111111111,400529,1.77,9358.0,2.4,198642,1398.91,5914.3,57047,63.8
Female,Sumatera Barat,Parents House,Senior High School,Student,Not Married,2000000.0,20,3.0,3.0,3.0,3.0,2.4444444444444446,400529,1.77,9358.0,2.4,198642,1398.91,5914.3,57047,63.8
Male,Sumatera Barat,Parents House,Senior High School,Student,Not Married,2000000.0,24,3.5,2.7777777777777777,3.090909090909091,2.6666666666666665,2.0,400529,1.77,9358.0,2.4,198642,1398.91,5914.3,57047,63.8
Female,Kepulauan Riau,Parents House,Senior High School,Student,Not Married,2000000.0,22,2.875,2.3333333333333335,2.8181818181818183,2.6666666666666665,3.111111111111111,309076,7.83,9212.0,1.8,180411,993.02,10678.0,161424,85.3
Female,Sumatera Barat,Parents House,Senior High School,Student,Not Married,2000000.0,22,3.0,3.111111111111111,3.0,3.3333333333333335,2.6666666666666665,400529,1.77,9358.0,2.4,198642,1398.91,5914.3,57047,63.8
Female,Sumatera Barat,Parents House,Senior High School,Student,Not Married,2000000.0,23,2.6875,2.3333333333333335,2.909090909090909,2.0,2.6666666666666665,400529,1.77,9358.0,2.4,198642,1398.91,5914.3,57047,63.8
Female,Sumatera Barat,Rental House,Senior High School,Student,Not Married,2000000.0,23,3.5,3.5555555555555554,3.4545454545454546,2.0,2.4444444444444446,400529,1.77,9358.0,2.4,198642,1398.91,5914.3,57047,63.8
Female,Sumatera Barat,Rental House,Senior High School,Student,Not Married,2000000.0,22,2.6875,2.3333333333333335,2.4545454545454546,2.0,2.888888888888889,400529,1.77,9358.0,2.4,198642,1398.91,5914.3,57047,63.8
Female,Kalimantan Selatan,Boarding House,Senior High School,Student,Not Married,2000000.0,23,3.3125,2.7777777777777777,2.909090909090909,1.6666666666666667,3.4444444444444446,336953,2.29,2214.0,2.0,190913,958.78,4323.3,67117,59.8
Female,Sumatera Barat,Parents House,Senior High School,Student,Not Married,2000000.0,22,3.0,2.888888888888889,2.6363636363636362,2.3333333333333335,2.888888888888889,400529,1.77,9358.0,2.4,198642,1398.91,5914.3,57047,63.8
Female,Sumatera Utara,Rental House,Senior High School,Student,Not Married,2000000.0,17,2.875,2.2222222222222223,3.3636363636363638,1.3333333333333333,2.5555555555555554,1036941,26.54,26205.0,1.55,650944,3078.85,15785.8,73575,68.1
Female,Sumatera Barat,Rental House,Senior High School,Student,Not Married,2000000.0,17,2.8125,2.3333333333333335,2.727272727272727,2.3333333333333335,3.0,400529,1.77,9358.0,2.4,198642,1398.91,5914.3,57047,63.8
Male,Sumatera Barat,Parents House,Senior High School,Student,Not Married,2000000.0,17,3.0,2.0,2.3636363636363638,2.3333333333333335,2.7777777777777777,400529,1.77,9358.0,2.4,198642,1398.91,5914.3,57047,63.8
Female,Sumatera Utara,Rental House,Senior High School,Student,Not Married,2000000.0,17,3.0,2.888888888888889,2.8181818181818183,2.0,3.4444444444444446,1036941,26.54,26205.0,1.55,650944,3078.85,15785.8,73575,68.1
Female,Riau,Rental House,Senior High School,Student,Not Married,2000000.0,17,2.5,2.2222222222222223,2.1818181818181817,2.6666666666666665,2.6666666666666665,542854,4.45,4273.0,1.66,282437,1565.78,2213.5,165350,41.8
Female,Sumatera Utara,Rental House,Senior High School,Student,Not Married,2000000.0,17,2.6875,2.888888888888889,3.090909090909091,3.0,2.5555555555555554,1036941,26.54,26205.0,1.55,650944,3078.85,15785.8,73575,68.1
Female,Sumatera Utara,Parents House,Senior High School,Student,Not Married,2000000.0,21,2.8125,2.5555555555555554,3.3636363636363638,3.0,2.6666666666666665,1036941,26.54,26205.0,1.55,650944,3078.85,15785.8,73575,68.1
Female,Sumatera Barat,Rental House,Senior High School,Student,Not Married,2000000.0,20,3.0,2.5555555555555554,2.727272727272727,2.0,2.888888888888889,400529,1.77,9358.0,2.4,198642,1398.91,5914.3,57047,63.8
Female,Sumatera Utara,Parents House,Senior High School,Student,Not Married,2000000.0,17,4.0,4.0,3.909090909090909,4.0,1.8888888888888888,1036941,26.54,26205.0,1.55,650944,3078.85,15785.8,73575,68.1
Female,Sumatera Barat,Rental House,Senior High School,Student,Not Married,2000000.0,17,3.5,2.3333333333333335,3.1818181818181817,2.3333333333333335,2.5555555555555554,400529,1.77,9358.0,2.4,198642,1398.91,5914.3,57047,63.8
Male,Sumatera Barat,Rental House,Bachelor (S1)/Diploma IV,Others,Not Married,2000000.0,22,3.375,3.4444444444444446,3.3636363636363638,1.0,3.2222222222222223,400529,1.77,9358.0,2.4,198642,1398.91,5914.3,57047,63.8
Female,DI Yogyakarta,Parents House,Bachelor (S1)/Diploma IV,Not Working,Not Married,2000000.0,24,3.375,3.0,2.909090909090909,1.6666666666666667,3.111111111111111,394247,7.26,8228.0,3.31,240062,1207.31,3781.5,51473,84.1
Female,DKI Jakarta,Family House,Bachelor (S1)/Diploma IV,Student,Not Married,2000000.0,22,3.125,2.6666666666666665,3.909090909090909,2.0,2.4444444444444446,2708907,20964.0,9272715.0,3.56,2324200,12838.89,10678.0,344350,100.0
Female,DKI Jakarta,Parents House,Bachelor (S1)/Diploma IV,Not Working,Not Married,2000000.0,22,2.9375,2.5555555555555554,3.1818181818181817,2.3333333333333335,2.3333333333333335,2708907,20964.0,9272715.0,3.56,2324200,12838.89,10678.0,344350,100.0
Female,Riau,Rental House,Senior High School,Student,Not Married,2000000.0,21,2.5625,2.3333333333333335,2.4545454545454546,3.0,2.6666666666666665,542854,4.45,4273.0,1.66,282437,1565.78,2213.5,165350,41.8
Female,Sumatera Barat,Parents House,Senior High School,Student,Not Married,2000000.0,22,2.8125,2.6666666666666665,2.909090909090909,2.0,2.7777777777777777,400529,1.77,9358.0,2.4,198642,1398.91,5914.3,57047,63.8
Female,Sumatera Barat,Parents House,Senior High School,Student,Not Married,2000000.0,17,2.5625,2.111111111111111,2.727272727272727,2.6666666666666665,2.7777777777777777,400529,1.77,9358.0,2.4,198642,1398.91,5914.3,57047,63.8
Female,DKI Jakarta,Parents House,Bachelor (S1)/Diploma IV,Others,Not Married,2000000.0,23,2.625,2.4444444444444446,2.5454545454545454,2.6666666666666665,2.6666666666666665,2708907,20964.0,9272715.0,3.56,2324200,12838.89,10678.0,344350,100.0
Female,DKI Jakarta,Boarding House,Senior High School,Others,Not Married,2000000.0,17,2.8125,2.5555555555555554,3.3636363636363638,2.0,2.7777777777777777,2708907,20964.0,9272715.0,3.56,2324200,12838.89,10678.0,344350,100.0
Female,DKI Jakarta,Boarding House,Senior High School,Others,Not Married,2000000.0,17,3.25,3.0,3.5454545454545454,2.0,2.5555555555555554,2708907,20964.0,9272715.0,3.56,2324200,12838.89,10678.0,344350,100.0
Female,Banten,Parents House,Senior High School,Student,Not Married,2000000.0,20,2.8125,2.111111111111111,3.0,2.6666666666666665,2.111111111111111,1742274,601.94,83677.0,2.73,1244263,6226.21,12537.4,70276,84.9
Female,DKI Jakarta,Parents House,Senior High School,Student,Not Married,2000000.0,22,3.5,2.5555555555555554,3.6363636363636362,1.6666666666666667,3.111111111111111,2708907,20964.0,9272715.0,3.56,2324200,12838.89,10678.0,344350,100.0
Female,Jawa Barat,Parents House,Bachelor (S1)/Diploma IV,Student,Not Married,2000000.0,22,2.6875,2.888888888888889,2.8181818181818183,2.6666666666666665,2.3333333333333335,6818787,251.24,143127.0,3.41,4705372,20751.93,50759.0,56080,89.3
Male,DKI Jakarta,Family House,Senior High School,Student,Not Married,2000000.0,22,3.0,3.0,3.0,2.3333333333333335,2.4444444444444446,2708907,20964.0,9272715.0,3.56,2324200,12838.89,10678.0,344350,100.0
Female,Jawa Barat,Parents House,Senior High School,Student,Not Married,2000000.0,21,3.0,3.0,3.0,3.0,2.4444444444444446,6818787,251.24,143127.0,3.41,4705372,20751.93,50759.0,56080,89.3
Female,DKI Jakarta,Parents House,Senior High School,Student,Not Married,2000000.0,22,3.1875,2.888888888888889,3.272727272727273,2.3333333333333335,3.0,2708907,20964.0,9272715.0,3.56,2324200,12838.89,10678.0,344350,100.0
Female,DKI Jakarta,Parents House,Senior High School,Student,Not Married,2000000.0,21,3.5625,2.4444444444444446,3.5454545454545454,2.0,3.2222222222222223,2708907,20964.0,9272715.0,3.56,2324200,12838.89,10678.0,344350,100.0
Female,Sumatera Barat,Rental House,Bachelor (S1)/Diploma IV,Student,Not Married,2000000.0,22,3.125,3.0,3.1818181818181817,4.0,3.111111111111111,400529,1.77,9358.0,2.4,198642,1398.91,5914.3,57047,63.8
Female,Sumatera Utara,Parents House,Senior High School,Student,Not Married,2000000.0,21,2.8125,2.7777777777777777,2.727272727272727,3.0,2.4444444444444446,1036941,26.54,26205.0,1.55,650944,3078.85,15785.8,73575,68.1
Female,Jawa Tengah,Boarding House,Senior High School,Student,Not Married,2000000.0,22,2.625,2.6666666666666665,3.0,3.0,2.5555555555555554,2637739,29.46,59501.0,2.77,1553694,6962.05,38233.9,47972,60.8
Female,DKI Jakarta,Parents House,Senior High School,Student,Not Married,2000000.0,22,3.0,2.5555555555555554,3.5454545454545454,1.6666666666666667,2.3333333333333335,2708907,20964.0,9272715.0,3.56,2324200,12838.89,10678.0,344350,100.0
Female,DKI Jakarta,Parents House,Bachelor (S1)/Diploma IV,Student,Not Married,2000000.0,24,3.0625,3.2222222222222223,3.272727272727273,3.0,2.4444444444444446,2708907,20964.0,9272715.0,3.56,2324200,12838.89,10678.0,344350,100.0
Female,Lampung,Parents House,Senior High School,Student,Not Married,2000000.0,22,2.75,2.4444444444444446,2.8181818181818183,3.0,2.4444444444444446,530899,5.15,4033.0,2.81,284856,1455.8,9522.9,51370,42.4
Female,Banten,Parents House,Senior High School,Student,Not Married,2000000.0,23,2.9375,3.0,3.0,3.0,2.2222222222222223,1742274,601.94,83677.0,2.73,1244263,6226.21,12537.4,70276,84.9
Female,DKI Jakarta,Parents House,Senior High School,Student,Not Married,2000000.0,21,2.6875,2.0,2.6363636363636362,2.0,2.6666666666666665,2708907,20964.0,9272715.0,3.56,2324200,12838.89,10678.0,344350,100.0
Female,DKI Jakarta,Parents House,Senior High School,Student,Not Married,2000000.0,21,3.0,2.5555555555555554,2.6363636363636362,3.0,2.888888888888889,2708907,20964.0,9272715.0,3.56,2324200,12838.89,10678.0,344350,100.0
Female,Sumatera Utara,Parents House,Senior High School,Student,Not Married,2000000.0,21,2.9375,3.2222222222222223,2.909090909090909,2.3333333333333335,2.6666666666666665,1036941,26.54,26205.0,1.55,650944,3078.85,15785.8,73575,68.1
Male,Sumatera Utara,Own House,Senior High School,Student,Not Married,2000000.0,21,2.75,2.6666666666666665,2.909090909090909,3.0,2.4444444444444446,1036941,26.54,26205.0,1.55,650944,3078.85,15785.8,73575,68.1
Female,Sumatera Utara,Parents House,Senior High School,Student,Not Married,2000000.0,20,2.75,2.5555555555555554,3.0,2.0,2.888888888888889,1036941,26.54,26205.0,1.55,650944,3078.85,15785.8,73575,68.1
Male,Sumatera Utara,Own House,Bachelor (S1)/Diploma IV,Student,Not Married,2000000.0,21,3.1875,2.7777777777777777,3.4545454545454546,3.6666666666666665,3.0,1036941,26.54,26205.0,1.55,650944,3078.85,15785.8,73575,68.1
Male,Sumatera Utara,Family House,Diploma I/II/III,Student,Not Married,2000000.0,21,2.875,2.6666666666666665,3.0,2.6666666666666665,2.6666666666666665,1036941,26.54,26205.0,1.55,650944,3078.85,15785.8,73575,68.1
Female,DKI Jakarta,Parents House,Senior High School,Student,Not Married,2000000.0,21,2.25,2.0,2.727272727272727,3.0,2.7777777777777777,2708907,20964.0,9272715.0,3.56,2324200,12838.89,10678.0,344350,100.0
Female,Jawa Barat,Parents House,Bachelor (S1)/Diploma IV,Student,Not Married,2000000.0,22,2.875,2.5555555555555554,2.8181818181818183,2.3333333333333335,2.6666666666666665,6818787,251.24,143127.0,3.41,4705372,20751.93,50759.0,56080,89.3
Female,DKI Jakarta,Parents House,Senior High School,Student,Not Married,2000000.0,22,4.0,4.0,3.909090909090909,2.6666666666666665,3.0,2708907,20964.0,9272715.0,3.56,2324200,12838.89,10678.0,344350,100.0
Male,DKI Jakarta,Parents House,Bachelor (S1)/Diploma IV,Student,Not Married,2000000.0,22,3.4375,3.2222222222222223,3.4545454545454546,2.3333333333333335,3.2222222222222223,2708907,20964.0,9272715.0,3.56,2324200,12838.89,10678.0,344350,100.0
Female,DKI Jakarta,Family House,Senior High School,Student,Not Married,2000000.0,23,3.0,3.0,3.0,3.0,2.4444444444444446,2708907,20964.0,9272715.0,3.56,2324200,12838.89,10678.0,344350,100.0
Male,DKI Jakarta,Boarding House,Senior High School,Student,Not Married,2000000.0,22,2.875,2.7777777777777777,3.090909090909091,1.6666666666666667,2.111111111111111,2708907,20964.0,9272715.0,3.56,2324200,12838.89,10678.0,344350,100.0
Female,DKI Jakarta,Parents House,Senior High School,Student,Not Married,2000000.0,22,3.0,3.0,3.0,3.0,2.4444444444444446,2708907,20964.0,9272715.0,3.56,2324200,12838.89,10678.0,344350,100.0
Female,Jawa Barat,Parents House,Senior High School,Student,Not Married,2000000.0,23,2.4375,2.3333333333333335,2.727272727272727,3.3333333333333335,2.0,6818787,251.24,143127.0,3.41,4705372,20751.93,50759.0,56080,89.3
Female,DKI Jakarta,Parents House,Bachelor (S1)/Diploma IV,Student,Not Married,2000000.0,24,2.9375,3.0,3.0,2.3333333333333335,2.5555555555555554,2708907,20964.0,9272715.0,3.56,2324200,12838.89,10678.0,344350,100.0
Female,DKI Jakarta,Parents House,Senior High School,Student,Not Married,2000000.0,21,3.0625,3.0,3.272727272727273,2.3333333333333335,2.6666666666666665,2708907,20964.0,9272715.0,3.56,2324200,12838.89,10678.0,344350,100.0
Female,Banten,Rental House,Senior High School,Student,Not Married,2000000.0,21,2.125,2.0,2.4545454545454546,1.0,2.4444444444444446,1742274,601.94,83677.0,2.73,1244263,6226.21,12537.4,70276,84.9
Female,Jawa Barat,Rental House,Senior High School,Student,Not Married,2000000.0,21,2.8125,2.2222222222222223,2.909090909090909,2.0,2.888888888888889,6818787,251.24,143127.0,3.41,4705372,20751.93,50759.0,56080,89.3
Female,DKI Jakarta,Family House,Bachelor (S1)/Diploma IV,Student,Not Married,2000000.0,20,3.1875,3.111111111111111,2.8181818181818183,3.0,3.0,2708907,20964.0,9272715.0,3.56,2324200,12838.89,10678.0,344350,100.0
Female,DKI Jakarta,Parents House,Senior High School,Student,Not Married,2000000.0,23,3.5,3.3333333333333335,3.3636363636363638,3.6666666666666665,2.4444444444444446,2708907,20964.0,9272715.0,3.56,2324200,12838.89,10678.0,344350,100.0
Female,DKI Jakarta,Parents House,Senior High School,Student,Not Married,2000000.0,23,2.8125,2.4444444444444446,2.4545454545454546,2.0,2.6666666666666665,2708907,20964.0,9272715.0,3.56,2324200,12838.89,10678.0,344350,100.0
Female,DKI Jakarta,Parents House,Senior High School,Student,Not Married,2000000.0,22,2.75,2.7777777777777777,2.5454545454545454,2.0,2.4444444444444446,2708907,20964.0,9272715.0,3.56,2324200,12838.89,10678.0,344350,100.0
Female,DKI Jakarta,Parents House,Senior High School,Student,Not Married,2000000.0,22,3.0,3.0,3.727272727272727,2.3333333333333335,3.111111111111111,2708907,20964.0,9272715.0,3.56,2324200,12838.89,10678.0,344350,100.0
Female,DKI Jakarta,Parents House,Senior High School,Student,Not Married,2000000.0,22,3.0625,3.0,3.0,3.0,2.4444444444444446,2708907,20964.0,9272715.0,3.56,2324200,12838.89,10678.0,344350,100.0
Male,DKI Jakarta,Boarding House,Senior High School,Student,Not Married,2000000.0,21,3.0,3.3333333333333335,3.272727272727273,3.0,2.4444444444444446,2708907,20964.0,9272715.0,3.56,2324200,12838.89,10678.0,344350,100.0
Female,DKI Jakarta,Parents House,Senior High School,Student,Not Married,2000000.0,21,3.0,3.0,3.0,3.0,2.4444444444444446,2708907,20964.0,9272715.0,3.56,2324200,12838.89,10678.0,344350,100.0
Female,Jawa Tengah,Rental House,Senior High School,Student,Not Married,2000000.0,23,3.0,3.0,3.0,2.0,2.6666666666666665,2637739,29.46,59501.0,2.77,1553694,6962.05,38233.9,47972,60.8
Female,DKI Jakarta,Dormitory,Senior High School,Student,Not Married,2000000.0,23,3.0,3.0,3.0,2.0,2.6666666666666665,2708907,20964.0,9272715.0,3.56,2324200,12838.89,10678.0,344350,100.0
Female,Jawa Barat,Parents House,Bachelor (S1)/Diploma IV,Student,Not Married,2000000.0,21,3.0,3.0,3.0,3.0,2.4444444444444446,6818787,251.24,143127.0,3.41,4705372,20751.93,50759.0,56080,89.3
Male,Jawa Barat,Rental House,Senior High School,Student,Not Married,2000000.0,23,3.125,3.3333333333333335,3.1818181818181817,3.0,2.3333333333333335,6818787,251.24,143127.0,3.41,4705372,20751.93,50759.0,56080,89.3
Female,DKI Jakarta,Parents House,Senior High School,Student,Not Married,2000000.0,22,3.875,3.2222222222222223,3.4545454545454546,3.0,3.0,2708907,20964.0,9272715.0,3.56,2324200,12838.89,10678.0,344350,100.0
Female,Jawa Tengah,Parents House,Bachelor (S1)/Diploma IV,Student,Not Married,2000000.0,22,3.0,3.111111111111111,2.909090909090909,2.0,3.111111111111111,2637739,29.46,59501.0,2.77,1553694,6962.05,38233.9,47972,60.8
Male,DKI Jakarta,Own House,Bachelor (S1)/Diploma IV,Student,Not Married,2000000.0,23,3.8125,4.0,3.6363636363636362,2.6666666666666665,2.3333333333333335,2708907,20964.0,9272715.0,3.56,2324200,12838.89,10678.0,344350,100.0
Male,DKI Jakarta,Parents House,Bachelor (S1)/Diploma IV,Student,Not Married,2000000.0,21,2.4375,1.7777777777777777,2.8181818181818183,2.0,2.4444444444444446,2708907,20964.0,9272715.0,3.56,2324200,12838.89,10678.0,344350,100.0
Female,DKI Jakarta,Family House,Bachelor (S1)/Diploma IV,Student,Not Married,2000000.0,24,3.5,3.4444444444444446,3.6363636363636362,3.3333333333333335,2.3333333333333335,2708907,20964.0,9272715.0,3.56,2324200,12838.89,10678.0,344350,100.0
Male,DKI Jakarta,Boarding House,Senior High School,Student,Not Married,2000000.0,22,3.3125,3.7777777777777777,3.4545454545454546,3.6666666666666665,2.4444444444444446,2708907,20964.0,9272715.0,3.56,2324200,12838.89,10678.0,344350,100.0
Male,Kepulauan Riau,Rental House,Senior High School,Student,Not Married,2000000.0,21,3.5625,3.7777777777777777,3.909090909090909,1.6666666666666667,3.6666666666666665,309076,7.83,9212.0,1.8,180411,993.02,10678.0,161424,85.3
Female,DKI Jakarta,Parents House,Senior High School,Student,Not Married,2000000.0,22,3.0625,2.5555555555555554,3.0,2.6666666666666665,2.2222222222222223,2708907,20964.0,9272715.0,3.56,2324200,12838.89,10678.0,344350,100.0
Female,DKI Jakarta,Own House,Senior High School,Student,Not Married,2000000.0,22,3.3125,3.3333333333333335,3.4545454545454546,3.3333333333333335,3.111111111111111,2708907,20964.0,9272715.0,3.56,2324200,12838.89,10678.0,344350,100.0
Female,DKI Jakarta,Own House,Bachelor (S1)/Diploma IV,Student,Not Married,2000000.0,20,3.6875,2.888888888888889,3.4545454545454546,2.0,2.6666666666666665,2708907,20964.0,9272715.0,3.56,2324200,12838.89,10678.0,344350,100.0
Female,Jawa Tengah,Parents House,Bachelor (S1)/Diploma IV,Entrepreneur,Not Married,2000000.0,25,2.875,2.7777777777777777,2.6363636363636362,2.0,2.7777777777777777,2637739,29.46,59501.0,2.77,1553694,6962.05,38233.9,47972,60.8
Male,DKI Jakarta,Rental House,Senior High School,Student,Not Married,2000000.0,22,3.5625,4.0,3.8181818181818183,3.6666666666666665,2.2222222222222223,2708907,20964.0,9272715.0,3.56,2324200,12838.89,10678.0,344350,100.0
Male,DKI Jakarta,Parents House,Senior High School,Student,Not Married,2000000.0,22,3.0,2.6666666666666665,2.4545454545454546,3.3333333333333335,2.5555555555555554,2708907,20964.0,9272715.0,3.56,2324200,12838.89,10678.0,344350,100.0
Female,DKI Jakarta,Parents House,Senior High School,Student,Not Married,2000000.0,17,2.1875,2.2222222222222223,2.0,3.3333333333333335,2.3333333333333335,2708907,20964.0,9272715.0,3.56,2324200,12838.89,10678.0,344350,100.0
Female,Jawa Barat,Parents House,Senior High School,Student,Not Married,2000000.0,21,2.1875,2.4444444444444446,2.727272727272727,2.3333333333333335,2.5555555555555554,6818787,251.24,143127.0,3.41,4705372,20751.93,50759.0,56080,89.3
Male,DKI Jakarta,Family House,Senior High School,Not Working,Married,2000000.0,27,3.1875,2.111111111111111,3.1818181818181817,2.0,3.2222222222222223,2708907,20964.0,9272715.0,3.56,2324200,12838.89,10678.0,344350,100.0
Female,DKI Jakarta,Family House,Senior High School,Student,Not Married,2000000.0,20,2.75,1.7777777777777777,2.5454545454545454,2.0,2.111111111111111,2708907,20964.0,9272715.0,3.56,2324200,12838.89,10678.0,344350,100.0
Male,DKI Jakarta,Dormitory,Bachelor (S1)/Diploma IV,Student,Not Married,2000000.0,22,2.8125,3.0,2.727272727272727,2.0,2.888888888888889,2708907,20964.0,9272715.0,3.56,2324200,12838.89,10678.0,344350,100.0
Female,DKI Jakarta,Boarding House,Senior High School,Student,Not Married,2000000.0,20,2.625,2.888888888888889,3.090909090909091,2.6666666666666665,2.3333333333333335,2708907,20964.0,9272715.0,3.56,2324200,12838.89,10678.0,344350,100.0
Female,DKI Jakarta,Parents House,Senior High School,Student,Not Married,2000000.0,20,2.5,2.5555555555555554,2.727272727272727,3.0,1.5555555555555556,2708907,20964.0,9272715.0,3.56,2324200,12838.89,10678.0,344350,100.0
Female,Jawa Barat,Parents House,Senior High School,Student,Not Married,2000000.0,21,2.4375,2.6666666666666665,2.6363636363636362,2.6666666666666665,2.6666666666666665,6818787,251.24,143127.0,3.41,4705372,20751.93,50759.0,56080,89.3
Male,DKI Jakarta,Parents House,Senior High School,Student,Not Married,2000000.0,23,2.9375,3.0,3.272727272727273,1.0,3.0,2708907,20964.0,9272715.0,3.56,2324200,12838.89,10678.0,344350,100.0
Male,DKI Jakarta,Parents House,Senior High School,Student,Not Married,2000000.0,23,3.0,3.0,3.0,1.0,3.2222222222222223,2708907,20964.0,9272715.0,3.56,2324200,12838.89,10678.0,344350,100.0
Female,Jawa Barat,Parents House,Senior High School,Student,Not Married,2000000.0,21,2.9375,2.111111111111111,3.4545454545454546,1.0,2.5555555555555554,6818787,251.24,143127.0,3.41,4705372,20751.93,50759.0,56080,89.3
Male,DKI Jakarta,Rental House,Senior High School,Student,Not Married,2000000.0,24,2.6875,2.888888888888889,2.4545454545454546,3.0,2.3333333333333335,2708907,20964.0,9272715.0,3.56,2324200,12838.89,10678.0,344350,100.0
Male,DKI Jakarta,Rental House,Senior High School,Student,Not Married,2000000.0,23,3.0,3.0,3.0,3.0,2.4444444444444446,2708907,20964.0,9272715.0,3.56,2324200,12838.89,10678.0,344350,100.0
Male,Jawa Barat,Parents House,Senior High School,Student,Not Married,2000000.0,22,3.0625,2.2222222222222223,2.909090909090909,3.6666666666666665,2.2222222222222223,6818787,251.24,143127.0,3.41,4705372,20751.93,50759.0,56080,89.3
Female,Jawa Barat,Parents House,Senior High School,Student,Not Married,2000000.0,21,3.3125,2.4444444444444446,3.5454545454545454,3.0,3.2222222222222223,6818787,251.24,143127.0,3.41,4705372,20751.93,50759.0,56080,89.3
Female,DKI Jakarta,Rental House,Senior High School,Student,Not Married,2000000.0,21,2.9375,2.7777777777777777,2.8181818181818183,2.3333333333333335,2.4444444444444446,2708907,20964.0,9272715.0,3.56,2324200,12838.89,10678.0,344350,100.0
Female,Jawa Barat,Rental House,Diploma I/II/III,Student,Not Married,2000000.0,23,3.5625,2.7777777777777777,3.8181818181818183,2.0,3.111111111111111,6818787,251.24,143127.0,3.41,4705372,20751.93,50759.0,56080,89.3
Female,DKI Jakarta,Own House,Senior High School,Student,Not Married,2000000.0,23,3.25,3.2222222222222223,3.0,3.0,2.6666666666666665,2708907,20964.0,9272715.0,3.56,2324200,12838.89,10678.0,344350,100.0
Male,DKI Jakarta,Parents House,Senior High School,Student,Not Married,2000000.0,22,3.625,3.5555555555555554,3.6363636363636362,2.0,3.0,2708907,20964.0,9272715.0,3.56,2324200,12838.89,10678.0,344350,100.0
Male,DKI Jakarta,Parents House,Bachelor (S1)/Diploma IV,Student,Not Married,2000000.0,24,3.0,3.0,3.0,2.0,2.6666666666666665,2708907,20964.0,9272715.0,3.56,2324200,12838.89,10678.0,344350,100.0
Male,DKI Jakarta,Family House,Senior High School,Student,Not Married,2000000.0,24,2.6875,2.5555555555555554,3.090909090909091,2.3333333333333335,2.2222222222222223,2708907,20964.0,9272715.0,3.56,2324200,12838.89,10678.0,344350,100.0
Male,Jawa Timur,Parents House,Bachelor (S1)/Diploma IV,Student,Not Married,2000000.0,23,3.8125,4.0,3.727272727272727,3.3333333333333335,2.3333333333333335,3048079,132.94,44643.0,3.29,1895275,10417.68,42089.3,75770,66.7
Female,DKI Jakarta,Parents House,Senior High School,Student,Not Married,2000000.0,22,2.8125,2.6666666666666665,3.1818181818181817,1.6666666666666667,2.6666666666666665,2708907,20964.0,9272715.0,3.56,2324200,12838.89,10678.0,344350,100.0
Female,DKI Jakarta,Parents House,Senior High School,Student,Not Married,2000000.0,22,3.125,3.2222222222222223,3.5454545454545454,1.3333333333333333,2.7777777777777777,2708907,20964.0,9272715.0,3.56,2324200,12838.89,10678.0,344350,100.0
Female,Lampung,Dormitory,Senior High School,Student,Not Married,2000000.0,21,2.875,2.3333333333333335,2.8181818181818183,3.0,2.4444444444444446,530899,5.15,4033.0,2.81,284856,1455.8,9522.9,51370,42.4
Male,Jawa Tengah,Rental House,Senior High School,Student,Not Married,2000000.0,21,2.875,3.0,3.0,3.0,2.3333333333333335,2637739,29.46,59501.0,2.77,1553694,6962.05,38233.9,47972,60.8
Female,Jawa Barat,Parents House,Senior High School,Student,Not Married,2000000.0,22,2.6875,2.6666666666666665,3.272727272727273,2.0,2.888888888888889,6818787,251.24,143127.0,3.41,4705372,20751.93,50759.0,56080,89.3
Female,Sumatera Utara,Parents House,Bachelor (S1)/Diploma IV,Student,Not Married,2000000.0,22,3.0625,3.0,3.0,3.0,2.4444444444444446,1036941,26.54,26205.0,1.55,650944,3078.85,15785.8,73575,68.1
Female,DKI Jakarta,Boarding House,Bachelor (S1)/Diploma IV,Student,Not Married,2000000.0,24,3.25,2.4444444444444446,3.0,2.0,2.7777777777777777,2708907,20964.0,9272715.0,3.56,2324200,12838.89,10678.0,344350,100.0
Male,DKI Jakarta,Parents House,Bachelor (S1)/Diploma IV,Student,Not Married,2000000.0,25,3.1875,3.5555555555555554,3.5454545454545454,2.3333333333333335,3.3333333333333335,2708907,20964.0,9272715.0,3.56,2324200,12838.89,10678.0,344350,100.0
Female,DKI Jakarta,Parents House,Bachelor (S1)/Diploma IV,Student,Not Married,2000000.0,24,3.3125,3.111111111111111,3.1818181818181817,2.3333333333333335,2.888888888888889,2708907,20964.0,9272715.0,3.56,2324200,12838.89,10678.0,344350,100.0
Male,Banten,Parents House,Senior High School,Student,Not Married,2000000.0,24,2.75,2.3333333333333335,3.0,2.6666666666666665,2.5555555555555554,1742274,601.94,83677.0,2.73,1244263,6226.21,12537.4,70276,84.9
Male,DKI Jakarta,Own House,Bachelor (S1)/Diploma IV,Student,Not Married,2000000.0,26,2.8125,3.3333333333333335,3.1818181818181817,2.0,2.7777777777777777,2708907,20964.0,9272715.0,3.56,2324200,12838.89,10678.0,344350,100.0
Female,Banten,Boarding House,Senior High School,Student,Not Married,2000000.0,17,2.875,3.0,3.0,2.3333333333333335,2.4444444444444446,1742274,601.94,83677.0,2.73,1244263,6226.21,12537.4,70276,84.9
Female,DKI Jakarta,Parents House,Senior High School,Student,Not Married,2000000.0,24,2.375,2.6666666666666665,3.0,2.0,2.2222222222222223,2708907,20964.0,9272715.0,3.56,2324200,12838.89,10678.0,344350,100.0
Male,DKI Jakarta,Boarding House,Bachelor (S1)/Diploma IV,Student,Not Married,2000000.0,26,3.125,3.0,3.5454545454545454,2.0,2.5555555555555554,2708907,20964.0,9272715.0,3.56,2324200,12838.89,10678.0,344350,100.0
Female,DKI Jakarta,Family House,Bachelor (S1)/Diploma IV,Student,Not Married,2000000.0,23,3.125,3.2222222222222223,3.272727272727273,2.6666666666666665,2.4444444444444446,2708907,20964.0,9272715.0,3.56,2324200,12838.89,10678.0,344350,100.0
Female,Sumatera Utara,Parents House,Senior High School,Student,Not Married,2000000.0,20,2.8125,2.4444444444444446,2.727272727272727,2.6666666666666665,2.0,1036941,26.54,26205.0,1.55,650944,3078.85,15785.8,73575,68.1
Female,Sumatera Utara,Parents House,Senior High School,Student,Not Married,2000000.0,21,2.6875,2.4444444444444446,3.5454545454545454,2.0,2.5555555555555554,1036941,26.54,26205.0,1.55,650944,3078.85,15785.8,73575,68.1
Female,Sumatera Utara,Parents House,Senior High School,Student,Not Married,2000000.0,22,2.8125,2.5555555555555554,3.6363636363636362,3.6666666666666665,2.6666666666666665,1036941,26.54,26205.0,1.55,650944,3078.85,15785.8,73575,68.1
Male,DKI Jakarta,Parents House,Senior High School,Student,Not Married,2000000.0,23,3.3125,2.0,3.0,1.3333333333333333,3.5555555555555554,2708907,20964.0,9272715.0,3.56,2324200,12838.89,10678.0,344350,100.0
Male,DKI Jakarta,Family House,Bachelor (S1)/Diploma IV,Student,Not Married,2000000.0,23,3.125,3.2222222222222223,3.272727272727273,2.6666666666666665,2.4444444444444446,2708907,20964.0,9272715.0,3.56,2324200,12838.89,10678.0,344350,100.0
Male,DKI Jakarta,Family House,Bachelor (S1)/Diploma IV,Student,Not Married,2000000.0,23,3.125,3.2222222222222223,3.272727272727273,2.6666666666666665,2.4444444444444446,2708907,20964.0,9272715.0,3.56,2324200,12838.89,10678.0,344350,100.0
Male,DKI Jakarta,Family House,Bachelor (S1)/Diploma IV,Student,Not Married,2000000.0,23,3.125,3.2222222222222223,3.272727272727273,2.6666666666666665,2.4444444444444446,2708907,20964.0,9272715.0,3.56,2324200,12838.89,10678.0,344350,100.0
Male,DKI Jakarta,Family House,Bachelor (S1)/Diploma IV,Student,Not Married,2000000.0,23,3.125,3.2222222222222223,3.272727272727273,2.6666666666666665,2.4444444444444446,2708907,20964.0,9272715.0,3.56,2324200,12838.89,10678.0,344350,100.0
Male,DKI Jakarta,Parents House,Senior High School,Student,Not Married,2000000.0,22,3.4375,4.0,3.909090909090909,4.0,2.3333333333333335,2708907,20964.0,9272715.0,3.56,2324200,12838.89,10678.0,344350,100.0
Female,Sumatera Utara,Rental House,Senior High School,Student,Not Married,2000000.0,17,2.75,2.7777777777777777,2.272727272727273,3.0,2.6666666666666665,1036941,26.54,26205.0,1.55,650944,3078.85,15785.8,73575,68.1
Female,Sumatera Utara,Rental House,Senior High School,Student,Not Married,2000000.0,20,2.8125,2.5555555555555554,3.1818181818181817,2.3333333333333335,2.888888888888889,1036941,26.54,26205.0,1.55,650944,3078.85,15785.8,73575,68.1
Female,Sumatera Utara,Parents House,Senior High School,Student,Not Married,2000000.0,21,2.9375,2.4444444444444446,2.909090909090909,3.0,2.5555555555555554,1036941,26.54,26205.0,1.55,650944,3078.85,15785.8,73575,68.1
Female,Sumatera Utara,Own House,Senior High School,Student,Not Married,2000000.0,21,3.0,3.0,3.0,2.6666666666666665,2.4444444444444446,1036941,26.54,26205.0,1.55,650944,3078.85,15785.8,73575,68.1
Female,DI Yogyakarta,Family House,Bachelor (S1)/Diploma IV,Student,Not Married,2000000.0,21,3.625,3.4444444444444446,3.272727272727273,2.3333333333333335,3.0,394247,7.26,8228.0,3.31,240062,1207.31,3781.5,51473,84.1
Female,DI Yogyakarta,Family House,Bachelor (S1)/Diploma IV,Student,Not Married,2000000.0,21,3.625,3.4444444444444446,3.272727272727273,2.3333333333333335,3.0,394247,7.26,8228.0,3.31,240062,1207.31,3781.5,51473,84.1
Female,DI Yogyakarta,Family House,Bachelor (S1)/Diploma IV,Student,Not Married,2000000.0,21,3.625,3.4444444444444446,3.272727272727273,2.3333333333333335,3.0,394247,7.26,8228.0,3.31,240062,1207.31,3781.5,51473,84.1
Female,Jawa Tengah,Parents House,Bachelor (S1)/Diploma IV,Student,Not Married,2000000.0,22,3.5,3.5555555555555554,3.272727272727273,2.0,2.888888888888889,2637739,29.46,59501.0,2.77,1553694,6962.05,38233.9,47972,60.8
Female,DI Yogyakarta,Family House,Bachelor (S1)/Diploma IV,Student,Not Married,2000000.0,21,3.625,3.4444444444444446,3.272727272727273,2.3333333333333335,3.0,394247,7.26,8228.0,3.31,240062,1207.31,3781.5,51473,84.1
Female,Jawa Tengah,Parents House,Bachelor (S1)/Diploma IV,Student,Not Married,2000000.0,22,3.5,3.5555555555555554,3.272727272727273,2.0,2.888888888888889,2637739,29.46,59501.0,2.77,1553694,6962.05,38233.9,47972,60.8
Female,Jawa Tengah,Parents House,Bachelor (S1)/Diploma IV,Student,Not Married,2000000.0,22,3.5,3.5555555555555554,3.272727272727273,2.0,2.888888888888889,2637739,29.46,59501.0,2.77,1553694,6962.05,38233.9,47972,60.8
Female,DI Yogyakarta,Family House,Bachelor (S1)/Diploma IV,Student,Not Married,2000000.0,21,3.625,3.4444444444444446,3.272727272727273,2.3333333333333335,3.0,394247,7.26,8228.0,3.31,240062,1207.31,3781.5,51473,84.1
Male,DKI Jakarta,Parents House,Bachelor (S1)/Diploma IV,Student,Not Married,2000000.0,21,3.1875,3.2222222222222223,3.272727272727273,2.3333333333333335,2.7777777777777777,2708907,20964.0,9272715.0,3.56,2324200,12838.89,10678.0,344350,100.0
Female,Jawa Tengah,Parents House,Bachelor (S1)/Diploma IV,Student,Not Married,2000000.0,22,3.5,3.5555555555555554,3.272727272727273,2.0,2.888888888888889,2637739,29.46,59501.0,2.77,1553694,6962.05,38233.9,47972,60.8
Female,DI Yogyakarta,Family House,Bachelor (S1)/Diploma IV,Student,Not Married,2000000.0,21,3.625,3.4444444444444446,3.272727272727273,2.3333333333333335,3.0,394247,7.26,8228.0,3.31,240062,1207.31,3781.5,51473,84.1
Female,DKI Jakarta,Parents House,Senior High School,Student,Not Married,2000000.0,21,2.5625,2.3333333333333335,2.6363636363636362,2.3333333333333335,2.888888888888889,2708907,20964.0,9272715.0,3.56,2324200,12838.89,10678.0,344350,100.0
Male,Sumatera Utara,Parents House,Bachelor (S1)/Diploma IV,Student,Not Married,2000000.0,24,4.0,4.0,3.909090909090909,4.0,2.3333333333333335,1036941,26.54,26205.0,1.55,650944,3078.85,15785.8,73575,68.1
Female,DI Yogyakarta,Family House,Bachelor (S1)/Diploma IV,Student,Not Married,2000000.0,21,3.625,3.4444444444444446,3.272727272727273,2.3333333333333335,3.0,394247,7.26,8228.0,3.31,240062,1207.31,3781.5,51473,84.1
Female,Sumatera Utara,Rental House,Bachelor (S1)/Diploma IV,Student,Not Married,2000000.0,21,3.5,3.5555555555555554,3.3636363636363638,2.0,3.2222222222222223,1036941,26.54,26205.0,1.55,650944,3078.85,15785.8,73575,68.1
Female,DI Yogyakarta,Family House,Bachelor (S1)/Diploma IV,Student,Not Married,2000000.0,21,3.625,3.4444444444444446,3.272727272727273,2.3333333333333335,3.0,394247,7.26,8228.0,3.31,240062,1207.31,3781.5,51473,84.1
Female,Jawa Tengah,Parents House,Bachelor (S1)/Diploma IV,Student,Not Married,2000000.0,22,3.5,3.5555555555555554,3.272727272727273,2.0,2.888888888888889,2637739,29.46,59501.0,2.77,1553694,6962.05,38233.9,47972,60.8
Female,Sumatera Utara,Rental House,Bachelor (S1)/Diploma IV,Student,Not Married,2000000.0,21,3.5,3.5555555555555554,3.3636363636363638,2.0,3.2222222222222223,1036941,26.54,26205.0,1.55,650944,3078.85,15785.8,73575,68.1
Female,Sumatera Utara,Rental House,Bachelor (S1)/Diploma IV,Student,Not Married,2000000.0,21,3.5,3.5555555555555554,3.3636363636363638,2.0,3.2222222222222223,1036941,26.54,26205.0,1.55,650944,3078.85,15785.8,73575,68.1
Male,DKI Jakarta,Parents House,Bachelor (S1)/Diploma IV,Student,Not Married,2000000.0,21,3.1875,3.2222222222222223,3.272727272727273,2.3333333333333335,2.7777777777777777,2708907,20964.0,9272715.0,3.56,2324200,12838.89,10678.0,344350,100.0
Female,Jawa Tengah,Parents House,Bachelor (S1)/Diploma IV,Student,Not Married,2000000.0,22,3.5,3.5555555555555554,3.272727272727273,2.0,2.888888888888889,2637739,29.46,59501.0,2.77,1553694,6962.05,38233.9,47972,60.8
Female,DI Yogyakarta,Family House,Bachelor (S1)/Diploma IV,Student,Not Married,2000000.0,21,3.625,3.4444444444444446,3.272727272727273,2.3333333333333335,3.0,394247,7.26,8228.0,3.31,240062,1207.31,3781.5,51473,84.1
Male,DI Yogyakarta,Rental House,Bachelor (S1)/Diploma IV,Student,Not Married,2000000.0,21,3.25,3.3333333333333335,3.1818181818181817,1.6666666666666667,2.888888888888889,394247,7.26,8228.0,3.31,240062,1207.31,3781.5,51473,84.1
Male,Jawa Tengah,Rental House,Bachelor (S1)/Diploma IV,Student,Not Married,2000000.0,21,3.25,3.5555555555555554,3.1818181818181817,3.0,3.0,2637739,29.46,59501.0,2.77,1553694,6962.05,38233.9,47972,60.8
Male,Sumatera Utara,Rental House,Bachelor (S1)/Diploma IV,Student,Not Married,2000000.0,21,3.375,3.4444444444444446,3.272727272727273,2.0,3.0,1036941,26.54,26205.0,1.55,650944,3078.85,15785.8,73575,68.1
Female,DI Yogyakarta,Family House,Bachelor (S1)/Diploma IV,Student,Not Married,2000000.0,21,3.625,3.4444444444444446,3.272727272727273,2.3333333333333335,3.0,394247,7.26,8228.0,3.31,240062,1207.31,3781.5,51473,84.1
Male,DKI Jakarta,Parents House,Bachelor (S1)/Diploma IV,Student,Not Married,2000000.0,21,3.1875,3.2222222222222223,3.272727272727273,2.3333333333333335,2.7777777777777777,2708907,20964.0,9272715.0,3.56,2324200,12838.89,10678.0,344350,100.0
Male,Jawa Tengah,Rental House,Bachelor (S1)/Diploma IV,Student,Not Married,2000000.0,21,3.25,3.5555555555555554,3.1818181818181817,3.0,3.0,2637739,29.46,59501.0,2.77,1553694,6962.05,38233.9,47972,60.8
Male,DKI Jakarta,Family House,Senior High School,Student,Not Married,2000000.0,21,3.0,2.6666666666666665,3.090909090909091,2.6666666666666665,2.7777777777777777,2708907,20964.0,9272715.0,3.56,2324200,12838.89,10678.0,344350,100.0
Female,Sumatera Utara,Parents House,Senior High School,Student,Not Married,2000000.0,21,3.5625,3.0,3.5454545454545454,1.6666666666666667,3.5555555555555554,1036941,26.54,26205.0,1.55,650944,3078.85,15785.8,73575,68.1
Male,DKI Jakarta,Dormitory,Senior High School,Student,Not Married,2000000.0,21,2.9375,3.0,3.0,3.0,2.4444444444444446,2708907,20964.0,9272715.0,3.56,2324200,12838.89,10678.0,344350,100.0
Female,Kalimantan Selatan,Rental House,Senior High School,Student,Not Married,2000000.0,24,2.875,2.4444444444444446,2.6363636363636362,2.6666666666666665,2.5555555555555554,336953,2.29,2214.0,2.0,190913,958.78,4323.3,67117,59.8
Female,DI Yogyakarta,Family House,Bachelor (S1)/Diploma IV,Student,Not Married,2000000.0,21,3.625,3.4444444444444446,3.272727272727273,2.3333333333333335,3.0,394247,7.26,8228.0,3.31,240062,1207.31,3781.5,51473,84.1
Male,Jawa Timur,Rental House,Bachelor (S1)/Diploma IV,Student,Not Married,2000000.0,21,3.375,3.2222222222222223,3.4545454545454546,2.0,2.888888888888889,3048079,132.94,44643.0,3.29,1895275,10417.68,42089.3,75770,66.7
Female,Sumatera Barat,Rental House,Bachelor (S1)/Diploma IV,Student,Not Married,2000000.0,21,3.3125,3.4444444444444446,3.272727272727273,2.0,3.0,400529,1.77,9358.0,2.4,198642,1398.91,5914.3,57047,63.8
Female,Jambi,Rental House,Bachelor (S1)/Diploma IV,Student,Not Married,2000000.0,20,3.0625,2.888888888888889,3.0,3.0,2.6666666666666665,273264,1.06,1251.0,2.16,136402,864.3,3768.5,86722,38.2
Male,DKI Jakarta,Boarding House,Senior High School,Student,Not Married,2000000.0,23,3.6875,2.7777777777777777,3.4545454545454546,1.6666666666666667,2.0,2708907,20964.0,9272715.0,3.56,2324200,12838.89,10678.0,344350,100.0
Male,Jawa Barat,Own House,Senior High School,Student,Not Married,2000000.0,21,3.9375,3.4444444444444446,3.8181818181818183,4.0,2.3333333333333335,6818787,251.24,143127.0,3.41,4705372,20751.93,50759.0,56080,89.3
Female,Sumatera Utara,Parents House,Senior High School,Student,Not Married,2000000.0,20,4.0,4.0,3.909090909090909,4.0,2.3333333333333335,1036941,26.54,26205.0,1.55,650944,3078.85,15785.8,73575,68.1
Male,Sumatera Utara,Family House,Senior High School,Not Working,Not Married,2000000.0,20,3.0,2.5555555555555554,3.272727272727273,2.0,2.7777777777777777,1036941,26.54,26205.0,1.55,650944,3078.85,15785.8,73575,68.1
Male,Sumatera Utara,Family House,Senior High School,Student,Not Married,15000000.0,21,3.0,3.0,3.0,3.0,2.4444444444444446,1036941,26.54,26205.0,1.55,650944,3078.85,15785.8,73575,68.1
Male,Jawa Tengah,Parents House,Senior High School,Student,Not Married,2000000.0,21,2.75,2.3333333333333335,2.8181818181818183,3.0,2.3333333333333335,2637739,29.46,59501.0,2.77,1553694,6962.05,38233.9,47972,60.8
Male,DKI Jakarta,Parents House,Senior High School,Student,Not Married,2000000.0,21,2.8125,2.2222222222222223,2.5454545454545454,1.6666666666666667,2.7777777777777777,2708907,20964.0,9272715.0,3.56,2324200,12838.89,10678.0,344350,100.0
Female,Jawa Tengah,Rental House,Senior High School,Student,Not Married,2000000.0,20,3.125,2.7777777777777777,3.0,2.3333333333333335,3.2222222222222223,2637739,29.46,59501.0,2.77,1553694,6962.05,38233.9,47972,60.8
Male,Maluku Utara,Rental House,Senior High School,Student,Not Married,2000000.0,22,3.6875,3.4444444444444446,3.727272727272727,1.0,3.7777777777777777,54436,0.08,74.0,0.62,27649,242.69,1373.8,70660,30.6
Female,Jawa Barat,Rental House,Senior High School,Student,Not Married,2000000.0,20,3.0625,2.5555555555555554,3.3636363636363638,3.3333333333333335,2.4444444444444446,6818787,251.24,143127.0,3.41,4705372,20751.93,50759.0,56080,89.3
Female,Jawa Barat,Rental House,Senior High School,Student,Not Married,2000000.0,21,3.375,3.888888888888889,3.0,2.0,2.4444444444444446,6818787,251.24,143127.0,3.41,4705372,20751.93,50759.0,56080,89.3
Female,Jawa Barat,Rental House,Senior High School,Student,Not Married,2000000.0,20,2.6875,2.111111111111111,2.8181818181818183,2.0,2.0,6818787,251.24,143127.0,3.41,4705372,20751.93,50759.0,56080,89.3
Male,Jawa Tengah,Rental House,Senior High School,Student,Not Married,2000000.0,20,2.8125,2.5555555555555554,2.8181818181818183,2.0,2.7777777777777777,2637739,29.46,59501.0,2.77,1553694,6962.05,38233.9,47972,60.8
Male,DI Yogyakarta,Parents House,Bachelor (S1)/Diploma IV,Student,Not Married,2000000.0,21,3.4375,3.3333333333333335,3.272727272727273,3.0,2.5555555555555554,394247,7.26,8228.0,3.31,240062,1207.31,3781.5,51473,84.1
Female,Sumatera Utara,Rental House,Senior High School,Student,Not Married,2000000.0,22,2.9375,3.0,3.0,3.0,2.4444444444444446,1036941,26.54,26205.0,1.55,650944,3078.85,15785.8,73575,68.1
Female,Sumatera Utara,Parents House,Senior High School,Student,Not Married,2000000.0,17,2.75,2.7777777777777777,2.909090909090909,2.3333333333333335,2.4444444444444446,1036941,26.54,26205.0,1.55,650944,3078.85,15785.8,73575,68.1
Male,Jawa Tengah,Dormitory,Senior High School,Student,Not Married,2000000.0,20,2.9375,2.7777777777777777,2.8181818181818183,2.0,2.4444444444444446,2637739,29.46,59501.0,2.77,1553694,6962.05,38233.9,47972,60.8
Male,DKI Jakarta,Parents House,Bachelor (S1)/Diploma IV,Student,Not Married,2000000.0,23,3.25,2.111111111111111,2.8181818181818183,1.3333333333333333,3.0,2708907,20964.0,9272715.0,3.56,2324200,12838.89,10678.0,344350,100.0
Female,Aceh,Rental House,Bachelor (S1)/Diploma IV,Student,Not Married,2000000.0,21,3.375,3.3333333333333335,3.1818181818181817,2.6666666666666665,2.6666666666666665,102897,1.63,615.0,0.82,70593,196.9,5626.0,43782,43.2
Female,Sumatera Utara,Parents House,Senior High School,Student,Not Married,2000000.0,20,3.375,3.3333333333333335,3.3636363636363638,3.0,3.0,1036941,26.54,26205.0,1.55,650944,3078.85,15785.8,73575,68.1
Male,Sumatera Utara,Rental House,Senior High School,Student,Not Married,2000000.0,21,3.4375,3.3333333333333335,3.272727272727273,2.6666666666666665,2.6666666666666665,1036941,26.54,26205.0,1.55,650944,3078.85,15785.8,73575,68.1
Female,DKI Jakarta,Parents House,Bachelor (S1)/Diploma IV,Student,Not Married,2000000.0,21,2.8125,2.2222222222222223,2.5454545454545454,2.6666666666666665,3.2222222222222223,2708907,20964.0,9272715.0,3.56,2324200,12838.89,10678.0,344350,100.0
Male,Sumatera Utara,Parents House,Senior High School,Student,Not Married,2000000.0,20,3.1875,3.111111111111111,3.090909090909091,2.6666666666666665,2.2222222222222223,1036941,26.54,26205.0,1.55,650944,3078.85,15785.8,73575,68.1
Male,Sumatera Utara,Parents House,Senior High School,Student,Not Married,2000000.0,20,3.375,3.3333333333333335,3.3636363636363638,3.0,3.0,1036941,26.54,26205.0,1.55,650944,3078.85,15785.8,73575,68.1
Male,Sumatera Utara,Parents House,Senior High School,Student,Not Married,2000000.0,20,3.1875,3.111111111111111,3.090909090909091,2.6666666666666665,2.2222222222222223,1036941,26.54,26205.0,1.55,650944,3078.85,15785.8,73575,68.1
Female,Sumatera Utara,Rental House,Senior High School,Student,Not Married,2000000.0,20,3.3125,3.2222222222222223,3.272727272727273,3.0,2.7777777777777777,1036941,26.54,26205.0,1.55,650944,3078.85,15785.8,73575,68.1
Male,Sumatera Utara,Rental House,Senior High School,Student,Not Married,2000000.0,25,3.0,3.4444444444444446,3.090909090909091,3.3333333333333335,2.6666666666666665,1036941,26.54,26205.0,1.55,650944,3078.85,15785.8,73575,68.1
Male,Sumatera Utara,Parents House,Diploma I/II/III,Civil Servant/BUMN,Not Married,2000000.0,28,2.9375,3.0,3.0,2.0,2.6666666666666665,1036941,26.54,26205.0,1.55,650944,3078.85,15785.8,73575,68.1
Male,Sumatera Utara,Parents House,Senior High School,Student,Not Married,2000000.0,20,3.375,3.3333333333333335,3.3636363636363638,3.0,3.0,1036941,26.54,26205.0,1.55,650944,3078.85,15785.8,73575,68.1
Female,Sumatera Utara,Rental House,Senior High School,Student,Not Married,2000000.0,20,3.3125,3.2222222222222223,3.272727272727273,3.0,2.7777777777777777,1036941,26.54,26205.0,1.55,650944,3078.85,15785.8,73575,68.1
Female,Sumatera Utara,Rental House,Senior High School,Student,Not Married,2000000.0,22,3.3125,3.2222222222222223,3.272727272727273,3.0,2.7777777777777777,1036941,26.54,26205.0,1.55,650944,3078.85,15785.8,73575,68.1
Male,Sumatera Utara,Rental House,Senior High School,Student,Not Married,2000000.0,22,3.0,3.0,3.0,3.0,2.5555555555555554,1036941,26.54,26205.0,1.55,650944,3078.85,15785.8,73575,68.1
Male,Sumatera Utara,Parents House,Senior High School,Student,Not Married,2000000.0,20,3.1875,3.111111111111111,3.090909090909091,2.6666666666666665,2.2222222222222223,1036941,26.54,26205.0,1.55,650944,3078.85,15785.8,73575,68.1
Male,Sumatera Utara,Rental House,Senior High School,Student,Not Married,2000000.0,21,3.4375,3.3333333333333335,3.272727272727273,2.6666666666666665,2.6666666666666665,1036941,26.54,26205.0,1.55,650944,3078.85,15785.8,73575,68.1
Male,Sumatera Utara,Parents House,Senior High School,Student,Not Married,2000000.0,20,3.375,3.3333333333333335,3.3636363636363638,3.0,3.0,1036941,26.54,26205.0,1.55,650944,3078.85,15785.8,73575,68.1
Male,Sumatera Utara,Parents House,Diploma I/II/III,Civil Servant/BUMN,Not Married,2000000.0,28,2.9375,3.0,3.0,2.0,2.6666666666666665,1036941,26.54,26205.0,1.55,650944,3078.85,15785.8,73575,68.1
Female,Sumatera Utara,Parents House,Bachelor (S1)/Diploma IV,Civil Servant/BUMN,Not Married,2000000.0,25,2.8125,1.5555555555555556,2.5454545454545454,2.6666666666666665,3.0,1036941,26.54,26205.0,1.55,650944,3078.85,15785.8,73575,68.1
Male,Sumatera Utara,Family House,Senior High School,Student,Not Married,2000000.0,22,3.0,3.0,3.0,2.6666666666666665,2.5555555555555554,1036941,26.54,26205.0,1.55,650944,3078.85,15785.8,73575,68.1
Male,Jawa Tengah,Parents House,Senior High School,Student,Not Married,2000000.0,20,3.0625,2.5555555555555554,2.8181818181818183,1.3333333333333333,3.111111111111111,2637739,29.46,59501.0,2.77,1553694,6962.05,38233.9,47972,60.8
Female,Banten,Rental House,Senior High School,Student,Not Married,2000000.0,20,2.6875,2.3333333333333335,2.272727272727273,3.0,2.5555555555555554,1742274,601.94,83677.0,2.73,1244263,6226.21,12537.4,70276,84.9
Female,Jawa Tengah,Rental House,Senior High School,Student,Not Married,2000000.0,20,2.4375,2.5555555555555554,2.727272727272727,3.0,2.7777777777777777,2637739,29.46,59501.0,2.77,1553694,6962.05,38233.9,47972,60.8
Female,Jawa Tengah,Rental House,Senior High School,Student,Not Married,2000000.0,21,2.75,2.0,3.6363636363636362,3.3333333333333335,2.888888888888889,2637739,29.46,59501.0,2.77,1553694,6962.05,38233.9,47972,60.8
Male,Jawa Barat,Parents House,Senior High School,Student,Not Married,2000000.0,21,2.875,2.7777777777777777,2.5454545454545454,2.3333333333333335,2.6666666666666665,6818787,251.24,143127.0,3.41,4705372,20751.93,50759.0,56080,89.3
Female,Jawa Tengah,Rental House,Senior High School,Student,Not Married,2000000.0,20,2.875,2.5555555555555554,3.090909090909091,3.0,2.3333333333333335,2637739,29.46,59501.0,2.77,1553694,6962.05,38233.9,47972,60.8
Male,Jawa Tengah,Rental House,Senior High School,Student,Not Married,2000000.0,22,3.125,3.111111111111111,3.272727272727273,1.0,2.3333333333333335,2637739,29.46,59501.0,2.77,1553694,6962.05,38233.9,47972,60.8
Female,Jawa Tengah,Rental House,Senior High School,Student,Not Married,2000000.0,20,2.6875,2.2222222222222223,2.6363636363636362,2.0,2.2222222222222223,2637739,29.46,59501.0,2.77,1553694,6962.05,38233.9,47972,60.8
Female,Jawa Tengah,Rental House,Bachelor (S1)/Diploma IV,Student,Not Married,2000000.0,20,2.8125,2.3333333333333335,3.4545454545454546,2.3333333333333335,2.888888888888889,2637739,29.46,59501.0,2.77,1553694,6962.05,38233.9,47972,60.8
Female,Jawa Tengah,Rental House,Senior High School,Student,Not Married,2000000.0,20,2.6875,2.2222222222222223,3.3636363636363638,2.3333333333333335,2.111111111111111,2637739,29.46,59501.0,2.77,1553694,6962.05,38233.9,47972,60.8
Female,Sumatera Utara,Rental House,Senior High School,Student,Not Married,2000000.0,21,2.8125,2.7777777777777777,2.727272727272727,3.0,2.3333333333333335,1036941,26.54,26205.0,1.55,650944,3078.85,15785.8,73575,68.1
Male,DI Yogyakarta,Parents House,Bachelor (S1)/Diploma IV,Student,Not Married,2000000.0,20,3.25,2.5555555555555554,3.1818181818181817,1.6666666666666667,2.5555555555555554,394247,7.26,8228.0,3.31,240062,1207.31,3781.5,51473,84.1
Male,Sumatera Utara,Parents House,Senior High School,Student,Not Married,2000000.0,20,3.4375,3.4444444444444446,3.272727272727273,3.6666666666666665,3.0,1036941,26.54,26205.0,1.55,650944,3078.85,15785.8,73575,68.1
Female,Jawa Tengah,Parents House,Senior High School,Student,Not Married,2000000.0,20,3.3125,3.111111111111111,2.909090909090909,3.3333333333333335,2.4444444444444446,2637739,29.46,59501.0,2.77,1553694,6962.05,38233.9,47972,60.8
Female,Sumatera Utara,Parents House,Senior High School,Student,Not Married,2000000.0,21,3.3125,3.2222222222222223,3.272727272727273,2.0,2.888888888888889,1036941,26.54,26205.0,1.55,650944,3078.85,15785.8,73575,68.1
Female,DI Yogyakarta,Boarding House,Bachelor (S1)/Diploma IV,Student,Not Married,2000000.0,17,3.25,2.4444444444444446,3.4545454545454546,2.3333333333333335,2.7777777777777777,394247,7.26,8228.0,3.31,240062,1207.31,3781.5,51473,84.1
Female,Sumatera Utara,Parents House,Senior High School,Student,Not Married,2000000.0,21,3.25,3.2222222222222223,3.1818181818181817,2.0,2.6666666666666665,1036941,26.54,26205.0,1.55,650944,3078.85,15785.8,73575,68.1
Male,Sumatera Utara,Parents House,Senior High School,Student,Not Married,2000000.0,21,3.3125,3.3333333333333335,3.1818181818181817,2.0,2.888888888888889,1036941,26.54,26205.0,1.55,650944,3078.85,15785.8,73575,68.1
Female,Sumatera Utara,Parents House,Senior High School,Student,Not Married,2000000.0,21,3.3125,3.2222222222222223,3.272727272727273,2.0,2.888888888888889,1036941,26.54,26205.0,1.55,650944,3078.85,15785.8,73575,68.1
Male,Jawa Tengah,Boarding House,Senior High School,Student,Not Married,2000000.0,22,3.1875,2.6666666666666665,3.090909090909091,3.0,3.5555555555555554,2637739,29.46,59501.0,2.77,1553694,6962.05,38233.9,47972,60.8
Female,DI Yogyakarta,Rental House,Senior High School,Student,Not Married,2000000.0,20,3.3125,3.5555555555555554,3.5454545454545454,4.0,2.4444444444444446,394247,7.26,8228.0,3.31,240062,1207.31,3781.5,51473,84.1
Female,Jawa Barat,Parents House,Senior High School,Student,Not Married,2000000.0,23,3.0,2.7777777777777777,3.0,3.0,2.5555555555555554,6818787,251.24,143127.0,3.41,4705372,20751.93,50759.0,56080,89.3
Female,DI Yogyakarta,Rental House,Senior High School,Student,Not Married,2000000.0,21,2.875,2.2222222222222223,2.909090909090909,2.3333333333333335,2.7777777777777777,394247,7.26,8228.0,3.31,240062,1207.31,3781.5,51473,84.1
Female,Jawa Barat,Rental House,Senior High School,Student,Not Married,2000000.0,20,2.375,2.2222222222222223,2.909090909090909,2.3333333333333335,3.111111111111111,6818787,251.24,143127.0,3.41,4705372,20751.93,50759.0,56080,89.3
Female,Jawa Barat,Rental House,Senior High School,Student,Not Married,2000000.0,21,2.8125,2.6666666666666665,2.909090909090909,2.3333333333333335,2.888888888888889,6818787,251.24,143127.0,3.41,4705372,20751.93,50759.0,56080,89.3
Female,DKI Jakarta,Parents House,Bachelor (S1)/Diploma IV,Student,Not Married,2000000.0,21,3.0,2.3333333333333335,2.909090909090909,2.0,2.7777777777777777,2708907,20964.0,9272715.0,3.56,2324200,12838.89,10678.0,344350,100.0
Female,DI Yogyakarta,Rental House,Senior High School,Student,Not Married,2000000.0,22,3.0,3.0,2.1818181818181817,2.0,2.888888888888889,394247,7.26,8228.0,3.31,240062,1207.31,3781.5,51473,84.1
Female,Jawa Tengah,Rental House,Senior High School,Student,Not Married,2000000.0,21,2.8125,2.4444444444444446,2.909090909090909,2.0,2.7777777777777777,2637739,29.46,59501.0,2.77,1553694,6962.05,38233.9,47972,60.8
Male,Sumatera Utara,Parents House,Senior High School,Student,Not Married,2000000.0,21,3.25,3.3333333333333335,3.272727272727273,2.0,3.0,1036941,26.54,26205.0,1.55,650944,3078.85,15785.8,73575,68.1
Female,Sumatera Utara,Parents House,Senior High School,Student,Not Married,2000000.0,21,3.25,3.2222222222222223,3.1818181818181817,2.0,2.6666666666666665,1036941,26.54,26205.0,1.55,650944,3078.85,15785.8,73575,68.1
Male,Sumatera Utara,Parents House,Senior High School,Student,Not Married,2000000.0,20,3.4375,3.4444444444444446,3.272727272727273,3.6666666666666665,3.0,1036941,26.54,26205.0,1.55,650944,3078.85,15785.8,73575,68.1
Male,Sumatera Utara,Parents House,Senior High School,Student,Not Married,2000000.0,21,3.3125,3.3333333333333335,3.090909090909091,2.0,3.2222222222222223,1036941,26.54,26205.0,1.55,650944,3078.85,15785.8,73575,68.1
Female,Jawa Timur,Rental House,Senior High School,Student,Not Married,2000000.0,21,2.875,3.111111111111111,2.727272727272727,2.3333333333333335,2.3333333333333335,3048079,132.94,44643.0,3.29,1895275,10417.68,42089.3,75770,66.7
Female,Jawa Tengah,Rental House,Senior High School,Student,Not Married,2000000.0,20,3.0,2.111111111111111,2.8181818181818183,2.3333333333333335,2.111111111111111,2637739,29.46,59501.0,2.77,1553694,6962.05,38233.9,47972,60.8
Female,Jawa Tengah,Parents House,Senior High School,Student,Not Married,2000000.0,21,3.25,3.5555555555555554,3.5454545454545454,4.0,2.4444444444444446,2637739,29.46,59501.0,2.77,1553694,6962.05,38233.9,47972,60.8
Female,Jawa Tengah,Rental House,Senior High School,Student,Not Married,2000000.0,20,2.875,2.7777777777777777,2.8181818181818183,3.0,2.6666666666666665,2637739,29.46,59501.0,2.77,1553694,6962.05,38233.9,47972,60.8
Male,Jawa Barat,Rental House,Bachelor (S1)/Diploma IV,Student,Not Married,2000000.0,20,3.0,2.7777777777777777,3.090909090909091,2.3333333333333335,2.5555555555555554,6818787,251.24,143127.0,3.41,4705372,20751.93,50759.0,56080,89.3
Female,DI Yogyakarta,Family House,Bachelor (S1)/Diploma IV,Student,Not Married,2000000.0,20,3.3125,3.111111111111111,3.5454545454545454,1.3333333333333333,2.5555555555555554,394247,7.26,8228.0,3.31,240062,1207.31,3781.5,51473,84.1
Female,Jawa Tengah,Rental House,Senior High School,Student,Not Married,2000000.0,20,2.6875,2.111111111111111,2.4545454545454546,2.0,2.5555555555555554,2637739,29.46,59501.0,2.77,1553694,6962.05,38233.9,47972,60.8
Male,Sumatera Utara,Parents House,Senior High School,Student,Not Married,2000000.0,21,3.375,3.5555555555555554,3.090909090909091,2.6666666666666665,3.0,1036941,26.54,26205.0,1.55,650944,3078.85,15785.8,73575,68.1
Female,Sumatera Utara,Parents House,Bachelor (S1)/Diploma IV,Student,Not Married,2000000.0,22,2.625,2.6666666666666665,2.5454545454545454,2.3333333333333335,2.4444444444444446,1036941,26.54,26205.0,1.55,650944,3078.85,15785.8,73575,68.1
Female,DI Yogyakarta,Parents House,Senior High School,Student,Not Married,2000000.0,21,3.6875,2.111111111111111,3.5454545454545454,2.0,2.5555555555555554,394247,7.26,8228.0,3.31,240062,1207.31,3781.5,51473,84.1
Female,Jawa Tengah,Parents House,Senior High School,Student,Not Married,2000000.0,21,2.875,2.6666666666666665,2.727272727272727,1.0,2.2222222222222223,2637739,29.46,59501.0,2.77,1553694,6962.05,38233.9,47972,60.8
Female,DKI Jakarta,Parents House,Senior High School,Student,Not Married,2000000.0,21,2.625,2.0,2.6363636363636362,1.6666666666666667,3.3333333333333335,2708907,20964.0,9272715.0,3.56,2324200,12838.89,10678.0,344350,100.0
Male,Sumatera Utara,Parents House,Senior High School,Student,Not Married,2000000.0,21,2.9375,2.3333333333333335,2.909090909090909,2.0,2.6666666666666665,1036941,26.54,26205.0,1.55,650944,3078.85,15785.8,73575,68.1
Male,Sumatera Utara,Rental House,Senior High School,Student,Not Married,2000000.0,27,3.0625,3.0,2.727272727272727,2.0,2.3333333333333335,1036941,26.54,26205.0,1.55,650944,3078.85,15785.8,73575,68.1
Female,Sumatera Utara,Parents House,Senior High School,Student,Not Married,2000000.0,20,3.5625,3.111111111111111,3.4545454545454546,2.3333333333333335,3.0,1036941,26.54,26205.0,1.55,650944,3078.85,15785.8,73575,68.1
Female,Sumatera Utara,Parents House,Senior High School,Student,Not Married,2000000.0,20,2.4375,3.0,3.0,3.3333333333333335,2.4444444444444446,1036941,26.54,26205.0,1.55,650944,3078.85,15785.8,73575,68.1
Female,DKI Jakarta,Own House,Senior High School,Student,Not Married,2000000.0,20,3.5,2.888888888888889,2.909090909090909,1.0,3.3333333333333335,2708907,20964.0,9272715.0,3.56,2324200,12838.89,10678.0,344350,100.0
Male,Sumatera Utara,Parents House,Senior High School,Student,Not Married,2000000.0,20,3.25,3.0,3.1818181818181817,2.6666666666666665,2.888888888888889,1036941,26.54,26205.0,1.55,650944,3078.85,15785.8,73575,68.1
Female,DI Yogyakarta,Own House,Senior High School,Student,Not Married,2000000.0,21,3.3125,3.3333333333333335,3.1818181818181817,4.0,2.4444444444444446,394247,7.26,8228.0,3.31,240062,1207.31,3781.5,51473,84.1
Male,Sumatera Utara,Parents House,Senior High School,Student,Not Married,2000000.0,21,3.1875,3.4444444444444446,3.272727272727273,2.6666666666666665,2.888888888888889,1036941,26.54,26205.0,1.55,650944,3078.85,15785.8,73575,68.1
Male,Sumatera Utara,Parents House,Senior High School,Student,Not Married,2000000.0,20,3.25,3.4444444444444446,3.4545454545454546,3.0,3.111111111111111,1036941,26.54,26205.0,1.55,650944,3078.85,15785.8,73575,68.1
Female,Sumatera Utara,Parents House,Senior High School,Student,Not Married,2000000.0,21,3.1875,3.4444444444444446,3.272727272727273,2.6666666666666665,2.888888888888889,1036941,26.54,26205.0,1.55,650944,3078.85,15785.8,73575,68.1
Female,Sumatera Utara,Parents House,Senior High School,Student,Not Married,2000000.0,20,3.25,3.0,3.1818181818181817,2.6666666666666665,2.888888888888889,1036941,26.54,26205.0,1.55,650944,3078.85,15785.8,73575,68.1
Female,Jawa Tengah,Rental House,Senior High School,Student,Not Married,2000000.0,20,3.1875,2.4444444444444446,3.0,1.6666666666666667,2.7777777777777777,2637739,29.46,59501.0,2.77,1553694,6962.05,38233.9,47972,60.8
Male,Sumatera Barat,Rental House,Senior High School,Student,Not Married,2000000.0,21,3.5625,3.3333333333333335,3.1818181818181817,2.6666666666666665,3.0,400529,1.77,9358.0,2.4,198642,1398.91,5914.3,57047,63.8
Male,Aceh,Rental House,Senior High School,Student,Not Married,2000000.0,20,3.25,3.4444444444444446,3.090909090909091,2.6666666666666665,2.5555555555555554,102897,1.63,615.0,0.82,70593,196.9,5626.0,43782,43.2
Male,Sumatera Utara,Parents House,Senior High School,Student,Not Married,2000000.0,20,3.25,3.4444444444444446,3.4545454545454546,3.0,3.111111111111111,1036941,26.54,26205.0,1.55,650944,3078.85,15785.8,73575,68.1
Male,Sumatera Barat,Rental House,Senior High School,Student,Not Married,2000000.0,20,3.375,3.4444444444444446,3.3636363636363638,3.0,3.111111111111111,400529,1.77,9358.0,2.4,198642,1398.91,5914.3,57047,63.8
Male,Sumatera Utara,Rental House,Senior High School,Student,Not Married,2000000.0,21,3.3125,3.4444444444444446,3.1818181818181817,3.0,2.3333333333333335,1036941,26.54,26205.0,1.55,650944,3078.85,15785.8,73575,68.1
Female,Sumatera Utara,Rental House,Senior High School,Student,Not Married,2000000.0,20,3.5,3.3333333333333335,3.3636363636363638,2.6666666666666665,2.6666666666666665,1036941,26.54,26205.0,1.55,650944,3078.85,15785.8,73575,68.1
Female,Jawa Tengah,Rental House,Bachelor (S1)/Diploma IV,Student,Not Married,2000000.0,18,3.5625,3.2222222222222223,2.909090909090909,3.3333333333333335,2.888888888888889,2637739,29.46,59501.0,2.77,1553694,6962.05,38233.9,47972,60.8
Female,Jawa Tengah,Parents House,Senior High School,Student,Not Married,2000000.0,21,2.875,2.5555555555555554,3.090909090909091,2.3333333333333335,3.0,2637739,29.46,59501.0,2.77,1553694,6962.05,38233.9,47972,60.8
Female,DI Yogyakarta,Family House,Senior High School,Student,Not Married,2000000.0,20,3.0,2.888888888888889,2.909090909090909,2.6666666666666665,2.4444444444444446,394247,7.26,8228.0,3.31,240062,1207.31,3781.5,51473,84.1
Female,DI Yogyakarta,Rental House,Senior High School,Student,Not Married,2000000.0,20,3.0,2.4444444444444446,3.090909090909091,2.3333333333333335,2.888888888888889,394247,7.26,8228.0,3.31,240062,1207.31,3781.5,51473,84.1
Female,Jawa Tengah,Parents House,Bachelor (S1)/Diploma IV,Student,Not Married,2000000.0,21,3.375,2.111111111111111,2.6363636363636362,2.6666666666666665,2.4444444444444446,2637739,29.46,59501.0,2.77,1553694,6962.05,38233.9,47972,60.8
Female,Sumatera Utara,Parents House,Senior High School,Student,Not Married,2000000.0,21,2.875,2.4444444444444446,3.0,2.3333333333333335,3.0,1036941,26.54,26205.0,1.55,650944,3078.85,15785.8,73575,68.1
Female,Sumatera Utara,Parents House,Senior High School,Student,Not Married,2000000.0,20,2.8125,2.4444444444444446,2.909090909090909,2.3333333333333335,2.888888888888889,1036941,26.54,26205.0,1.55,650944,3078.85,15785.8,73575,68.1
Male,DI Yogyakarta,Parents House,Senior High School,Student,Not Married,2000000.0,23,3.3125,3.4444444444444446,3.1818181818181817,1.6666666666666667,3.111111111111111,394247,7.26,8228.0,3.31,240062,1207.31,3781.5,51473,84.1
Female,Riau,Parents House,Senior High School,Student,Not Married,2000000.0,17,2.875,2.3333333333333335,2.727272727272727,3.0,2.7777777777777777,542854,4.45,4273.0,1.66,282437,1565.78,2213.5,165350,41.8
Female,Jawa Tengah,Parents House,Senior High School,Student,Not Married,2000000.0,23,3.0,2.5555555555555554,2.5454545454545454,2.0,2.4444444444444446,2637739,29.46,59501.0,2.77,1553694,6962.05,38233.9,47972,60.8
Female,Banten,Parents House,Senior High School,Student,Not Married,2000000.0,23,3.0,3.0,3.0,3.0,2.7777777777777777,1742274,601.94,83677.0,2.73,1244263,6226.21,12537.4,70276,84.9
Female,Jawa Tengah,Rental House,Senior High School,Student,Not Married,2000000.0,21,3.0,2.3333333333333335,2.8181818181818183,2.0,2.6666666666666665,2637739,29.46,59501.0,2.77,1553694,6962.05,38233.9,47972,60.8
Female,Jawa Tengah,Parents House,Senior High School,Student,Not Married,2000000.0,21,2.9375,2.5555555555555554,2.8181818181818183,2.3333333333333335,3.0,2637739,29.46,59501.0,2.77,1553694,6962.05,38233.9,47972,60.8
Female,DI Yogyakarta,Family House,Senior High School,Student,Not Married,2000000.0,20,3.0,3.0,3.0,4.0,1.8888888888888888,394247,7.26,8228.0,3.31,240062,1207.31,3781.5,51473,84.1
Female,DI Yogyakarta,Parents House,Senior High School,Student,Not Married,2000000.0,22,3.0,3.111111111111111,2.909090909090909,3.0,3.0,394247,7.26,8228.0,3.31,240062,1207.31,3781.5,51473,84.1
Female,Jawa Tengah,Rental House,Senior High School,Student,Not Married,2000000.0,21,2.875,3.0,2.8181818181818183,2.0,2.5555555555555554,2637739,29.46,59501.0,2.77,1553694,6962.05,38233.9,47972,60.8
Female,DI Yogyakarta,Own House,Senior High School,Student,Not Married,2000000.0,22,2.9375,2.7777777777777777,2.909090909090909,1.6666666666666667,2.3333333333333335,394247,7.26,8228.0,3.31,240062,1207.31,3781.5,51473,84.1
Female,DI Yogyakarta,Parents House,Senior High School,Student,Not Married,2000000.0,21,3.3125,2.7777777777777777,3.272727272727273,1.0,2.4444444444444446,394247,7.26,8228.0,3.31,240062,1207.31,3781.5,51473,84.1
Female,Jawa Tengah,Rental House,Senior High School,Student,Not Married,2000000.0,21,3.0,3.0,3.0,3.0,2.4444444444444446,2637739,29.46,59501.0,2.77,1553694,6962.05,38233.9,47972,60.8
Female,Jawa Tengah,Parents House,Senior High School,Student,Not Married,2000000.0,21,4.0,3.7777777777777777,3.3636363636363638,1.3333333333333333,3.5555555555555554,2637739,29.46,59501.0,2.77,1553694,6962.05,38233.9,47972,60.8
Female,Jawa Tengah,Parents House,Bachelor (S1)/Diploma IV,Student,Not Married,2000000.0,21,3.125,2.2222222222222223,3.3636363636363638,3.6666666666666665,2.0,2637739,29.46,59501.0,2.77,1553694,6962.05,38233.9,47972,60.8
Male,DKI Jakarta,Parents House,Senior High School,Student,Not Married,2000000.0,21,3.0625,2.2222222222222223,3.5454545454545454,1.0,2.3333333333333335,2708907,20964.0,9272715.0,3.56,2324200,12838.89,10678.0,344350,100.0
Female,Jawa Tengah,Rental House,Senior High School,Student,Not Married,2000000.0,21,2.6875,2.111111111111111,3.1818181818181817,1.6666666666666667,2.3333333333333335,2637739,29.46,59501.0,2.77,1553694,6962.05,38233.9,47972,60.8
Male,Jawa Tengah,Rental House,Senior High School,Student,Not Married,2000000.0,17,2.625,1.8888888888888888,2.6363636363636362,2.6666666666666665,2.5555555555555554,2637739,29.46,59501.0,2.77,1553694,6962.05,38233.9,47972,60.8
Female,Banten,Rental House,Bachelor (S1)/Diploma IV,Student,Not Married,2000000.0,20,2.5,2.111111111111111,2.8181818181818183,1.6666666666666667,2.4444444444444446,1742274,601.94,83677.0,2.73,1244263,6226.21,12537.4,70276,84.9
Female,Jawa Tengah,Parents House,Senior High School,Student,Not Married,2000000.0,21,3.0,3.0,2.8181818181818183,2.0,2.888888888888889,2637739,29.46,59501.0,2.77,1553694,6962.05,38233.9,47972,60.8
Female,Jawa Tengah,Rental House,Senior High School,Student,Not Married,2000000.0,22,2.75,2.111111111111111,2.727272727272727,2.6666666666666665,2.5555555555555554,2637739,29.46,59501.0,2.77,1553694,6962.05,38233.9,47972,60.8
Female,Jawa Barat,Rental House,Bachelor (S1)/Diploma IV,Student,Not Married,2000000.0,21,3.0,2.4444444444444446,3.090909090909091,2.3333333333333335,2.5555555555555554,6818787,251.24,143127.0,3.41,4705372,20751.93,50759.0,56080,89.3
Female,Jawa Tengah,Parents House,Bachelor (S1)/Diploma IV,Student,Not Married,2000000.0,17,2.9375,2.2222222222222223,2.727272727272727,3.0,2.111111111111111,2637739,29.46,59501.0,2.77,1553694,6962.05,38233.9,47972,60.8
Female,Jawa Barat,Rental House,Bachelor (S1)/Diploma IV,Student,Not Married,2000000.0,20,2.8125,2.4444444444444446,2.6363636363636362,2.3333333333333335,3.3333333333333335,6818787,251.24,143127.0,3.41,4705372,20751.93,50759.0,56080,89.3
Male,Sumatera Utara,Rental House,Senior High School,Student,Not Married,2000000.0,20,2.625,2.111111111111111,3.090909090909091,2.6666666666666665,2.7777777777777777,1036941,26.54,26205.0,1.55,650944,3078.85,15785.8,73575,68.1
Male,Jawa Timur,Rental House,Senior High School,Student,Not Married,2000000.0,22,2.625,2.4444444444444446,2.727272727272727,2.0,2.3333333333333335,3048079,132.94,44643.0,3.29,1895275,10417.68,42089.3,75770,66.7
Female,DI Yogyakarta,Parents House,Senior High School,Student,Not Married,2000000.0,17,3.0,2.5555555555555554,2.5454545454545454,2.0,3.0,394247,7.26,8228.0,3.31,240062,1207.31,3781.5,51473,84.1
Male,Jawa Tengah,Rental House,Senior High School,Student,Not Married,2000000.0,21,3.125,2.6666666666666665,3.1818181818181817,2.3333333333333335,2.5555555555555554,2637739,29.46,59501.0,2.77,1553694,6962.05,38233.9,47972,60.8
Female,Jawa Tengah,Parents House,Senior High School,Student,Not Married,2000000.0,17,3.3125,2.888888888888889,3.727272727272727,2.3333333333333335,2.4444444444444446,2637739,29.46,59501.0,2.77,1553694,6962.05,38233.9,47972,60.8
Female,DI Yogyakarta,Rental House,Bachelor (S1)/Diploma IV,Student,Not Married,2000000.0,20,2.875,1.6666666666666667,2.6363636363636362,3.0,3.3333333333333335,394247,7.26,8228.0,3.31,240062,1207.31,3781.5,51473,84.1
Female,Sumatera Utara,Own House,Bachelor (S1)/Diploma IV,Student,Not Married,2000000.0,22,2.75,2.3333333333333335,3.1818181818181817,2.0,2.3333333333333335,1036941,26.54,26205.0,1.55,650944,3078.85,15785.8,73575,68.1
Female,Jawa Tengah,Rental House,Senior High School,Student,Not Married,2000000.0,21,3.6875,3.3333333333333335,3.3636363636363638,2.0,3.3333333333333335,2637739,29.46,59501.0,2.77,1553694,6962.05,38233.9,47972,60.8
Female,Jawa Tengah,Rental House,Senior High School,Student,Not Married,2000000.0,20,2.5,2.3333333333333335,3.0,1.6666666666666667,3.2222222222222223,2637739,29.46,59501.0,2.77,1553694,6962.05,38233.9,47972,60.8
Female,Jawa Tengah,Rental House,Senior High School,Student,Not Married,2000000.0,17,2.5625,2.2222222222222223,3.0,2.0,2.6666666666666665,2637739,29.46,59501.0,2.77,1553694,6962.05,38233.9,47972,60.8
Female,Jawa Tengah,Family House,Senior High School,Student,Not Married,2000000.0,17,3.1875,2.0,2.909090909090909,2.0,2.888888888888889,2637739,29.46,59501.0,2.77,1553694,6962.05,38233.9,47972,60.8
Female,DI Yogyakarta,Parents House,Senior High School,Student,Not Married,2000000.0,17,3.625,3.5555555555555554,3.5454545454545454,1.6666666666666667,3.111111111111111,394247,7.26,8228.0,3.31,240062,1207.31,3781.5,51473,84.1
Female,Jawa Tengah,Rental House,Senior High School,Student,Not Married,2000000.0,21,2.75,2.4444444444444446,2.6363636363636362,2.0,2.6666666666666665,2637739,29.46,59501.0,2.77,1553694,6962.05,38233.9,47972,60.8
Female,DI Yogyakarta,Parents House,Bachelor (S1)/Diploma IV,Student,Not Married,2000000.0,20,3.0,3.0,3.0,2.3333333333333335,2.4444444444444446,394247,7.26,8228.0,3.31,240062,1207.31,3781.5,51473,84.1
Female,DI Yogyakarta,Parents House,Senior High School,Student,Not Married,2000000.0,22,3.0,2.888888888888889,2.8181818181818183,2.0,2.5555555555555554,394247,7.26,8228.0,3.31,240062,1207.31,3781.5,51473,84.1
Female,Jawa Tengah,Rental House,Senior High School,Student,Not Married,2000000.0,21,3.0625,3.111111111111111,3.0,1.3333333333333333,3.0,2637739,29.46,59501.0,2.77,1553694,6962.05,38233.9,47972,60.8
Female,DI Yogyakarta,Parents House,Senior High School,Student,Not Married,2000000.0,22,3.0625,2.2222222222222223,3.272727272727273,1.6666666666666667,2.3333333333333335,394247,7.26,8228.0,3.31,240062,1207.31,3781.5,51473,84.1
Female,Jawa Barat,Rental House,Senior High School,Student,Not Married,2000000.0,20,3.0,2.7777777777777777,3.0,2.3333333333333335,2.888888888888889,6818787,251.24,143127.0,3.41,4705372,20751.93,50759.0,56080,89.3
Female,DI Yogyakarta,Family House,Senior High School,Student,Not Married,2000000.0,22,3.125,2.888888888888889,3.272727272727273,2.6666666666666665,3.111111111111111,394247,7.26,8228.0,3.31,240062,1207.31,3781.5,51473,84.1
Female,DI Yogyakarta,Parents House,Senior High School,Student,Not Married,2000000.0,20,2.625,2.111111111111111,3.1818181818181817,1.6666666666666667,2.5555555555555554,394247,7.26,8228.0,3.31,240062,1207.31,3781.5,51473,84.1
Female,Jawa Tengah,Parents House,Bachelor (S1)/Diploma IV,Student,Not Married,2000000.0,17,2.8125,2.4444444444444446,2.5454545454545454,3.6666666666666665,3.4444444444444446,2637739,29.46,59501.0,2.77,1553694,6962.05,38233.9,47972,60.8
Female,Jawa Tengah,Parents House,Senior High School,Student,Not Married,2000000.0,22,3.0,3.0,3.090909090909091,2.0,3.0,2637739,29.46,59501.0,2.77,1553694,6962.05,38233.9,47972,60.8
Female,Jawa Barat,Rental House,Diploma I/II/III,Student,Not Married,2000000.0,17,2.9375,3.0,2.727272727272727,1.6666666666666667,2.7777777777777777,6818787,251.24,143127.0,3.41,4705372,20751.93,50759.0,56080,89.3
Male,DKI Jakarta,Parents House,Senior High School,Student,Not Married,2000000.0,21,3.0,3.0,3.0,3.0,2.4444444444444446,2708907,20964.0,9272715.0,3.56,2324200,12838.89,10678.0,344350,100.0
Female,DI Yogyakarta,Parents House,Senior High School,Student,Not Married,2000000.0,21,3.1875,3.0,3.1818181818181817,2.0,2.7777777777777777,394247,7.26,8228.0,3.31,240062,1207.31,3781.5,51473,84.1
Male,Sumatera Utara,Parents House,Bachelor (S1)/Diploma IV,Student,Not Married,2000000.0,25,3.0625,3.0,3.0,3.0,2.4444444444444446,1036941,26.54,26205.0,1.55,650944,3078.85,15785.8,73575,68.1
Female,Sumatera Selatan,Rental House,Senior High School,Student,Not Married,2000000.0,17,3.4375,3.2222222222222223,3.3636363636363638,2.0,2.7777777777777777,577990,8.6,4120.0,2.66,334613,1728.24,8928.5,75132,40.1
Female,Jawa Barat,Rental House,Bachelor (S1)/Diploma IV,Student,Not Married,2000000.0,17,2.6875,2.0,3.272727272727273,2.6666666666666665,2.2222222222222223,6818787,251.24,143127.0,3.41,4705372,20751.93,50759.0,56080,89.3
Male,DKI Jakarta,Rental House,Senior High School,Student,Not Married,2000000.0,21,2.875,2.7777777777777777,2.6363636363636362,3.0,2.6666666666666665,2708907,20964.0,9272715.0,3.56,2324200,12838.89,10678.0,344350,100.0
Female,DKI Jakarta,Parents House,Senior High School,Student,Not Married,2000000.0,22,3.0,3.0,3.0,3.0,2.4444444444444446,2708907,20964.0,9272715.0,3.56,2324200,12838.89,10678.0,344350,100.0
Female,DI Yogyakarta,Family House,Senior High School,Student,Not Married,2000000.0,21,3.125,2.7777777777777777,3.1818181818181817,1.3333333333333333,2.5555555555555554,394247,7.26,8228.0,3.31,240062,1207.31,3781.5,51473,84.1
Female,Jawa Tengah,Rental House,Senior High School,Student,Not Married,2000000.0,21,3.0,3.0,2.8181818181818183,3.0,2.7777777777777777,2637739,29.46,59501.0,2.77,1553694,6962.05,38233.9,47972,60.8
Female,DKI Jakarta,Boarding House,Senior High School,Student,Not Married,2000000.0,21,4.0,4.0,3.909090909090909,1.0,3.2222222222222223,2708907,20964.0,9272715.0,3.56,2324200,12838.89,10678.0,344350,100.0
Female,Sumatera Utara,Boarding House,Bachelor (S1)/Diploma IV,Student,Not Married,2000000.0,22,3.0,3.0,3.0,2.0,2.5555555555555554,1036941,26.54,26205.0,1.55,650944,3078.85,15785.8,73575,68.1
Male,Jawa Tengah,Rental House,Bachelor (S1)/Diploma IV,Student,Not Married,2000000.0,22,2.75,2.5555555555555554,3.0,2.0,2.4444444444444446,2637739,29.46,59501.0,2.77,1553694,6962.05,38233.9,47972,60.8
Female,Sumatera Utara,Rental House,Senior High School,Student,Not Married,2000000.0,24,3.0,2.0,3.4545454545454546,2.6666666666666665,2.4444444444444446,1036941,26.54,26205.0,1.55,650944,3078.85,15785.8,73575,68.1
Female,Sumatera Utara,Parents House,Senior High School,Student,Not Married,2000000.0,24,2.6875,2.3333333333333335,2.8181818181818183,2.6666666666666665,2.6666666666666665,1036941,26.54,26205.0,1.55,650944,3078.85,15785.8,73575,68.1
Female,Jawa Tengah,Rental House,Senior High School,Student,Not Married,2000000.0,22,2.875,3.111111111111111,3.3636363636363638,2.3333333333333335,1.6666666666666667,2637739,29.46,59501.0,2.77,1553694,6962.05,38233.9,47972,60.8
Female,DI Yogyakarta,Parents House,Senior High School,Student,Not Married,2000000.0,21,3.0,2.4444444444444446,3.1818181818181817,2.0,2.888888888888889,394247,7.26,8228.0,3.31,240062,1207.31,3781.5,51473,84.1
Female,DI Yogyakarta,Parents House,Bachelor (S1)/Diploma IV,Student,Not Married,2000000.0,17,2.875,2.6666666666666665,2.727272727272727,2.3333333333333335,2.4444444444444446,394247,7.26,8228.0,3.31,240062,1207.31,3781.5,51473,84.1
Female,Banten,Parents House,Senior High School,Student,Not Married,2000000.0,20,3.3125,3.3333333333333335,3.5454545454545454,2.6666666666666665,2.888888888888889,1742274,601.94,83677.0,2.73,1244263,6226.21,12537.4,70276,84.9
Male,DI Yogyakarta,Parents House,Bachelor (S1)/Diploma IV,Student,Not Married,2000000.0,20,3.0625,2.7777777777777777,2.909090909090909,1.0,3.111111111111111,394247,7.26,8228.0,3.31,240062,1207.31,3781.5,51473,84.1
Male,DI Yogyakarta,Family House,Senior High School,Student,Not Married,2000000.0,21,3.75,4.0,3.727272727272727,2.0,2.5555555555555554,394247,7.26,8228.0,3.31,240062,1207.31,3781.5,51473,84.1
Male,Lampung,Parents House,Senior High School,Student,Not Married,2000000.0,20,2.875,2.6666666666666665,3.0,2.0,2.6666666666666665,530899,5.15,4033.0,2.81,284856,1455.8,9522.9,51370,42.4
Female,Jawa Tengah,Parents House,Bachelor (S1)/Diploma IV,Student,Not Married,2000000.0,21,2.625,2.4444444444444446,2.727272727272727,1.0,2.2222222222222223,2637739,29.46,59501.0,2.77,1553694,6962.05,38233.9,47972,60.8
Female,Jawa Tengah,Rental House,Bachelor (S1)/Diploma IV,Student,Not Married,2000000.0,17,3.0,2.5555555555555554,3.090909090909091,1.6666666666666667,2.2222222222222223,2637739,29.46,59501.0,2.77,1553694,6962.05,38233.9,47972,60.8
Female,Sumatera Utara,Rental House,Senior High School,Student,Not Married,2000000.0,17,2.9375,2.4444444444444446,2.909090909090909,2.6666666666666665,2.5555555555555554,1036941,26.54,26205.0,1.55,650944,3078.85,15785.8,73575,68.1
Female,Jawa Tengah,Dormitory,Senior High School,Student,Not Married,2000000.0,21,2.8125,2.5555555555555554,3.0,2.0,2.6666666666666665,2637739,29.46,59501.0,2.77,1553694,6962.05,38233.9,47972,60.8
Female,Jawa Tengah,Rental House,Senior High School,Student,Not Married,2000000.0,17,3.0,2.6666666666666665,2.8181818181818183,2.0,2.7777777777777777,2637739,29.46,59501.0,2.77,1553694,6962.05,38233.9,47972,60.8
Female,DI Yogyakarta,Parents House,Senior High School,Student,Not Married,2000000.0,17,3.0625,2.111111111111111,3.090909090909091,1.3333333333333333,2.6666666666666665,394247,7.26,8228.0,3.31,240062,1207.31,3781.5,51473,84.1
Female,Jawa Barat,Rental House,Senior High School,Student,Not Married,2000000.0,20,2.0625,2.111111111111111,2.3636363636363638,2.6666666666666665,3.0,6818787,251.24,143127.0,3.41,4705372,20751.93,50759.0,56080,89.3
Female,Jawa Timur,Rental House,Senior High School,Student,Not Married,2000000.0,21,3.0,3.0,3.0,3.0,2.4444444444444446,3048079,132.94,44643.0,3.29,1895275,10417.68,42089.3,75770,66.7
Female,DI Yogyakarta,Parents House,Senior High School,Student,Not Married,2000000.0,22,3.0,3.0,3.0,3.0,2.4444444444444446,394247,7.26,8228.0,3.31,240062,1207.31,3781.5,51473,84.1
Male,Jawa Tengah,Rental House,Senior High School,Student,Not Married,2000000.0,20,2.9375,2.888888888888889,3.090909090909091,2.3333333333333335,2.7777777777777777,2637739,29.46,59501.0,2.77,1553694,6962.05,38233.9,47972,60.8
Female,Jawa Tengah,Rental House,Senior High School,Student,Not Married,2000000.0,20,2.625,2.0,2.4545454545454546,2.0,2.6666666666666665,2637739,29.46,59501.0,2.77,1553694,6962.05,38233.9,47972,60.8
Female,DI Yogyakarta,Boarding House,Senior High School,Student,Not Married,2000000.0,21,2.9375,2.5555555555555554,3.0,3.0,2.2222222222222223,394247,7.26,8228.0,3.31,240062,1207.31,3781.5,51473,84.1
Female,Riau,Rental House,Bachelor (S1)/Diploma IV,Student,Not Married,2000000.0,17,3.1875,2.5555555555555554,3.5454545454545454,1.6666666666666667,2.888888888888889,542854,4.45,4273.0,1.66,282437,1565.78,2213.5,165350,41.8
Female,DI Yogyakarta,Parents House,Senior High School,Student,Not Married,2000000.0,21,2.625,2.2222222222222223,2.727272727272727,3.3333333333333335,2.6666666666666665,394247,7.26,8228.0,3.31,240062,1207.31,3781.5,51473,84.1
Female,Jawa Tengah,Rental House,Senior High School,Student,Not Married,2000000.0,17,3.8125,2.7777777777777777,3.3636363636363638,2.3333333333333335,2.888888888888889,2637739,29.46,59501.0,2.77,1553694,6962.05,38233.9,47972,60.8
Female,Jawa Tengah,Rental House,Senior High School,Student,Not Married,2000000.0,21,2.9375,2.3333333333333335,2.727272727272727,2.3333333333333335,2.888888888888889,2637739,29.46,59501.0,2.77,1553694,6962.05,38233.9,47972,60.8
Female,Jawa Tengah,Parents House,Senior High School,Student,Not Married,2000000.0,17,3.0625,2.6666666666666665,3.090909090909091,2.6666666666666665,2.6666666666666665,2637739,29.46,59501.0,2.77,1553694,6962.05,38233.9,47972,60.8
Female,DI Yogyakarta,Rental House,Senior High School,Student,Not Married,2000000.0,17,3.0625,3.0,3.0,3.0,2.4444444444444446,394247,7.26,8228.0,3.31,240062,1207.31,3781.5,51473,84.1
Female,DI Yogyakarta,Parents House,Senior High School,Student,Not Married,2000000.0,21,2.9375,3.111111111111111,3.3636363636363638,1.0,2.888888888888889,394247,7.26,8228.0,3.31,240062,1207.31,3781.5,51473,84.1
Female,Riau,Rental House,Bachelor (S1)/Diploma IV,Student,Not Married,2000000.0,22,3.0,2.6666666666666665,3.090909090909091,2.0,2.888888888888889,542854,4.45,4273.0,1.66,282437,1565.78,2213.5,165350,41.8
Male,Jawa Tengah,Own House,Senior High School,Student,Not Married,2000000.0,21,2.8125,2.5555555555555554,2.8181818181818183,2.3333333333333335,2.5555555555555554,2637739,29.46,59501.0,2.77,1553694,6962.05,38233.9,47972,60.8
Female,Jawa Tengah,Parents House,Senior High School,Student,Not Married,2000000.0,24,2.0,2.5555555555555554,2.1818181818181817,3.6666666666666665,2.5555555555555554,2637739,29.46,59501.0,2.77,1553694,6962.05,38233.9,47972,60.8
Female,Jawa Tengah,Rental House,Senior High School,Student,Not Married,2000000.0,21,2.1875,2.111111111111111,1.9090909090909092,2.3333333333333335,2.4444444444444446,2637739,29.46,59501.0,2.77,1553694,6962.05,38233.9,47972,60.8
Female,Banten,Family House,Bachelor (S1)/Diploma IV,Student,Not Married,2000000.0,21,3.0,2.4444444444444446,2.909090909090909,2.0,2.888888888888889,1742274,601.94,83677.0,2.73,1244263,6226.21,12537.4,70276,84.9
Female,Banten,Rental House,Bachelor (S1)/Diploma IV,Student,Not Married,2000000.0,20,2.9375,3.111111111111111,3.0,3.0,2.7777777777777777,1742274,601.94,83677.0,2.73,1244263,6226.21,12537.4,70276,84.9
Female,DI Yogyakarta,Parents House,Senior High School,Student,Not Married,2000000.0,21,2.5625,1.8888888888888888,3.727272727272727,2.0,2.7777777777777777,394247,7.26,8228.0,3.31,240062,1207.31,3781.5,51473,84.1
Female,DI Yogyakarta,Rental House,Senior High School,Student,Not Married,2000000.0,20,3.1875,2.7777777777777777,3.272727272727273,2.3333333333333335,3.111111111111111,394247,7.26,8228.0,3.31,240062,1207.31,3781.5,51473,84.1
Female,DI Yogyakarta,Rental House,Bachelor (S1)/Diploma IV,Student,Not Married,2000000.0,20,2.625,2.3333333333333335,2.727272727272727,2.3333333333333335,2.5555555555555554,394247,7.26,8228.0,3.31,240062,1207.31,3781.5,51473,84.1
Female,Jawa Barat,Rental House,Bachelor (S1)/Diploma IV,Student,Not Married,2000000.0,20,3.1875,3.0,3.0,3.0,2.5555555555555554,6818787,251.24,143127.0,3.41,4705372,20751.93,50759.0,56080,89.3
Female,DI Yogyakarta,Rental House,Bachelor (S1)/Diploma IV,Student,Not Married,2000000.0,21,2.8125,2.111111111111111,2.727272727272727,2.0,2.6666666666666665,394247,7.26,8228.0,3.31,240062,1207.31,3781.5,51473,84.1
Female,Sumatera Utara,Parents House,Bachelor (S1)/Diploma IV,Others,Not Married,2000000.0,26,2.75,2.5555555555555554,3.090909090909091,2.3333333333333335,2.6666666666666665,1036941,26.54,26205.0,1.55,650944,3078.85,15785.8,73575,68.1
Female,DKI Jakarta,Rental House,Bachelor (S1)/Diploma IV,Student,Not Married,2000000.0,22,3.375,2.5555555555555554,3.4545454545454546,4.0,2.7777777777777777,2708907,20964.0,9272715.0,3.56,2324200,12838.89,10678.0,344350,100.0
Male,DKI Jakarta,Parents House,Senior High School,Student,Not Married,2000000.0,21,2.5625,2.7777777777777777,2.909090909090909,2.0,2.111111111111111,2708907,20964.0,9272715.0,3.56,2324200,12838.89,10678.0,344350,100.0
Male,Lampung,Rental House,Senior High School,Not Working,Not Married,2000000.0,22,3.4375,2.5555555555555554,3.1818181818181817,1.6666666666666667,3.111111111111111,530899,5.15,4033.0,2.81,284856,1455.8,9522.9,51370,42.4
Male,Jawa Tengah,Rental House,Senior High School,Student,Not Married,2000000.0,21,3.4375,3.4444444444444446,3.272727272727273,2.0,3.111111111111111,2637739,29.46,59501.0,2.77,1553694,6962.05,38233.9,47972,60.8
Male,Jawa Barat,Rental House,Bachelor (S1)/Diploma IV,Student,Not Married,2000000.0,24,3.25,2.7777777777777777,3.6363636363636362,4.0,2.2222222222222223,6818787,251.24,143127.0,3.41,4705372,20751.93,50759.0,56080,89.3
Female,Jawa Tengah,Rental House,Bachelor (S1)/Diploma IV,Student,Not Married,2000000.0,21,3.0,3.0,3.0,3.0,2.5555555555555554,2637739,29.46,59501.0,2.77,1553694,6962.05,38233.9,47972,60.8
Male,Jawa Barat,Parents House,Bachelor (S1)/Diploma IV,Student,Not Married,2000000.0,23,3.3125,1.8888888888888888,2.727272727272727,2.0,2.4444444444444446,6818787,251.24,143127.0,3.41,4705372,20751.93,50759.0,56080,89.3
Male,DKI Jakarta,Rental House,Senior High School,Student,Not Married,2000000.0,21,2.8125,2.2222222222222223,2.5454545454545454,1.6666666666666667,2.7777777777777777,2708907,20964.0,9272715.0,3.56,2324200,12838.89,10678.0,344350,100.0
Female,DKI Jakarta,Rental House,Senior High School,Student,Not Married,2000000.0,21,2.8125,2.2222222222222223,2.5454545454545454,2.6666666666666665,3.2222222222222223,2708907,20964.0,9272715.0,3.56,2324200,12838.89,10678.0,344350,100.0
Male,Jawa Barat,Rental House,Senior High School,Student,Not Married,2000000.0,21,2.875,2.7777777777777777,2.5454545454545454,2.3333333333333335,2.6666666666666665,6818787,251.24,143127.0,3.41,4705372,20751.93,50759.0,56080,89.3
Female,Jawa Barat,Rental House,Senior High School,Student,Not Married,2000000.0,23,3.0,2.7777777777777777,3.0,3.0,2.5555555555555554,6818787,251.24,143127.0,3.41,4705372,20751.93,50759.0,56080,89.3
Female,DKI Jakarta,Rental House,Senior High School,Student,Not Married,2000000.0,21,3.0,2.5555555555555554,3.0,2.0,2.7777777777777777,2708907,20964.0,9272715.0,3.56,2324200,12838.89,10678.0,344350,100.0
Male,Jawa Barat,Rental House,Senior High School,Student,Not Married,2000000.0,20,3.0,2.7777777777777777,3.090909090909091,2.3333333333333335,2.4444444444444446,6818787,251.24,143127.0,3.41,4705372,20751.93,50759.0,56080,89.3
Female,DKI Jakarta,Rental House,Senior High School,Student,Not Married,2000000.0,21,2.625,2.0,2.3636363636363638,1.0,3.2222222222222223,2708907,20964.0,9272715.0,3.56,2324200,12838.89,10678.0,344350,100.0
Male,DKI Jakarta,Rental House,Senior High School,Student,Not Married,2000000.0,21,3.0625,2.2222222222222223,3.5454545454545454,1.0,2.3333333333333335,2708907,20964.0,9272715.0,3.56,2324200,12838.89,10678.0,344350,100.0
Female,Jawa Barat,Rental House,Senior High School,Student,Not Married,2000000.0,20,3.1875,3.0,3.0,3.0,3.0,6818787,251.24,143127.0,3.41,4705372,20751.93,50759.0,56080,89.3
Female,Jawa Tengah,Rental House,Senior High School,Student,Not Married,2000000.0,22,3.3125,3.111111111111111,2.909090909090909,3.3333333333333335,2.4444444444444446,2637739,29.46,59501.0,2.77,1553694,6962.05,38233.9,47972,60.8
Female,DI Yogyakarta,Parents House,Senior High School,Student,Not Married,2000000.0,20,3.3125,3.5555555555555554,3.5454545454545454,4.0,2.3333333333333335,394247,7.26,8228.0,3.31,240062,1207.31,3781.5,51473,84.1
Female,Jawa Tengah,Rental House,Senior High School,Student,Not Married,2000000.0,21,3.25,3.6666666666666665,3.5454545454545454,4.0,2.4444444444444446,2637739,29.46,59501.0,2.77,1553694,6962.05,38233.9,47972,60.8
Female,Sumatera Utara,Rental House,Senior High School,Student,Not Married,2000000.0,20,2.4375,3.0,3.0,3.3333333333333335,2.4444444444444446,1036941,26.54,26205.0,1.55,650944,3078.85,15785.8,73575,68.1
Female,DKI Jakarta,Rental House,Senior High School,Student,Not Married,2000000.0,20,3.5,2.888888888888889,2.909090909090909,1.0,3.3333333333333335,2708907,20964.0,9272715.0,3.56,2324200,12838.89,10678.0,344350,100.0
Female,Jawa Tengah,Rental House,Senior High School,Student,Not Married,2000000.0,21,2.9375,2.5555555555555554,3.090909090909091,2.3333333333333335,3.0,2637739,29.46,59501.0,2.77,1553694,6962.05,38233.9,47972,60.8
Female,Riau,Rental House,Senior High School,Student,Not Married,2000000.0,17,2.875,2.3333333333333335,2.727272727272727,3.0,2.6666666666666665,542854,4.45,4273.0,1.66,282437,1565.78,2213.5,165350,41.8
Female,Jawa Tengah,Rental House,Senior High School,Student,Not Married,2000000.0,23,2.9375,2.4444444444444446,2.6363636363636362,2.0,2.3333333333333335,2637739,29.46,59501.0,2.77,1553694,6962.05,38233.9,47972,60.8
Female,Jawa Tengah,Rental House,Senior High School,Student,Not Married,2000000.0,21,4.0,3.7777777777777777,3.3636363636363638,1.3333333333333333,3.5555555555555554,2637739,29.46,59501.0,2.77,1553694,6962.05,38233.9,47972,60.8
Female,Sumatera Barat,Parents House,Senior High School,Student,Not Married,2000000.0,23,3.125,3.0,2.8181818181818183,2.6666666666666665,2.5555555555555554,400529,1.77,9358.0,2.4,198642,1398.91,5914.3,57047,63.8
Male,Sumatera Barat,Family House,Senior High School,Student,Not Married,2000000.0,17,3.1875,2.7777777777777777,3.1818181818181817,2.6666666666666665,1.8888888888888888,400529,1.77,9358.0,2.4,198642,1398.91,5914.3,57047,63.8
Female,Sumatera Barat,Parents House,Junior High School,Student,Not Married,2000000.0,17,3.0,3.0,3.0,3.0,2.4444444444444446,400529,1.77,9358.0,2.4,198642,1398.91,5914.3,57047,63.8
Female,Sumatera Barat,Parents House,Senior High School,Student,Not Married,2000000.0,18,2.8125,2.111111111111111,2.8181818181818183,2.0,2.4444444444444446,400529,1.77,9358.0,2.4,198642,1398.91,5914.3,57047,63.8
Female,Sumatera Barat,Parents House,Senior High School,Student,Not Married,2000000.0,18,2.5625,2.111111111111111,2.6363636363636362,2.6666666666666665,2.5555555555555554,400529,1.77,9358.0,2.4,198642,1398.91,5914.3,57047,63.8
Female,Sumatera Barat,Parents House,Junior High School,Student,Not Married,2000000.0,17,3.625,3.111111111111111,3.6363636363636362,2.0,2.4444444444444446,400529,1.77,9358.0,2.4,198642,1398.91,5914.3,57047,63.8
Female,Sumatera Barat,Parents House,Senior High School,Student,Not Married,2000000.0,17,3.0625,3.0,3.1818181818181817,2.0,2.7777777777777777,400529,1.77,9358.0,2.4,198642,1398.91,5914.3,57047,63.8
Female,Sumatera Barat,Parents House,Senior High School,Student,Not Married,2000000.0,17,2.5,2.5555555555555554,2.8181818181818183,2.6666666666666665,2.6666666666666665,400529,1.77,9358.0,2.4,198642,1398.91,5914.3,57047,63.8
Female,Sumatera Barat,Rental House,Senior High School,Student,Not Married,2000000.0,18,3.0,2.5555555555555554,2.8181818181818183,1.6666666666666667,3.0,400529,1.77,9358.0,2.4,198642,1398.91,5914.3,57047,63.8
Female,Sumatera Barat,Parents House,Senior High School,Student,Not Married,2000000.0,17,2.9375,2.6666666666666665,2.727272727272727,2.6666666666666665,3.0,400529,1.77,9358.0,2.4,198642,1398.91,5914.3,57047,63.8
Male,Sumatera Barat,Parents House,Junior High School,Student,Not Married,2000000.0,17,2.3125,2.2222222222222223,2.727272727272727,2.6666666666666665,2.2222222222222223,400529,1.77,9358.0,2.4,198642,1398.91,5914.3,57047,63.8
Male,Sumatera Barat,Dormitory,Senior High School,Student,Not Married,2000000.0,17,2.75,2.7777777777777777,3.090909090909091,2.3333333333333335,2.7777777777777777,400529,1.77,9358.0,2.4,198642,1398.91,5914.3,57047,63.8
Male,Sumatera Barat,Parents House,Senior High School,Student,Not Married,2000000.0,18,3.4375,3.0,3.4545454545454546,3.0,2.5555555555555554,400529,1.77,9358.0,2.4,198642,1398.91,5914.3,57047,63.8
Male,Sumatera Barat,Own House,Junior High School,Student,Not Married,2000000.0,18,3.125,2.888888888888889,3.4545454545454546,1.0,2.6666666666666665,400529,1.77,9358.0,2.4,198642,1398.91,5914.3,57047,63.8
Male,Sumatera Barat,Parents House,Senior High School,Student,Not Married,2000000.0,18,2.3125,2.0,3.0,2.3333333333333335,2.2222222222222223,400529,1.77,9358.0,2.4,198642,1398.91,5914.3,57047,63.8
Female,Sumatera Barat,Parents House,Elementary School,Student,Not Married,2000000.0,13,2.8125,2.888888888888889,3.090909090909091,2.6666666666666665,2.888888888888889,400529,1.77,9358.0,2.4,198642,1398.91,5914.3,57047,63.8
Male,Sumatera Barat,Parents House,Junior High School,Student,Not Married,2000000.0,18,3.1875,2.6666666666666665,2.909090909090909,1.3333333333333333,3.3333333333333335,400529,1.77,9358.0,2.4,198642,1398.91,5914.3,57047,63.8
Female,Sumatera Barat,Parents House,Senior High School,Student,Not Married,2000000.0,17,2.6875,2.5555555555555554,3.0,3.6666666666666665,2.2222222222222223,400529,1.77,9358.0,2.4,198642,1398.91,5914.3,57047,63.8
Female,Sumatera Barat,Family House,Senior High School,Student,Not Married,2000000.0,18,3.0,3.0,2.909090909090909,3.0,2.4444444444444446,400529,1.77,9358.0,2.4,198642,1398.91,5914.3,57047,63.8
Male,Sumatera Barat,Parents House,Senior High School,Student,Not Married,2000000.0,17,3.9375,3.888888888888889,3.1818181818181817,1.6666666666666667,4.0,400529,1.77,9358.0,2.4,198642,1398.91,5914.3,57047,63.8
Male,Sumatera Barat,Parents House,Senior High School,Others,Not Married,2000000.0,18,3.3125,3.111111111111111,3.5454545454545454,3.6666666666666665,3.111111111111111,400529,1.77,9358.0,2.4,198642,1398.91,5914.3,57047,63.8
Female,Sumatera Barat,Parents House,Senior High School,Student,Not Married,2000000.0,17,3.5,3.111111111111111,3.5454545454545454,1.0,3.2222222222222223,400529,1.77,9358.0,2.4,198642,1398.91,5914.3,57047,63.8
Female,Sumatera Barat,Parents House,Senior High School,Student,Not Married,2000000.0,23,3.3125,3.0,3.0,2.6666666666666665,2.4444444444444446,400529,1.77,9358.0,2.4,198642,1398.91,5914.3,57047,63.8
Female,Sumatera Barat,Parents House,Senior High School,Student,Not Married,2000000.0,23,2.8125,2.888888888888889,2.727272727272727,1.6666666666666667,2.5555555555555554,400529,1.77,9358.0,2.4,198642,1398.91,5914.3,57047,63.8
Male,Sumatera Barat,Parents House,Senior High School,Student,Not Married,2000000.0,17,2.6875,2.4444444444444446,3.272727272727273,2.0,2.7777777777777777,400529,1.77,9358.0,2.4,198642,1398.91,5914.3,57047,63.8
Male,Sumatera Barat,Family House,Senior High School,Student,Not Married,2000000.0,18,3.125,2.6666666666666665,3.090909090909091,2.0,2.3333333333333335,400529,1.77,9358.0,2.4,198642,1398.91,5914.3,57047,63.8
Male,Sumatera Barat,Parents House,Senior High School,Student,Not Married,2000000.0,18,2.375,3.0,2.6363636363636362,2.3333333333333335,2.4444444444444446,400529,1.77,9358.0,2.4,198642,1398.91,5914.3,57047,63.8
Male,DKI Jakarta,Boarding House,Junior High School,Student,Not Married,2000000.0,16,3.0,2.6666666666666665,3.272727272727273,2.0,3.0,2708907,20964.0,9272715.0,3.56,2324200,12838.89,10678.0,344350,100.0
Female,Sumatera Barat,Parents House,Senior High School,Student,Not Married,2000000.0,17,3.25,2.5555555555555554,3.5454545454545454,2.3333333333333335,3.0,400529,1.77,9358.0,2.4,198642,1398.91,5914.3,57047,63.8
Male,Sumatera Barat,Rental House,Junior High School,Student,Not Married,2000000.0,18,3.5625,3.5555555555555554,3.1818181818181817,3.6666666666666665,2.111111111111111,400529,1.77,9358.0,2.4,198642,1398.91,5914.3,57047,63.8
Female,Sumatera Barat,Parents House,Junior High School,Student,Not Married,2000000.0,14,3.0,2.888888888888889,3.0,3.0,2.4444444444444446,400529,1.77,9358.0,2.4,198642,1398.91,5914.3,57047,63.8
Female,Sumatera Selatan,Parents House,Junior High School,Student,Not Married,2000000.0,15,2.9375,2.888888888888889,3.0,3.0,2.4444444444444446,577990,8.6,4120.0,2.66,334613,1728.24,8928.5,75132,40.1
Female,Sumatera Selatan,Parents House,Junior High School,Student,Not Married,2000000.0,16,3.25,3.3333333333333335,3.090909090909091,2.3333333333333335,2.4444444444444446,577990,8.6,4120.0,2.66,334613,1728.24,8928.5,75132,40.1
Male,Sumatera Barat,Rental House,Senior High School,Student,Not Married,2000000.0,14,3.125,2.4444444444444446,2.909090909090909,2.6666666666666665,2.888888888888889,400529,1.77,9358.0,2.4,198642,1398.91,5914.3,57047,63.8
Male,Sumatera Barat,Parents House,Junior High School,Student,Not Married,2000000.0,14,3.1875,2.7777777777777777,3.1818181818181817,2.6666666666666665,2.7777777777777777,400529,1.77,9358.0,2.4,198642,1398.91,5914.3,57047,63.8
Female,Sumatera Barat,Parents House,Senior High School,Student,Not Married,2000000.0,22,2.875,2.4444444444444446,3.090909090909091,3.3333333333333335,2.3333333333333335,400529,1.77,9358.0,2.4,198642,1398.91,5914.3,57047,63.8
Female,Sumatera Barat,Parents House,Senior High School,Student,Not Married,2000000.0,18,3.0,2.2222222222222223,3.3636363636363638,2.0,3.2222222222222223,400529,1.77,9358.0,2.4,198642,1398.91,5914.3,57047,63.8
Female,Sumatera Barat,Parents House,Senior High School,Not Working,Not Married,2000000.0,22,2.4375,2.0,3.0,2.3333333333333335,2.5555555555555554,400529,1.77,9358.0,2.4,198642,1398.91,5914.3,57047,63.8
Female,Sumatera Barat,Parents House,Senior High School,Student,Not Married,2000000.0,16,2.4375,1.8888888888888888,2.5454545454545454,2.6666666666666665,2.5555555555555554,400529,1.77,9358.0,2.4,198642,1398.91,5914.3,57047,63.8
Male,Sumatera Barat,Dormitory,Senior High School,Student,Not Married,2000000.0,17,2.6875,1.7777777777777777,2.8181818181818183,2.3333333333333335,2.6666666666666665,400529,1.77,9358.0,2.4,198642,1398.91,5914.3,57047,63.8
Female,Sumatera Barat,Dormitory,Junior High School,Student,Not Married,2000000.0,17,3.125,3.3333333333333335,3.3636363636363638,3.0,2.6666666666666665,400529,1.77,9358.0,2.4,198642,1398.91,5914.3,57047,63.8
Female,Sumatera Utara,Own House,Senior High School,Student,Not Married,2000000.0,17,2.625,2.4444444444444446,3.0,1.6666666666666667,2.5555555555555554,1036941,26.54,26205.0,1.55,650944,3078.85,15785.8,73575,68.1
Female,Sumatera Barat,Parents House,Diploma I/II/III,Student,Not Married,2000000.0,21,2.625,3.111111111111111,2.727272727272727,3.0,2.3333333333333335,400529,1.77,9358.0,2.4,198642,1398.91,5914.3,57047,63.8
Female,DI Yogyakarta,Parents House,Senior High School,Student,Not Married,2000000.0,20,2.3125,3.0,2.909090909090909,2.6666666666666665,2.4444444444444446,394247,7.26,8228.0,3.31,240062,1207.31,3781.5,51473,84.1
Female,Sumatera Barat,Boarding House,Senior High School,Student,Not Married,2000000.0,20,2.8125,3.5555555555555554,2.909090909090909,2.6666666666666665,2.4444444444444446,400529,1.77,9358.0,2.4,198642,1398.91,5914.3,57047,63.8
Female,Sumatera Barat,Parents House,Senior High School,Student,Not Married,2000000.0,23,2.9375,2.888888888888889,2.909090909090909,2.3333333333333335,2.5555555555555554,400529,1.77,9358.0,2.4,198642,1398.91,5914.3,57047,63.8
Male,Kepulauan Riau,Parents House,Senior High School,Student,Not Married,2000000.0,20,2.625,3.0,2.6363636363636362,2.3333333333333335,2.0,309076,7.83,9212.0,1.8,180411,993.02,10678.0,161424,85.3
Female,Sumatera Barat,Parents House,Senior High School,Student,Not Married,2000000.0,28,2.5,3.3333333333333335,3.0,2.6666666666666665,2.4444444444444446,400529,1.77,9358.0,2.4,198642,1398.91,5914.3,57047,63.8
Male,Sumatera Barat,Parents House,Senior High School,Student,Not Married,2000000.0,17,2.5,2.6666666666666665,3.272727272727273,2.6666666666666665,2.888888888888889,400529,1.77,9358.0,2.4,198642,1398.91,5914.3,57047,63.8
Female,Sumatera Barat,Rental House,Senior High School,Not Working,Not Married,2000000.0,21,2.5,2.5555555555555554,2.6363636363636362,2.3333333333333335,1.8888888888888888,400529,1.77,9358.0,2.4,198642,1398.91,5914.3,57047,63.8
Male,DKI Jakarta,Parents House,Bachelor (S1)/Diploma IV,Student,Not Married,2000000.0,24,3.0625,2.7777777777777777,3.0,3.0,2.111111111111111,2708907,20964.0,9272715.0,3.56,2324200,12838.89,10678.0,344350,100.0
Male,Jawa Tengah,Parents House,Bachelor (S1)/Diploma IV,Student,Not Married,2000000.0,24,2.5625,3.0,3.1818181818181817,2.6666666666666665,2.6666666666666665,2637739,29.46,59501.0,2.77,1553694,6962.05,38233.9,47972,60.8
Female,Sumatera Utara,Rental House,Senior High School,Student,Not Married,2000000.0,15,3.0,3.2222222222222223,3.1818181818181817,2.3333333333333335,2.4444444444444446,1036941,26.54,26205.0,1.55,650944,3078.85,15785.8,73575,68.1
Female,Sumatera Barat,Parents House,Senior High School,Student,Not Married,2000000.0,21,3.0,2.5555555555555554,2.4545454545454546,3.0,3.0,400529,1.77,9358.0,2.4,198642,1398.91,5914.3,57047,63.8
Male,DKI Jakarta,Family House,Diploma I/II/III,Student,Not Married,2000000.0,26,2.625,3.0,2.3636363636363638,2.6666666666666665,2.7777777777777777,2708907,20964.0,9272715.0,3.56,2324200,12838.89,10678.0,344350,100.0
Female,DI Yogyakarta,Rental House,Senior High School,Student,Not Married,2000000.0,22,2.4375,3.111111111111111,3.090909090909091,2.6666666666666665,2.4444444444444446,394247,7.26,8228.0,3.31,240062,1207.31,3781.5,51473,84.1
Female,Sumatera Barat,Rental House,Senior High School,Student,Not Married,2000000.0,23,2.875,3.0,2.5454545454545454,3.0,2.6666666666666665,400529,1.77,9358.0,2.4,198642,1398.91,5914.3,57047,63.8
Female,Sumatera Barat,Rental House,Bachelor (S1)/Diploma IV,Student,Not Married,2000000.0,22,2.625,2.6666666666666665,3.0,2.6666666666666665,2.4444444444444446,400529,1.77,9358.0,2.4,198642,1398.91,5914.3,57047,63.8
Female,Banten,Parents House,Senior High School,Student,Not Married,2000000.0,23,2.8125,2.6666666666666665,2.4545454545454546,2.3333333333333335,2.5555555555555554,1742274,601.94,83677.0,2.73,1244263,6226.21,12537.4,70276,84.9
Male,DKI Jakarta,Parents House,Senior High School,Others,Not Married,2000000.0,22,2.5,2.7777777777777777,2.6363636363636362,2.0,2.2222222222222223,2708907,20964.0,9272715.0,3.56,2324200,12838.89,10678.0,344350,100.0
Female,Sumatera Barat,Rental House,Diploma I/II/III,Student,Not Married,2000000.0,20,2.9375,3.0,2.8181818181818183,2.3333333333333335,2.4444444444444446,400529,1.77,9358.0,2.4,198642,1398.91,5914.3,57047,63.8
Male,Sumatera Barat,Parents House,Bachelor (S1)/Diploma IV,Student,Not Married,2000000.0,25,2.875,2.7777777777777777,2.5454545454545454,3.3333333333333335,2.7777777777777777,400529,1.77,9358.0,2.4,198642,1398.91,5914.3,57047,63.8
Male,DKI Jakarta,Family House,Diploma I/II/III,Student,Not Married,2000000.0,21,2.5,3.0,2.5454545454545454,3.0,2.111111111111111,2708907,20964.0,9272715.0,3.56,2324200,12838.89,10678.0,344350,100.0
Female,Sumatera Barat,Rental House,Senior High School,Student,Not Married,2000000.0,21,3.1875,3.111111111111111,2.3636363636363638,2.6666666666666665,2.3333333333333335,400529,1.77,9358.0,2.4,198642,1398.91,5914.3,57047,63.8
Male,DKI Jakarta,Rental House,Senior High School,Student,Not Married,2000000.0,16,2.875,2.2222222222222223,2.727272727272727,3.6666666666666665,2.888888888888889,2708907,20964.0,9272715.0,3.56,2324200,12838.89,10678.0,344350,100.0
Male,Sumatera Utara,Parents House,Senior High School,Student,Not Married,2000000.0,20,2.8125,2.7777777777777777,3.3636363636363638,2.6666666666666665,2.4444444444444446,1036941,26.54,26205.0,1.55,650944,3078.85,15785.8,73575,68.1
Female,Sumatera Utara,Dormitory,Senior High School,Student,Not Married,2000000.0,22,2.5,3.111111111111111,2.727272727272727,3.0,2.111111111111111,1036941,26.54,26205.0,1.55,650944,3078.85,15785.8,73575,68.1
Female,DI Yogyakarta,Parents House,Diploma I/II/III,Private Employee,Not Married,2000000.0,28,2.625,3.3333333333333335,2.5454545454545454,2.6666666666666665,2.6666666666666665,394247,7.26,8228.0,3.31,240062,1207.31,3781.5,51473,84.1
Male,DI Yogyakarta,Parents House,Senior High School,Student,Not Married,2000000.0,24,2.8125,3.0,3.0,2.6666666666666665,2.2222222222222223,394247,7.26,8228.0,3.31,240062,1207.31,3781.5,51473,84.1
Female,Jawa Tengah,Parents House,Bachelor (S1)/Diploma IV,Private Employee,Not Married,2000000.0,25,2.75,2.7777777777777777,3.0,2.0,1.8888888888888888,2637739,29.46,59501.0,2.77,1553694,6962.05,38233.9,47972,60.8
Male,Sumatera Barat,Parents House,Senior High School,Student,Not Married,2000000.0,25,3.25,2.6666666666666665,2.8181818181818183,2.6666666666666665,2.4444444444444446,400529,1.77,9358.0,2.4,198642,1398.91,5914.3,57047,63.8
Male,Sumatera Barat,Parents House,Senior High School,Student,Not Married,2000000.0,21,2.9375,3.4444444444444446,2.909090909090909,2.6666666666666665,2.6666666666666665,400529,1.77,9358.0,2.4,198642,1398.91,5914.3,57047,63.8
Female,Sumatera Barat,Boarding House,Senior High School,Student,Not Married,2000000.0,23,3.125,2.6666666666666665,2.8181818181818183,1.6666666666666667,2.5555555555555554,400529,1.77,9358.0,2.4,198642,1398.91,5914.3,57047,63.8
Male,Sumatera Barat,Rental House,Diploma I/II/III,Student,Not Married,2000000.0,21,2.5,2.888888888888889,2.8181818181818183,3.0,2.5555555555555554,400529,1.77,9358.0,2.4,198642,1398.91,5914.3,57047,63.8
Female,Sumatera Barat,Parents House,Bachelor (S1)/Diploma IV,Student,Not Married,2000000.0,19,2.875,2.6666666666666665,3.0,2.6666666666666665,2.6666666666666665,400529,1.77,9358.0,2.4,198642,1398.91,5914.3,57047,63.8
Female,Sumatera Utara,Parents House,Bachelor (S1)/Diploma IV,Student,Married,2000000.0,20,2.4375,3.2222222222222223,2.909090909090909,3.0,2.3333333333333335,1036941,26.54,26205.0,1.55,650944,3078.85,15785.8,73575,68.1
Male,Sumatera Barat,Parents House,Diploma I/II/III,Student,Not Married,2000000.0,28,2.8125,3.111111111111111,3.090909090909091,2.0,3.0,400529,1.77,9358.0,2.4,198642,1398.91,5914.3,57047,63.8
Female,DKI Jakarta,Parents House,Bachelor (S1)/Diploma IV,Student,Not Married,2000000.0,18,2.8125,3.0,2.909090909090909,2.6666666666666665,2.3333333333333335,2708907,20964.0,9272715.0,3.56,2324200,12838.89,10678.0,344350,100.0
Female,Sumatera Utara,Rental House,Senior High School,Private Employee,Not Married,2000000.0,20,2.8125,2.3333333333333335,2.727272727272727,2.6666666666666665,2.3333333333333335,1036941,26.54,26205.0,1.55,650944,3078.85,15785.8,73575,68.1
Male,Jawa Tengah,Own House,Bachelor (S1)/Diploma IV,Others,Not Married,2000000.0,19,2.4375,2.2222222222222223,2.8181818181818183,3.3333333333333335,2.3333333333333335,2637739,29.46,59501.0,2.77,1553694,6962.05,38233.9,47972,60.8
Female,Sumatera Barat,Parents House,Diploma I/II/III,Student,Not Married,2000000.0,21,2.625,2.4444444444444446,2.8181818181818183,3.3333333333333335,2.111111111111111,400529,1.77,9358.0,2.4,198642,1398.91,5914.3,57047,63.8
Female,Sumatera Utara,Parents House,Senior High School,Student,Not Married,2000000.0,23,2.375,2.6666666666666665,3.0,2.6666666666666665,2.5555555555555554,1036941,26.54,26205.0,1.55,650944,3078.85,15785.8,73575,68.1
Male,Sumatera Barat,Parents House,Bachelor (S1)/Diploma IV,Student,Not Married,2000000.0,23,2.6875,2.5555555555555554,2.727272727272727,3.3333333333333335,2.3333333333333335,400529,1.77,9358.0,2.4,198642,1398.91,5914.3,57047,63.8
Female,Jawa Tengah,Parents House,Senior High School,Student,Not Married,2000000.0,15,3.125,2.6666666666666665,2.727272727272727,2.6666666666666665,2.111111111111111,2637739,29.46,59501.0,2.77,1553694,6962.05,38233.9,47972,60.8
Male,Sumatera Barat,Parents House,Senior High School,Student,Not Married,2000000.0,23,2.625,2.5555555555555554,2.6363636363636362,3.3333333333333335,2.3333333333333335,400529,1.77,9358.0,2.4,198642,1398.91,5914.3,57047,63.8
Female,Jawa Tengah,Parents House,Senior High School,Student,Not Married,2000000.0,21,2.6875,2.4444444444444446,2.8181818181818183,3.0,3.0,2637739,29.46,59501.0,2.77,1553694,6962.05,38233.9,47972,60.8
Male,Sumatera Utara,Parents House,Senior High School,Student,Not Married,2000000.0,20,2.8125,3.0,2.272727272727273,3.0,3.0,1036941,26.54,26205.0,1.55,650944,3078.85,15785.8,73575,68.1
Female,DKI Jakarta,Rental House,Diploma I/II/III,Private Employee,Not Married,2000000.0,22,3.0,2.888888888888889,2.727272727272727,2.3333333333333335,2.3333333333333335,2708907,20964.0,9272715.0,3.56,2324200,12838.89,10678.0,344350,100.0
Female,Sumatera Barat,Rental House,Senior High School,Student,Not Married,2000000.0,22,2.625,2.888888888888889,2.4545454545454546,3.0,2.3333333333333335,400529,1.77,9358.0,2.4,198642,1398.91,5914.3,57047,63.8
Male,Jawa Barat,Parents House,Senior High School,Student,Not Married,2000000.0,22,2.375,2.7777777777777777,2.5454545454545454,2.6666666666666665,2.3333333333333335,6818787,251.24,143127.0,3.41,4705372,20751.93,50759.0,56080,89.3
Male,Sumatera Utara,Parents House,Senior High School,Student,Not Married,2000000.0,20,2.5625,3.0,3.0,3.3333333333333335,2.0,1036941,26.54,26205.0,1.55,650944,3078.85,15785.8,73575,68.1
Female,Sumatera Barat,Parents House,Senior High School,Student,Not Married,2000000.0,23,2.8125,2.888888888888889,2.727272727272727,2.3333333333333335,2.2222222222222223,400529,1.77,9358.0,2.4,198642,1398.91,5914.3,57047,63.8
Female,Sumatera Barat,Rental House,Senior High School,Student,Not Married,2000000.0,27,2.75,2.888888888888889,2.6363636363636362,2.3333333333333335,2.0,400529,1.77,9358.0,2.4,198642,1398.91,5914.3,57047,63.8
Female,Sumatera Barat,Parents House,Bachelor (S1)/Diploma IV,Student,Not Married,2000000.0,25,2.8125,2.4444444444444446,3.0,2.0,2.2222222222222223,400529,1.77,9358.0,2.4,198642,1398.91,5914.3,57047,63.8
Female,Jawa Tengah,Rental House,Bachelor (S1)/Diploma IV,Student,Not Married,2000000.0,26,3.1875,2.5555555555555554,2.8181818181818183,3.3333333333333335,2.6666666666666665,2637739,29.46,59501.0,2.77,1553694,6962.05,38233.9,47972,60.8
Female,Sumatera Utara,Rental House,Bachelor (S1)/Diploma IV,Student,Not Married,2000000.0,22,2.9375,3.0,2.272727272727273,3.0,2.3333333333333335,1036941,26.54,26205.0,1.55,650944,3078.85,15785.8,73575,68.1
Female,Sumatera Utara,Parents House,Senior High School,Student,Not Married,2000000.0,19,2.5625,2.7777777777777777,2.909090909090909,2.3333333333333335,2.2222222222222223,1036941,26.54,26205.0,1.55,650944,3078.85,15785.8,73575,68.1
Male,Sumatera Barat,Boarding House,Senior High School,Student,Not Married,2000000.0,22,3.3125,2.5555555555555554,2.5454545454545454,2.3333333333333335,2.4444444444444446,400529,1.77,9358.0,2.4,198642,1398.91,5914.3,57047,63.8
Female,Sumatera Barat,Rental House,Senior High School,Student,Not Married,2000000.0,21,2.8125,2.2222222222222223,2.5454545454545454,2.3333333333333335,2.5555555555555554,400529,1.77,9358.0,2.4,198642,1398.91,5914.3,57047,63.8
Male,Sumatera Utara,Rental House,Bachelor (S1)/Diploma IV,Student,Not Married,2000000.0,21,2.6875,2.2222222222222223,2.909090909090909,3.0,2.111111111111111,1036941,26.54,26205.0,1.55,650944,3078.85,15785.8,73575,68.1
Male,Sumatera Barat,Parents House,Postgraduate,Student,Not Married,2000000.0,26,2.8125,2.888888888888889,2.6363636363636362,2.0,2.4444444444444446,400529,1.77,9358.0,2.4,198642,1398.91,5914.3,57047,63.8
Male,Jawa Tengah,Parents House,Senior High School,Student,Not Married,2000000.0,21,2.6875,2.6666666666666665,2.909090909090909,3.0,2.4444444444444446,2637739,29.46,59501.0,2.77,1553694,6962.05,38233.9,47972,60.8
Female,Sumatera Barat,Parents House,Senior High School,Student,Not Married,2000000.0,25,2.25,2.5555555555555554,3.0,3.0,2.6666666666666665,400529,1.77,9358.0,2.4,198642,1398.91,5914.3,57047,63.8
Male,Jawa Barat,Boarding House,Bachelor (S1)/Diploma IV,Student,Not Married,2000000.0,19,2.5625,2.7777777777777777,2.6363636363636362,3.0,2.5555555555555554,6818787,251.24,143127.0,3.41,4705372,20751.93,50759.0,56080,89.3
Female,Jawa Tengah,Rental House,Senior High School,Student,Not Married,2000000.0,28,3.0625,3.3333333333333335,3.4545454545454546,3.3333333333333335,3.0,2637739,29.46,59501.0,2.77,1553694,6962.05,38233.9,47972,60.8
Female,Sumatera Utara,Rental House,Senior High School,Student,Not Married,2000000.0,24,2.375,2.2222222222222223,2.272727272727273,3.0,2.4444444444444446,1036941,26.54,26205.0,1.55,650944,3078.85,15785.8,73575,68.1
Female,Banten,Parents House,Senior High School,Student,Not Married,2000000.0,18,2.5625,2.7777777777777777,2.5454545454545454,2.6666666666666665,2.2222222222222223,1742274,601.94,83677.0,2.73,1244263,6226.21,12537.4,70276,84.9
Female,Bengkulu,Parents House,Bachelor (S1)/Diploma IV,Student,Not Married,2000000.0,21,2.625,2.4444444444444446,2.3636363636363638,2.6666666666666665,3.2222222222222223,138784,0.36,358.0,1.75,68108,478.3,2138.0,49233,35.6
Female,Sumatera Barat,Own House,Bachelor (S1)/Diploma IV,Student,Not Married,2000000.0,24,2.875,3.4444444444444446,2.727272727272727,2.6666666666666665,2.2222222222222223,400529,1.77,9358.0,2.4,198642,1398.91,5914.3,57047,63.8
Female,DKI Jakarta,Dormitory,Bachelor (S1)/Diploma IV,Student,Not Married,2000000.0,23,2.8125,2.5555555555555554,2.727272727272727,3.6666666666666665,2.2222222222222223,2708907,20964.0,9272715.0,3.56,2324200,12838.89,10678.0,344350,100.0
Male,Jawa Timur,Rental House,Senior High School,Not Working,Not Married,2000000.0,24,2.5625,2.6666666666666665,2.4545454545454546,2.6666666666666665,2.4444444444444446,3048079,132.94,44643.0,3.29,1895275,10417.68,42089.3,75770,66.7
Male,Jawa Tengah,Boarding House,Bachelor (S1)/Diploma IV,Student,Not Married,2000000.0,25,2.9375,2.7777777777777777,2.727272727272727,2.6666666666666665,2.5555555555555554,2637739,29.46,59501.0,2.77,1553694,6962.05,38233.9,47972,60.8
Male,DI Yogyakarta,Rental House,Senior High School,Student,Not Married,2000000.0,22,2.6875,2.4444444444444446,2.727272727272727,2.3333333333333335,2.6666666666666665,394247,7.26,8228.0,3.31,240062,1207.31,3781.5,51473,84.1
Male,Jawa Barat,Boarding House,Diploma I/II/III,Private Employee,Not Married,2000000.0,18,2.8125,2.7777777777777777,2.727272727272727,3.0,2.3333333333333335,6818787,251.24,143127.0,3.41,4705372,20751.93,50759.0,56080,89.3
Female,Jawa Barat,Rental House,Senior High School,Private Employee,Not Married,2000000.0,21,2.6875,2.6666666666666665,2.909090909090909,2.6666666666666665,2.6666666666666665,6818787,251.24,143127.0,3.41,4705372,20751.93,50759.0,56080,89.3
Male,DI Yogyakarta,Parents House,Diploma I/II/III,Student,Not Married,2000000.0,22,2.625,2.4444444444444446,2.6363636363636362,2.3333333333333335,2.3333333333333335,394247,7.26,8228.0,3.31,240062,1207.31,3781.5,51473,84.1
Female,Sumatera Barat,Family House,Diploma I/II/III,Student,Not Married,2000000.0,19,2.3125,3.111111111111111,3.1818181818181817,3.0,2.6666666666666665,400529,1.77,9358.0,2.4,198642,1398.91,5914.3,57047,63.8
Female,Jawa Tengah,Family House,Bachelor (S1)/Diploma IV,Student,Not Married,2000000.0,18,2.9375,3.0,2.5454545454545454,3.0,2.6666666666666665,2637739,29.46,59501.0,2.77,1553694,6962.05,38233.9,47972,60.8
Female,Sumatera Barat,Parents House,Bachelor (S1)/Diploma IV,Student,Not Married,2000000.0,22,2.6875,2.888888888888889,2.6363636363636362,2.6666666666666665,2.4444444444444446,400529,1.77,9358.0,2.4,198642,1398.91,5914.3,57047,63.8
Female,Jawa Tengah,Parents House,Diploma I/II/III,Student,Not Married,2000000.0,13,2.6875,2.7777777777777777,2.909090909090909,3.0,2.4444444444444446,2637739,29.46,59501.0,2.77,1553694,6962.05,38233.9,47972,60.8
Female,Sumatera Utara,Family House,Senior High School,Student,Not Married,2000000.0,25,3.0,2.888888888888889,2.4545454545454546,2.3333333333333335,2.111111111111111,1036941,26.54,26205.0,1.55,650944,3078.85,15785.8,73575,68.1
Female,Sumatera Barat,Rental House,Senior High School,Student,Not Married,2000000.0,15,2.375,2.888888888888889,2.8181818181818183,2.3333333333333335,2.3333333333333335,400529,1.77,9358.0,2.4,198642,1398.91,5914.3,57047,63.8
Male,Sumatera Utara,Parents House,Senior High School,Private Employee,Not Married,2000000.0,21,2.875,2.3333333333333335,3.090909090909091,2.6666666666666665,2.7777777777777777,1036941,26.54,26205.0,1.55,650944,3078.85,15785.8,73575,68.1
Female,DKI Jakarta,Parents House,Diploma I/II/III,Student,Not Married,2000000.0,22,2.625,3.111111111111111,3.3636363636363638,2.3333333333333335,2.6666666666666665,2708907,20964.0,9272715.0,3.56,2324200,12838.89,10678.0,344350,100.0
Female,Sumatera Barat,Family House,Senior High School,Student,Not Married,2000000.0,26,2.625,2.4444444444444446,3.0,2.0,2.888888888888889,400529,1.77,9358.0,2.4,198642,1398.91,5914.3,57047,63.8
Female,Jawa Tengah,Parents House,Senior High School,Student,Not Married,2000000.0,23,3.0625,2.6666666666666665,2.727272727272727,2.0,2.5555555555555554,2637739,29.46,59501.0,2.77,1553694,6962.05,38233.9,47972,60.8
Male,Sumatera Utara,Rental House,Senior High School,Student,Not Married,15000000.0,17,2.5625,3.0,2.727272727272727,2.6666666666666665,2.5555555555555554,1036941,26.54,26205.0,1.55,650944,3078.85,15785.8,73575,68.1
Male,Sumatera Barat,Boarding House,Senior High School,Civil Servant/BUMN,Not Married,2000000.0,25,2.5,2.5555555555555554,3.090909090909091,2.6666666666666665,2.6666666666666665,400529,1.77,9358.0,2.4,198642,1398.91,5914.3,57047,63.8
Male,Sumatera Barat,Rental House,Bachelor (S1)/Diploma IV,Not Working,Not Married,2000000.0,25,2.4375,2.888888888888889,3.090909090909091,3.6666666666666665,2.3333333333333335,400529,1.77,9358.0,2.4,198642,1398.91,5914.3,57047,63.8
Male,DKI Jakarta,Rental House,Senior High School,Private Employee,Not Married,2000000.0,24,2.125,3.0,2.909090909090909,2.3333333333333335,2.2222222222222223,2708907,20964.0,9272715.0,3.56,2324200,12838.89,10678.0,344350,100.0
Female,Sumatera Utara,Dormitory,Senior High School,Not Working,Not Married,2000000.0,26,2.6875,2.4444444444444446,3.090909090909091,2.3333333333333335,2.3333333333333335,1036941,26.54,26205.0,1.55,650944,3078.85,15785.8,73575,68.1
Male,Jawa Tengah,Parents House,Senior High School,Entrepreneur,Not Married,2000000.0,26,2.5,3.0,2.8181818181818183,3.3333333333333335,2.7777777777777777,2637739,29.46,59501.0,2.77,1553694,6962.05,38233.9,47972,60.8
Male,DKI Jakarta,Rental House,Diploma I/II/III,Student,Not Married,2000000.0,21,2.5625,2.888888888888889,2.727272727272727,2.6666666666666665,2.888888888888889,2708907,20964.0,9272715.0,3.56,2324200,12838.89,10678.0,344350,100.0
Female,Sumatera Barat,Parents House,Senior High School,Student,Not Married,2000000.0,13,2.3125,2.5555555555555554,2.8181818181818183,2.6666666666666665,3.0,400529,1.77,9358.0,2.4,198642,1398.91,5914.3,57047,63.8
Female,Bengkulu,Parents House,Bachelor (S1)/Diploma IV,Student,Not Married,2000000.0,19,2.375,3.111111111111111,2.5454545454545454,3.6666666666666665,2.6666666666666665,138784,0.36,358.0,1.75,68108,478.3,2138.0,49233,35.6
Female,Sumatera Barat,Parents House,Senior High School,Student,Not Married,2000000.0,21,3.0,2.888888888888889,3.0,3.0,2.6666666666666665,400529,1.77,9358.0,2.4,198642,1398.91,5914.3,57047,63.8
Female,Sumatera Barat,Parents House,Senior High School,Student,Not Married,2000000.0,24,2.625,3.3333333333333335,2.5454545454545454,1.6666666666666667,2.4444444444444446,400529,1.77,9358.0,2.4,198642,1398.91,5914.3,57047,63.8
Female,DI Yogyakarta,Rental House,Senior High School,Student,Not Married,2000000.0,23,3.0625,3.111111111111111,3.0,2.3333333333333335,2.5555555555555554,394247,7.26,8228.0,3.31,240062,1207.31,3781.5,51473,84.1
Female,Sumatera Barat,Parents House,Senior High School,Student,Not Married,2000000.0,28,2.875,2.6666666666666665,3.0,3.0,2.888888888888889,400529,1.77,9358.0,2.4,198642,1398.91,5914.3,57047,63.8
Female,DKI Jakarta,Parents House,Senior High School,Student,Not Married,2000000.0,27,2.625,2.6666666666666665,2.6363636363636362,2.3333333333333335,2.7777777777777777,2708907,20964.0,9272715.0,3.56,2324200,12838.89,10678.0,344350,100.0
Female,Sumatera Barat,Rental House,Senior High School,Student,Not Married,2000000.0,23,2.75,3.2222222222222223,2.5454545454545454,2.6666666666666665,2.111111111111111,400529,1.77,9358.0,2.4,198642,1398.91,5914.3,57047,63.8
Female,Banten,Parents House,Diploma I/II/III,Student,Not Married,2000000.0,26,2.375,3.0,2.6363636363636362,3.0,2.111111111111111,1742274,601.94,83677.0,2.73,1244263,6226.21,12537.4,70276,84.9
Female,Jawa Barat,Rental House,Senior High School,Student,Not Married,2000000.0,21,2.75,2.5555555555555554,3.3636363636363638,2.6666666666666665,2.5555555555555554,6818787,251.24,143127.0,3.41,4705372,20751.93,50759.0,56080,89.3
Female,Sumatera Utara,Parents House,Diploma I/II/III,Student,Not Married,2000000.0,27,3.0625,2.6666666666666665,2.909090909090909,3.0,2.6666666666666665,1036941,26.54,26205.0,1.55,650944,3078.85,15785.8,73575,68.1
Female,DKI Jakarta,Family House,Bachelor (S1)/Diploma IV,Student,Not Married,2000000.0,23,2.6875,3.0,3.272727272727273,2.3333333333333335,2.4444444444444446,2708907,20964.0,9272715.0,3.56,2324200,12838.89,10678.0,344350,100.0
Female,DKI Jakarta,Parents House,Bachelor (S1)/Diploma IV,Student,Not Married,2000000.0,21,3.125,2.888888888888889,3.090909090909091,3.3333333333333335,2.0,2708907,20964.0,9272715.0,3.56,2324200,12838.89,10678.0,344350,100.0
Male,Jawa Tengah,Family House,Senior High School,Student,Not Married,2000000.0,19,2.8125,2.3333333333333335,2.4545454545454546,2.6666666666666665,3.111111111111111,2637739,29.46,59501.0,2.77,1553694,6962.05,38233.9,47972,60.8
Male,Sumatera Utara,Own House,Diploma I/II/III,Student,Not Married,2000000.0,23,2.8125,2.888888888888889,2.3636363636363638,3.0,2.7777777777777777,1036941,26.54,26205.0,1.55,650944,3078.85,15785.8,73575,68.1
Male,Sumatera Barat,Parents House,Diploma I/II/III,Student,Not Married,2000000.0,28,2.75,2.4444444444444446,2.727272727272727,3.3333333333333335,2.4444444444444446,400529,1.77,9358.0,2.4,198642,1398.91,5914.3,57047,63.8
Female,Sumatera Barat,Parents House,Bachelor (S1)/Diploma IV,Student,Not Married,2000000.0,21,2.8125,2.888888888888889,2.909090909090909,3.0,2.6666666666666665,400529,1.77,9358.0,2.4,198642,1398.91,5914.3,57047,63.8
Female,Riau,Rental House,Senior High School,Student,Not Married,2000000.0,22,2.9375,2.6666666666666665,2.8181818181818183,3.0,1.8888888888888888,542854,4.45,4273.0,1.66,282437,1565.78,2213.5,165350,41.8
Female,Riau,Parents House,Senior High School,Student,Not Married,2000000.0,21,2.875,2.5555555555555554,2.5454545454545454,3.3333333333333335,2.2222222222222223,542854,4.45,4273.0,1.66,282437,1565.78,2213.5,165350,41.8
Male,Sumatera Barat,Own House,Diploma I/II/III,Student,Not Married,2000000.0,20,2.6875,3.111111111111111,3.0,2.3333333333333335,2.5555555555555554,400529,1.77,9358.0,2.4,198642,1398.91,5914.3,57047,63.8
Female,DKI Jakarta,Parents House,Bachelor (S1)/Diploma IV,Others,Not Married,2000000.0,18,2.5,2.6666666666666665,3.090909090909091,2.0,2.4444444444444446,2708907,20964.0,9272715.0,3.56,2324200,12838.89,10678.0,344350,100.0
Female,Sumatera Barat,Rental House,Senior High School,Student,Not Married,2000000.0,27,2.875,2.5555555555555554,2.5454545454545454,2.6666666666666665,2.2222222222222223,400529,1.77,9358.0,2.4,198642,1398.91,5914.3,57047,63.8
Female,Sumatera Barat,Parents House,Senior High School,Student,Not Married,2000000.0,23,2.4375,2.6666666666666665,3.272727272727273,1.6666666666666667,1.8888888888888888,400529,1.77,9358.0,2.4,198642,1398.91,5914.3,57047,63.8
Female,Jawa Tengah,Family House,Bachelor (S1)/Diploma IV,Private Employee,Not Married,2000000.0,19,2.5625,2.7777777777777777,2.5454545454545454,3.3333333333333335,2.3333333333333335,2637739,29.46,59501.0,2.77,1553694,6962.05,38233.9,47972,60.8
Female,Sumatera Barat,Rental House,Bachelor (S1)/Diploma IV,Student,Not Married,2000000.0,20,2.8125,2.5555555555555554,2.909090909090909,2.6666666666666665,2.111111111111111,400529,1.77,9358.0,2.4,198642,1398.91,5914.3,57047,63.8
Male,Jawa Barat,Own House,Senior High School,Student,Not Married,2000000.0,22,2.4375,2.5555555555555554,2.8181818181818183,2.3333333333333335,2.7777777777777777,6818787,251.24,143127.0,3.41,4705372,20751.93,50759.0,56080,89.3
Female,Sumatera Barat,Rental House,Senior High School,Student,Not Married,2000000.0,21,3.0,3.2222222222222223,2.8181818181818183,3.6666666666666665,2.4444444444444446,400529,1.77,9358.0,2.4,198642,1398.91,5914.3,57047,63.8
Female,DKI Jakarta,Parents House,Senior High School,Student,Not Married,2000000.0,21,2.625,2.4444444444444446,3.272727272727273,3.3333333333333335,2.2222222222222223,2708907,20964.0,9272715.0,3.56,2324200,12838.89,10678.0,344350,100.0
Male,Jawa Tengah,Parents House,Senior High School,Not Working,Not Married,2000000.0,22,2.875,2.5555555555555554,2.727272727272727,2.6666666666666665,2.4444444444444446,2637739,29.46,59501.0,2.77,1553694,6962.05,38233.9,47972,60.8
Male,Sumatera Barat,Dormitory,Senior High School,Student,Not Married,2000000.0,13,2.625,2.888888888888889,2.1818181818181817,2.0,2.4444444444444446,400529,1.77,9358.0,2.4,198642,1398.91,5914.3,57047,63.8
Male,Jawa Tengah,Rental House,Senior High School,Student,Not Married,2000000.0,20,2.4375,2.4444444444444446,3.0,3.0,2.4444444444444446,2637739,29.46,59501.0,2.77,1553694,6962.05,38233.9,47972,60.8
Female,Sumatera Barat,Parents House,Senior High School,Private Employee,Not Married,2000000.0,20,2.75,2.888888888888889,2.6363636363636362,3.0,3.0,400529,1.77,9358.0,2.4,198642,1398.91,5914.3,57047,63.8
Female,Jawa Tengah,Family House,Diploma I/II/III,Student,Not Married,2000000.0,24,2.625,3.111111111111111,2.909090909090909,3.0,2.4444444444444446,2637739,29.46,59501.0,2.77,1553694,6962.05,38233.9,47972,60.8
Male,Sumatera Barat,Rental House,Senior High School,Private Employee,Not Married,2000000.0,19,3.1875,2.3333333333333335,2.1818181818181817,3.0,2.3333333333333335,400529,1.77,9358.0,2.4,198642,1398.91,5914.3,57047,63.8
Female,DI Yogyakarta,Parents House,Senior High School,Student,Not Married,2000000.0,22,2.625,2.6666666666666665,2.909090909090909,3.0,2.2222222222222223,394247,7.26,8228.0,3.31,240062,1207.31,3781.5,51473,84.1
Female,Sumatera Utara,Rental House,Senior High School,Student,Not Married,2000000.0,19,2.875,3.0,3.272727272727273,3.6666666666666665,2.5555555555555554,1036941,26.54,26205.0,1.55,650944,3078.85,15785.8,73575,68.1
Female,Sumatera Barat,Rental House,Senior High School,Student,Not Married,2000000.0,24,2.75,2.888888888888889,3.0,2.6666666666666665,2.7777777777777777,400529,1.77,9358.0,2.4,198642,1398.91,5914.3,57047,63.8
Male,Sumatera Barat,Own House,Senior High School,Private Employee,Not Married,2000000.0,19,3.125,2.6666666666666665,2.909090909090909,2.6666666666666665,2.7777777777777777,400529,1.77,9358.0,2.4,198642,1398.91,5914.3,57047,63.8
Female,DKI Jakarta,Rental House,Postgraduate,Student,Not Married,2000000.0,28,2.75,2.888888888888889,2.909090909090909,2.0,3.0,2708907,20964.0,9272715.0,3.56,2324200,12838.89,10678.0,344350,100.0
Female,Sumatera Utara,Rental House,Senior High School,Student,Not Married,2000000.0,23,3.0,3.111111111111111,2.8181818181818183,2.6666666666666665,2.6666666666666665,1036941,26.54,26205.0,1.55,650944,3078.85,15785.8,73575,68.1
Male,Sumatera Barat,Rental House,Senior High School,Private Employee,Not Married,2000000.0,22,3.125,3.0,2.909090909090909,2.3333333333333335,2.2222222222222223,400529,1.77,9358.0,2.4,198642,1398.91,5914.3,57047,63.8
Female,Sumatera Utara,Parents House,Bachelor (S1)/Diploma IV,Civil Servant/BUMN,Not Married,2000000.0,26,2.6875,2.4444444444444446,2.909090909090909,3.0,2.4444444444444446,1036941,26.54,26205.0,1.55,650944,3078.85,15785.8,73575,68.1
Female,Sumatera Barat,Parents House,Senior High School,Student,Not Married,2000000.0,21,2.375,2.7777777777777777,2.5454545454545454,3.0,2.2222222222222223,400529,1.77,9358.0,2.4,198642,1398.91,5914.3,57047,63.8
Female,Jawa Tengah,Parents House,Senior High School,Student,Not Married,2000000.0,23,3.0625,2.2222222222222223,2.4545454545454546,2.6666666666666665,2.7777777777777777,2637739,29.46,59501.0,2.77,1553694,6962.05,38233.9,47972,60.8
Male,Sumatera Utara,Parents House,Diploma I/II/III,Student,Not Married,2000000.0,25,2.6875,2.7777777777777777,2.8181818181818183,3.3333333333333335,1.8888888888888888,1036941,26.54,26205.0,1.55,650944,3078.85,15785.8,73575,68.1
Female,Sumatera Barat,Rental House,Senior High School,Student,Not Married,2000000.0,28,2.375,2.4444444444444446,2.909090909090909,2.3333333333333335,2.4444444444444446,400529,1.77,9358.0,2.4,198642,1398.91,5914.3,57047,63.8
Female,Jawa Tengah,Parents House,Postgraduate,Student,Not Married,2000000.0,17,3.0,2.3333333333333335,2.8181818181818183,2.6666666666666665,2.888888888888889,2637739,29.46,59501.0,2.77,1553694,6962.05,38233.9,47972,60.8
Female,Jawa Barat,Family House,Diploma I/II/III,Student,Not Married,2000000.0,22,2.875,2.2222222222222223,2.909090909090909,2.0,2.6666666666666665,6818787,251.24,143127.0,3.41,4705372,20751.93,50759.0,56080,89.3
Male,Sumatera Barat,Boarding House,Senior High School,Others,Not Married,2000000.0,19,2.8125,3.111111111111111,2.909090909090909,3.0,2.888888888888889,400529,1.77,9358.0,2.4,198642,1398.91,5914.3,57047,63.8
Female,Sumatera Barat,Parents House,Diploma I/II/III,Student,Not Married,2000000.0,23,2.3125,2.5555555555555554,2.8181818181818183,2.6666666666666665,3.0,400529,1.77,9358.0,2.4,198642,1398.91,5914.3,57047,63.8
Female,Sumatera Barat,Own House,Senior High School,Student,Not Married,2000000.0,21,2.9375,2.6666666666666665,2.909090909090909,3.3333333333333335,2.3333333333333335,400529,1.77,9358.0,2.4,198642,1398.91,5914.3,57047,63.8
Female,Sumatera Barat,Parents House,Senior High School,Student,Not Married,2000000.0,24,2.75,2.6666666666666665,2.4545454545454546,3.3333333333333335,2.4444444444444446,400529,1.77,9358.0,2.4,198642,1398.91,5914.3,57047,63.8
Male,Sumatera Barat,Rental House,Senior High School,Student,Not Married,2000000.0,19,2.5625,2.888888888888889,2.5454545454545454,2.6666666666666665,2.888888888888889,400529,1.77,9358.0,2.4,198642,1398.91,5914.3,57047,63.8
Female,DKI Jakarta,Own House,Senior High School,Student,Not Married,2000000.0,22,2.875,3.111111111111111,2.6363636363636362,3.3333333333333335,2.888888888888889,2708907,20964.0,9272715.0,3.56,2324200,12838.89,10678.0,344350,100.0
Male,Sumatera Utara,Parents House,Senior High School,Student,Not Married,2000000.0,22,2.9375,3.0,2.8181818181818183,2.6666666666666665,2.0,1036941,26.54,26205.0,1.55,650944,3078.85,15785.8,73575,68.1
Female,Jawa Tengah,Dormitory,Senior High School,Civil Servant/BUMN,Not Married,2000000.0,20,2.5,3.0,2.909090909090909,2.3333333333333335,2.4444444444444446,2637739,29.46,59501.0,2.77,1553694,6962.05,38233.9,47972,60.8
Male,DKI Jakarta,Rental House,Senior High School,Private Employee,Married,2000000.0,20,2.625,2.888888888888889,2.8181818181818183,2.6666666666666665,2.2222222222222223,2708907,20964.0,9272715.0,3.56,2324200,12838.89,10678.0,344350,100.0
Female,Sumatera Utara,Rental House,Senior High School,Student,Not Married,2000000.0,22,3.1875,2.5555555555555554,2.909090909090909,2.0,2.5555555555555554,1036941,26.54,26205.0,1.55,650944,3078.85,15785.8,73575,68.1
Male,DI Yogyakarta,Parents House,Elementary School,Others,Not Married,2000000.0,22,2.5,3.111111111111111,3.0,2.3333333333333335,2.4444444444444446,394247,7.26,8228.0,3.31,240062,1207.31,3781.5,51473,84.1
Female,Sumatera Barat,Parents House,Senior High School,Student,Not Married,2000000.0,18,2.3125,3.0,3.090909090909091,2.3333333333333335,2.6666666666666665,400529,1.77,9358.0,2.4,198642,1398.91,5914.3,57047,63.8
Female,Sumatera Utara,Parents House,Bachelor (S1)/Diploma IV,Student,Not Married,2000000.0,24,3.125,2.6666666666666665,2.5454545454545454,3.0,2.2222222222222223,1036941,26.54,26205.0,1.55,650944,3078.85,15785.8,73575,68.1
Female,Sumatera Barat,Family House,Diploma I/II/III,Others,Not Married,2000000.0,21,3.3125,2.5555555555555554,2.727272727272727,2.0,2.4444444444444446,400529,1.77,9358.0,2.4,198642,1398.91,5914.3,57047,63.8
Female,Sumatera Barat,Rental House,Senior High School,Student,Not Married,2000000.0,19,2.9375,2.5555555555555554,3.0,3.3333333333333335,2.5555555555555554,400529,1.77,9358.0,2.4,198642,1398.91,5914.3,57047,63.8
Male,Sumatera Barat,Boarding House,Senior High School,Student,Not Married,2000000.0,20,3.0,2.7777777777777777,3.3636363636363638,3.0,3.111111111111111,400529,1.77,9358.0,2.4,198642,1398.91,5914.3,57047,63.8
Female,DKI Jakarta,Rental House,Senior High School,Student,Not Married,2000000.0,20,3.0625,2.888888888888889,2.727272727272727,2.6666666666666665,2.5555555555555554,2708907,20964.0,9272715.0,3.56,2324200,12838.89,10678.0,344350,100.0
Male,Jawa Tengah,Parents House,Senior High School,Student,Not Married,2000000.0,20,2.3125,2.4444444444444446,2.4545454545454546,2.6666666666666665,2.4444444444444446,2637739,29.46,59501.0,2.77,1553694,6962.05,38233.9,47972,60.8
Female,Sumatera Barat,Parents House,Diploma I/II/III,Student,Not Married,2000000.0,21,2.6875,2.6666666666666665,2.909090909090909,3.0,2.888888888888889,400529,1.77,9358.0,2.4,198642,1398.91,5914.3,57047,63.8
Female,Sumatera Barat,Rental House,Senior High School,Student,Not Married,2000000.0,24,2.875,3.0,2.8181818181818183,3.3333333333333335,2.6666666666666665,400529,1.77,9358.0,2.4,198642,1398.91,5914.3,57047,63.8
Female,Jawa Tengah,Rental House,Bachelor (S1)/Diploma IV,Others,Not Married,2000000.0,27,2.9375,3.2222222222222223,2.909090909090909,2.3333333333333335,2.5555555555555554,2637739,29.46,59501.0,2.77,1553694,6962.05,38233.9,47972,60.8
Male,Jawa Tengah,Rental House,Senior High School,Student,Not Married,2000000.0,20,2.6875,2.6666666666666665,2.090909090909091,3.0,2.888888888888889,2637739,29.46,59501.0,2.77,1553694,6962.05,38233.9,47972,60.8
Female,Sumatera Barat,Rental House,Senior High School,Student,Not Married,2000000.0,21,2.8125,2.4444444444444446,2.727272727272727,3.3333333333333335,3.0,400529,1.77,9358.0,2.4,198642,1398.91,5914.3,57047,63.8
Female,Jawa Barat,Parents House,Senior High School,Student,Not Married,2000000.0,18,2.75,3.111111111111111,2.727272727272727,2.3333333333333335,2.3333333333333335,6818787,251.24,143127.0,3.41,4705372,20751.93,50759.0,56080,89.3
Female,Sumatera Barat,Own House,Senior High School,Student,Not Married,2000000.0,25,2.6875,2.6666666666666665,2.5454545454545454,2.3333333333333335,2.111111111111111,400529,1.77,9358.0,2.4,198642,1398.91,5914.3,57047,63.8
Female,Sumatera Utara,Rental House,Diploma I/II/III,Private Employee,Not Married,2000000.0,25,2.625,2.888888888888889,2.3636363636363638,3.0,2.6666666666666665,1036941,26.54,26205.0,1.55,650944,3078.85,15785.8,73575,68.1
Male,Sumatera Barat,Rental House,Diploma I/II/III,Student,Not Married,2000000.0,25,2.9375,2.5555555555555554,2.909090909090909,1.6666666666666667,2.4444444444444446,400529,1.77,9358.0,2.4,198642,1398.91,5914.3,57047,63.8
Female,Sumatera Barat,Parents House,Senior High School,Student,Not Married,2000000.0,19,2.6875,2.5555555555555554,3.090909090909091,2.6666666666666665,2.3333333333333335,400529,1.77,9358.0,2.4,198642,1398.91,5914.3,57047,63.8
Female,Sumatera Barat,Rental House,Bachelor (S1)/Diploma IV,Private Employee,Not Married,2000000.0,24,2.9375,2.6666666666666665,2.909090909090909,2.6666666666666665,2.2222222222222223,400529,1.77,9358.0,2.4,198642,1398.91,5914.3,57047,63.8
Male,Sumatera Barat,Parents House,Senior High School,Student,Not Married,2000000.0,22,3.0625,2.888888888888889,2.3636363636363638,2.3333333333333335,2.2222222222222223,400529,1.77,9358.0,2.4,198642,1398.91,5914.3,57047,63.8
Male,DI Yogyakarta,Rental House,Senior High School,Student,Not Married,2000000.0,19,2.6875,2.3333333333333335,2.8181818181818183,2.6666666666666665,2.6666666666666665,394247,7.26,8228.0,3.31,240062,1207.31,3781.5,51473,84.1
Female,Sumatera Barat,Rental House,Diploma I/II/III,Student,Not Married,2000000.0,22,2.9375,2.888888888888889,2.909090909090909,2.0,2.111111111111111,400529,1.77,9358.0,2.4,198642,1398.91,5914.3,57047,63.8
Female,Sumatera Barat,Rental House,Bachelor (S1)/Diploma IV,Others,Not Married,2000000.0,20,2.875,2.4444444444444446,2.3636363636363638,2.6666666666666665,2.4444444444444446,400529,1.77,9358.0,2.4,198642,1398.91,5914.3,57047,63.8
Female,Jawa Tengah,Dormitory,Bachelor (S1)/Diploma IV,Student,Not Married,2000000.0,26,2.625,2.5555555555555554,2.5454545454545454,3.3333333333333335,2.7777777777777777,2637739,29.46,59501.0,2.77,1553694,6962.05,38233.9,47972,60.8
Male,Sumatera Utara,Rental House,Senior High School,Student,Not Married,2000000.0,21,2.6875,2.888888888888889,2.6363636363636362,2.3333333333333335,2.2222222222222223,1036941,26.54,26205.0,1.55,650944,3078.85,15785.8,73575,68.1
Female,DKI Jakarta,Parents House,Bachelor (S1)/Diploma IV,Private Employee,Not Married,2000000.0,22,2.875,3.0,2.6363636363636362,3.0,2.3333333333333335,2708907,20964.0,9272715.0,3.56,2324200,12838.89,10678.0,344350,100.0
Male,Sumatera Utara,Rental House,Bachelor (S1)/Diploma IV,Student,Not Married,2000000.0,19,2.625,2.4444444444444446,3.0,3.6666666666666665,2.4444444444444446,1036941,26.54,26205.0,1.55,650944,3078.85,15785.8,73575,68.1
Male,Sumatera Barat,Rental House,Senior High School,Student,Not Married,2000000.0,22,2.875,2.888888888888889,2.727272727272727,2.3333333333333335,2.7777777777777777,400529,1.77,9358.0,2.4,198642,1398.91,5914.3,57047,63.8
Female,Sumatera Barat,Parents House,Bachelor (S1)/Diploma IV,Others,Not Married,2000000.0,18,2.375,2.5555555555555554,3.090909090909091,2.3333333333333335,2.4444444444444446,400529,1.77,9358.0,2.4,198642,1398.91,5914.3,57047,63.8
Female,Sumatera Utara,Family House,Diploma I/II/III,Student,Not Married,2000000.0,22,2.625,2.5555555555555554,2.8181818181818183,2.6666666666666665,2.7777777777777777,1036941,26.54,26205.0,1.55,650944,3078.85,15785.8,73575,68.1
Female,Sumatera Barat,Rental House,Senior High School,Student,Not Married,2000000.0,25,2.75,2.4444444444444446,2.5454545454545454,2.6666666666666665,2.5555555555555554,400529,1.77,9358.0,2.4,198642,1398.91,5914.3,57047,63.8
Female,Sumatera Utara,Parents House,Senior High School,Student,Not Married,2000000.0,19,2.8125,2.6666666666666665,3.090909090909091,2.6666666666666665,2.6666666666666665,1036941,26.54,26205.0,1.55,650944,3078.85,15785.8,73575,68.1
Female,Jawa Barat,Parents House,Senior High School,Student,Not Married,2000000.0,22,2.6875,2.6666666666666665,3.1818181818181817,2.3333333333333335,2.4444444444444446,6818787,251.24,143127.0,3.41,4705372,20751.93,50759.0,56080,89.3
Female,Sumatera Utara,Parents House,Senior High School,Student,Not Married,2000000.0,24,2.25,2.4444444444444446,2.272727272727273,2.6666666666666665,2.4444444444444446,1036941,26.54,26205.0,1.55,650944,3078.85,15785.8,73575,68.1
Female,Jawa Barat,Rental House,Senior High School,Student,Not Married,2000000.0,23,2.75,2.4444444444444446,3.090909090909091,3.6666666666666665,2.2222222222222223,6818787,251.24,143127.0,3.41,4705372,20751.93,50759.0,56080,89.3
Female,Jawa Tengah,Rental House,Senior High School,Student,Not Married,2000000.0,16,2.6875,2.888888888888889,3.090909090909091,2.6666666666666665,2.5555555555555554,2637739,29.46,59501.0,2.77,1553694,6962.05,38233.9,47972,60.8
Female,Sumatera Barat,Rental House,Diploma I/II/III,Others,Not Married,2000000.0,22,3.1875,2.5555555555555554,3.272727272727273,2.0,2.6666666666666665,400529,1.77,9358.0,2.4,198642,1398.91,5914.3,57047,63.8
Female,Jawa Tengah,Family House,Bachelor (S1)/Diploma IV,Others,Not Married,2000000.0,23,2.6875,2.5555555555555554,2.727272727272727,2.6666666666666665,2.7777777777777777,2637739,29.46,59501.0,2.77,1553694,6962.05,38233.9,47972,60.8
Male,DKI Jakarta,Rental House,Bachelor (S1)/Diploma IV,Student,Not Married,2000000.0,20,3.1875,2.7777777777777777,2.5454545454545454,3.3333333333333335,2.6666666666666665,2708907,20964.0,9272715.0,3.56,2324200,12838.89,10678.0,344350,100.0
Male,Sumatera Utara,Rental House,Senior High School,Student,Not Married,2000000.0,22,2.75,2.7777777777777777,2.5454545454545454,2.3333333333333335,2.5555555555555554,1036941,26.54,26205.0,1.55,650944,3078.85,15785.8,73575,68.1
Male,Jawa Barat,Parents House,Senior High School,Student,Not Married,2000000.0,20,2.75,2.5555555555555554,2.6363636363636362,3.0,2.888888888888889,6818787,251.24,143127.0,3.41,4705372,20751.93,50759.0,56080,89.3
Male,Sumatera Barat,Boarding House,Senior High School,Entrepreneur,Not Married,2000000.0,21,3.0,3.0,2.1818181818181817,2.6666666666666665,2.5555555555555554,400529,1.77,9358.0,2.4,198642,1398.91,5914.3,57047,63.8
Female,Jawa Barat,Parents House,Senior High School,Student,Married,2000000.0,17,2.25,2.111111111111111,3.0,2.0,2.888888888888889,6818787,251.24,143127.0,3.41,4705372,20751.93,50759.0,56080,89.3
Female,Sumatera Barat,Family House,Senior High School,Student,Not Married,2000000.0,19,2.5,2.4444444444444446,3.090909090909091,2.6666666666666665,2.5555555555555554,400529,1.77,9358.0,2.4,198642,1398.91,5914.3,57047,63.8
Male,Sumatera Barat,Family House,Senior High School,Student,Not Married,2000000.0,26,2.75,2.6666666666666665,3.0,2.6666666666666665,2.888888888888889,400529,1.77,9358.0,2.4,198642,1398.91,5914.3,57047,63.8
Female,Sumatera Barat,Rental House,Senior High School,Student,Not Married,2000000.0,17,2.875,3.0,2.272727272727273,3.3333333333333335,2.111111111111111,400529,1.77,9358.0,2.4,198642,1398.91,5914.3,57047,63.8
Female,Sumatera Barat,Rental House,Senior High School,Student,Not Married,2000000.0,22,2.8125,2.4444444444444446,3.1818181818181817,2.6666666666666665,2.5555555555555554,400529,1.77,9358.0,2.4,198642,1398.91,5914.3,57047,63.8
Female,DI Yogyakarta,Family House,Senior High School,Student,Not Married,2000000.0,23,2.6875,2.7777777777777777,2.5454545454545454,2.6666666666666665,2.4444444444444446,394247,7.26,8228.0,3.31,240062,1207.31,3781.5,51473,84.1
Male,DI Yogyakarta,Rental House,Senior High School,Student,Not Married,2000000.0,19,2.75,2.6666666666666665,3.0,2.6666666666666665,2.5555555555555554,394247,7.26,8228.0,3.31,240062,1207.31,3781.5,51473,84.1
Male,Jawa Tengah,Family House,Diploma I/II/III,Student,Not Married,2000000.0,20,2.75,2.5555555555555554,3.090909090909091,2.6666666666666665,2.888888888888889,2637739,29.46,59501.0,2.77,1553694,6962.05,38233.9,47972,60.8
Female,Sumatera Barat,Parents House,Postgraduate,Student,Not Married,2000000.0,25,3.0625,3.111111111111111,2.8181818181818183,2.6666666666666665,2.111111111111111,400529,1.77,9358.0,2.4,198642,1398.91,5914.3,57047,63.8
Female,Sumatera Barat,Boarding House,Senior High School,Others,Not Married,2000000.0,22,2.875,2.3333333333333335,3.1818181818181817,3.3333333333333335,2.5555555555555554,400529,1.77,9358.0,2.4,198642,1398.91,5914.3,57047,63.8
Female,DI Yogyakarta,Parents House,Bachelor (S1)/Diploma IV,Student,Not Married,2000000.0,19,2.9375,2.7777777777777777,3.0,2.6666666666666665,2.3333333333333335,394247,7.26,8228.0,3.31,240062,1207.31,3781.5,51473,84.1
Female,Sumatera Barat,Rental House,Senior High School,Student,Not Married,2000000.0,21,2.5,2.7777777777777777,2.727272727272727,2.6666666666666665,2.3333333333333335,400529,1.77,9358.0,2.4,198642,1398.91,5914.3,57047,63.8
Female,DI Yogyakarta,Parents House,Senior High School,Student,Not Married,2000000.0,23,2.6875,2.5555555555555554,2.6363636363636362,3.0,2.3333333333333335,394247,7.26,8228.0,3.31,240062,1207.31,3781.5,51473,84.1
Male,Jawa Timur,Rental House,Diploma I/II/III,Private Employee,Not Married,2000000.0,23,2.8125,2.7777777777777777,2.909090909090909,3.3333333333333335,2.5555555555555554,3048079,132.94,44643.0,3.29,1895275,10417.68,42089.3,75770,66.7
Female,Sumatera Barat,Parents House,Diploma I/II/III,Student,Not Married,2000000.0,21,2.375,2.5555555555555554,3.090909090909091,2.6666666666666665,2.3333333333333335,400529,1.77,9358.0,2.4,198642,1398.91,5914.3,57047,63.8
Female,Sumatera Barat,Dormitory,Senior High School,Student,Not Married,2000000.0,22,3.0625,3.0,2.8181818181818183,3.0,2.3333333333333335,400529,1.77,9358.0,2.4,198642,1398.91,5914.3,57047,63.8
Female,Sumatera Barat,Rental House,Bachelor (S1)/Diploma IV,Student,Not Married,2000000.0,21,2.625,2.6666666666666665,3.090909090909091,2.3333333333333335,2.111111111111111,400529,1.77,9358.0,2.4,198642,1398.91,5914.3,57047,63.8
Female,Sumatera Barat,Rental House,Senior High School,Student,Not Married,2000000.0,21,2.5625,2.6666666666666665,2.272727272727273,2.6666666666666665,2.5555555555555554,400529,1.77,9358.0,2.4,198642,1398.91,5914.3,57047,63.8
Female,Jawa Tengah,Parents House,Bachelor (S1)/Diploma IV,Others,Not Married,2000000.0,24,2.875,2.3333333333333335,2.5454545454545454,2.6666666666666665,2.4444444444444446,2637739,29.46,59501.0,2.77,1553694,6962.05,38233.9,47972,60.8
Male,Sumatera Barat,Parents House,Senior High School,Student,Not Married,2000000.0,21,2.6875,2.3333333333333335,2.4545454545454546,3.0,2.111111111111111,400529,1.77,9358.0,2.4,198642,1398.91,5914.3,57047,63.8
Male,Sumatera Barat,Parents House,Diploma I/II/III,Student,Not Married,2000000.0,24,2.75,2.7777777777777777,3.1818181818181817,3.0,2.5555555555555554,400529,1.77,9358.0,2.4,198642,1398.91,5914.3,57047,63.8
Female,Sumatera Barat,Rental House,Senior High School,Student,Not Married,2000000.0,26,2.9375,3.111111111111111,2.909090909090909,3.0,2.6666666666666665,400529,1.77,9358.0,2.4,198642,1398.91,5914.3,57047,63.8
Female,DKI Jakarta,Parents House,Bachelor (S1)/Diploma IV,Student,Not Married,2000000.0,21,2.875,2.7777777777777777,2.909090909090909,2.6666666666666665,2.7777777777777777,2708907,20964.0,9272715.0,3.56,2324200,12838.89,10678.0,344350,100.0
Female,Riau,Parents House,Diploma I/II/III,Student,Not Married,2000000.0,16,3.0,2.888888888888889,3.1818181818181817,3.3333333333333335,2.4444444444444446,542854,4.45,4273.0,1.66,282437,1565.78,2213.5,165350,41.8
Female,DKI Jakarta,Parents House,Bachelor (S1)/Diploma IV,Student,Not Married,2000000.0,25,2.6875,3.111111111111111,3.0,2.0,2.3333333333333335,2708907,20964.0,9272715.0,3.56,2324200,12838.89,10678.0,344350,100.0
Male,DKI Jakarta,Family House,Senior High School,Student,Not Married,2000000.0,19,2.8125,2.888888888888889,2.4545454545454546,3.3333333333333335,2.5555555555555554,2708907,20964.0,9272715.0,3.56,2324200,12838.89,10678.0,344350,100.0
Female,Sumatera Barat,Parents House,Senior High School,Student,Not Married,2000000.0,23,2.9375,2.5555555555555554,2.8181818181818183,2.6666666666666665,2.4444444444444446,400529,1.77,9358.0,2.4,198642,1398.91,5914.3,57047,63.8
Female,Riau,Parents House,Senior High School,Student,Not Married,2000000.0,20,3.0625,2.7777777777777777,2.8181818181818183,2.0,2.3333333333333335,542854,4.45,4273.0,1.66,282437,1565.78,2213.5,165350,41.8
Male,Jawa Barat,Rental House,Senior High School,Student,Not Married,2000000.0,22,3.0,3.111111111111111,2.909090909090909,3.0,2.111111111111111,6818787,251.24,143127.0,3.41,4705372,20751.93,50759.0,56080,89.3
Female,Jawa Barat,Rental House,Diploma I/II/III,Civil Servant/BUMN,Not Married,2000000.0,19,2.5625,2.4444444444444446,2.5454545454545454,3.0,2.5555555555555554,6818787,251.24,143127.0,3.41,4705372,20751.93,50759.0,56080,89.3
Male,Sumatera Barat,Rental House,Senior High School,Student,Not Married,2000000.0,25,3.25,2.5555555555555554,2.6363636363636362,2.6666666666666665,2.5555555555555554,400529,1.77,9358.0,2.4,198642,1398.91,5914.3,57047,63.8
Female,Sumatera Barat,Parents House,Senior High School,Student,Not Married,2000000.0,22,2.4375,2.4444444444444446,3.1818181818181817,1.6666666666666667,2.3333333333333335,400529,1.77,9358.0,2.4,198642,1398.91,5914.3,57047,63.8
Female,DI Yogyakarta,Parents House,Bachelor (S1)/Diploma IV,Student,Not Married,2000000.0,22,2.5,2.7777777777777777,2.8181818181818183,3.3333333333333335,2.3333333333333335,394247,7.26,8228.0,3.31,240062,1207.31,3781.5,51473,84.1
Female,Sumatera Barat,Parents House,Diploma I/II/III,Student,Not Married,2000000.0,22,2.625,2.111111111111111,2.6363636363636362,3.0,2.2222222222222223,400529,1.77,9358.0,2.4,198642,1398.91,5914.3,57047,63.8
Female,DI Yogyakarta,Parents House,Senior High School,Student,Not Married,2000000.0,23,2.75,2.5555555555555554,2.5454545454545454,2.3333333333333335,1.8888888888888888,394247,7.26,8228.0,3.31,240062,1207.31,3781.5,51473,84.1
Male,Sumatera Barat,Parents House,Senior High School,Student,Not Married,2000000.0,24,3.0625,2.3333333333333335,3.090909090909091,2.6666666666666665,2.6666666666666665,400529,1.77,9358.0,2.4,198642,1398.91,5914.3,57047,63.8
Female,Sumatera Barat,Parents House,Bachelor (S1)/Diploma IV,Student,Not Married,2000000.0,23,2.75,2.6666666666666665,2.6363636363636362,2.3333333333333335,2.2222222222222223,400529,1.77,9358.0,2.4,198642,1398.91,5914.3,57047,63.8
Female,DKI Jakarta,Rental House,Senior High School,Student,Not Married,2000000.0,21,2.8125,2.888888888888889,2.3636363636363638,3.0,1.8888888888888888,2708907,20964.0,9272715.0,3.56,2324200,12838.89,10678.0,344350,100.0
Male,DKI Jakarta,Parents House,Senior High School,Private Employee,Not Married,2000000.0,21,2.3125,2.888888888888889,2.8181818181818183,2.3333333333333335,2.3333333333333335,2708907,20964.0,9272715.0,3.56,2324200,12838.89,10678.0,344350,100.0
Female,Sumatera Barat,Boarding House,Senior High School,Student,Not Married,2000000.0,23,2.75,2.7777777777777777,2.909090909090909,3.3333333333333335,3.3333333333333335,400529,1.77,9358.0,2.4,198642,1398.91,5914.3,57047,63.8
Male,Sumatera Barat,Family House,Bachelor (S1)/Diploma IV,Entrepreneur,Not Married,2000000.0,22,2.9375,3.111111111111111,3.0,2.3333333333333335,2.4444444444444446,400529,1.77,9358.0,2.4,198642,1398.91,5914.3,57047,63.8
Male,DKI Jakarta,Parents House,Senior High School,Student,Not Married,2000000.0,22,2.6875,2.6666666666666665,2.727272727272727,3.0,2.0,2708907,20964.0,9272715.0,3.56,2324200,12838.89,10678.0,344350,100.0
Female,Sumatera Utara,Rental House,Senior High School,Student,Not Married,2000000.0,20,2.5,3.111111111111111,3.0,2.3333333333333335,2.111111111111111,1036941,26.54,26205.0,1.55,650944,3078.85,15785.8,73575,68.1
Female,Sumatera Barat,Rental House,Senior High School,Student,Not Married,2000000.0,21,2.375,2.888888888888889,2.727272727272727,3.0,2.0,400529,1.77,9358.0,2.4,198642,1398.91,5914.3,57047,63.8
Male,Sumatera Barat,Parents House,Senior High School,Student,Not Married,2000000.0,20,2.875,2.7777777777777777,3.090909090909091,2.6666666666666665,2.6666666666666665,400529,1.77,9358.0,2.4,198642,1398.91,5914.3,57047,63.8
Female,Sumatera Barat,Rental House,Bachelor (S1)/Diploma IV,Student,Not Married,2000000.0,21,3.1875,2.5555555555555554,3.0,3.0,2.2222222222222223,400529,1.77,9358.0,2.4,198642,1398.91,5914.3,57047,63.8
Female,DKI Jakarta,Parents House,Bachelor (S1)/Diploma IV,Student,Not Married,2000000.0,24,3.0625,2.888888888888889,2.4545454545454546,3.0,2.7777777777777777,2708907,20964.0,9272715.0,3.56,2324200,12838.89,10678.0,344350,100.0
Female,Sumatera Utara,Dormitory,Senior High School,Student,Not Married,2000000.0,24,2.875,2.888888888888889,2.3636363636363638,3.0,2.0,1036941,26.54,26205.0,1.55,650944,3078.85,15785.8,73575,68.1
Male,Jawa Tengah,Family House,Bachelor (S1)/Diploma IV,Student,Not Married,2000000.0,24,2.8125,2.7777777777777777,3.090909090909091,2.3333333333333335,2.5555555555555554,2637739,29.46,59501.0,2.77,1553694,6962.05,38233.9,47972,60.8
Male,Sumatera Barat,Rental House,Diploma I/II/III,Student,Not Married,2000000.0,19,2.4375,2.6666666666666665,2.5454545454545454,2.3333333333333335,2.5555555555555554,400529,1.77,9358.0,2.4,198642,1398.91,5914.3,57047,63.8
Female,Sumatera Barat,Own House,Senior High School,Student,Not Married,2000000.0,24,2.625,2.3333333333333335,3.090909090909091,2.6666666666666665,2.5555555555555554,400529,1.77,9358.0,2.4,198642,1398.91,5914.3,57047,63.8
Female,Riau,Dormitory,Senior High School,Student,Not Married,2000000.0,25,3.0,2.3333333333333335,2.909090909090909,2.6666666666666665,2.0,542854,4.45,4273.0,1.66,282437,1565.78,2213.5,165350,41.8
Female,DKI Jakarta,Parents House,Diploma I/II/III,Student,Not Married,2000000.0,26,3.0625,2.888888888888889,3.0,2.6666666666666665,2.4444444444444446,2708907,20964.0,9272715.0,3.56,2324200,12838.89,10678.0,344350,100.0
Female,Jawa Tengah,Rental House,Senior High School,Student,Not Married,2000000.0,19,2.5,2.2222222222222223,3.090909090909091,3.3333333333333335,2.3333333333333335,2637739,29.46,59501.0,2.77,1553694,6962.05,38233.9,47972,60.8
Male,Sumatera Barat,Parents House,Senior High School,Student,Not Married,2000000.0,20,2.5,3.0,2.727272727272727,2.6666666666666665,2.4444444444444446,400529,1.77,9358.0,2.4,198642,1398.91,5914.3,57047,63.8
Female,Sumatera Barat,Boarding House,Bachelor (S1)/Diploma IV,Student,Not Married,2000000.0,23,2.75,2.7777777777777777,2.909090909090909,3.6666666666666665,2.111111111111111,400529,1.77,9358.0,2.4,198642,1398.91,5914.3,57047,63.8
Male,Jawa Tengah,Parents House,Bachelor (S1)/Diploma IV,Student,Not Married,2000000.0,21,2.75,2.888888888888889,3.0,3.0,2.6666666666666665,2637739,29.46,59501.0,2.77,1553694,6962.05,38233.9,47972,60.8
Male,Jawa Barat,Rental House,Senior High School,Student,Not Married,2000000.0,16,2.875,2.4444444444444446,2.727272727272727,3.0,2.3333333333333335,6818787,251.24,143127.0,3.41,4705372,20751.93,50759.0,56080,89.3
Male,Sumatera Barat,Boarding House,Bachelor (S1)/Diploma IV,Private Employee,Not Married,2000000.0,23,2.625,2.7777777777777777,2.909090909090909,3.0,2.3333333333333335,400529,1.77,9358.0,2.4,198642,1398.91,5914.3,57047,63.8
Female,Sumatera Utara,Family House,Senior High School,Student,Not Married,2000000.0,17,2.5625,2.5555555555555554,2.727272727272727,3.0,3.2222222222222223,1036941,26.54,26205.0,1.55,650944,3078.85,15785.8,73575,68.1
Female,Sumatera Barat,Parents House,Senior High School,Student,Not Married,2000000.0,24,2.8125,2.6666666666666665,2.727272727272727,2.3333333333333335,2.6666666666666665,400529,1.77,9358.0,2.4,198642,1398.91,5914.3,57047,63.8
Male,Sumatera Barat,Parents House,Senior High School,Student,Not Married,2000000.0,23,2.6875,3.0,2.4545454545454546,3.3333333333333335,2.5555555555555554,400529,1.77,9358.0,2.4,198642,1398.91,5914.3,57047,63.8
Female,Sumatera Barat,Parents House,Senior High School,Civil Servant/BUMN,Not Married,2000000.0,21,2.625,2.3333333333333335,3.090909090909091,2.0,2.4444444444444446,400529,1.77,9358.0,2.4,198642,1398.91,5914.3,57047,63.8
Female,DKI Jakarta,Parents House,Senior High School,Student,Not Married,2000000.0,22,2.875,2.2222222222222223,2.8181818181818183,2.3333333333333335,2.111111111111111,2708907,20964.0,9272715.0,3.56,2324200,12838.89,10678.0,344350,100.0
Female,Sumatera Barat,Family House,Senior High School,Student,Not Married,2000000.0,23,2.9375,2.3333333333333335,2.3636363636363638,2.6666666666666665,2.4444444444444446,400529,1.77,9358.0,2.4,198642,1398.91,5914.3,57047,63.8
Female,Sumatera Barat,Parents House,Diploma I/II/III,Student,Not Married,2000000.0,20,2.5,2.888888888888889,2.5454545454545454,3.0,2.4444444444444446,400529,1.77,9358.0,2.4,198642,1398.91,5914.3,57047,63.8
Female,Sumatera Barat,Parents House,Diploma I/II/III,Private Employee,Not Married,2000000.0,22,2.625,2.4444444444444446,2.8181818181818183,2.0,2.888888888888889,400529,1.77,9358.0,2.4,198642,1398.91,5914.3,57047,63.8
Male,DKI Jakarta,Parents House,Bachelor (S1)/Diploma IV,Student,Not Married,2000000.0,23,2.375,3.0,2.727272727272727,2.6666666666666665,2.3333333333333335,2708907,20964.0,9272715.0,3.56,2324200,12838.89,10678.0,344350,100.0
Female,Riau,Rental House,Diploma I/II/III,Student,Not Married,2000000.0,20,2.8125,3.0,2.727272727272727,2.6666666666666665,2.3333333333333335,542854,4.45,4273.0,1.66,282437,1565.78,2213.5,165350,41.8
Female,Sumatera Barat,Parents House,Senior High School,Student,Not Married,2000000.0,22,2.4375,2.888888888888889,3.0,2.3333333333333335,2.5555555555555554,400529,1.77,9358.0,2.4,198642,1398.91,5914.3,57047,63.8
Female,Sumatera Utara,Rental House,Senior High School,Student,Not Married,2000000.0,20,2.8125,2.7777777777777777,2.4545454545454546,2.3333333333333335,2.2222222222222223,1036941,26.54,26205.0,1.55,650944,3078.85,15785.8,73575,68.1
Female,Sumatera Barat,Parents House,Bachelor (S1)/Diploma IV,Student,Not Married,2000000.0,23,2.875,2.7777777777777777,2.3636363636363638,3.6666666666666665,2.6666666666666665,400529,1.77,9358.0,2.4,198642,1398.91,5914.3,57047,63.8
Female,Jawa Timur,Family House,Senior High School,Student,Not Married,2000000.0,23,2.4375,2.888888888888889,3.1818181818181817,2.6666666666666665,2.4444444444444446,3048079,132.94,44643.0,3.29,1895275,10417.68,42089.3,75770,66.7
Male,Sumatera Utara,Rental House,Senior High School,Student,Not Married,2000000.0,22,3.0625,3.0,2.909090909090909,2.3333333333333335,2.5555555555555554,1036941,26.54,26205.0,1.55,650944,3078.85,15785.8,73575,68.1
Female,DKI Jakarta,Rental House,Bachelor (S1)/Diploma IV,Student,Not Married,2000000.0,18,3.125,2.5555555555555554,2.4545454545454546,3.3333333333333335,2.0,2708907,20964.0,9272715.0,3.56,2324200,12838.89,10678.0,344350,100.0
Female,Jawa Tengah,Rental House,Senior High School,Student,Not Married,2000000.0,21,2.6875,2.5555555555555554,2.8181818181818183,1.6666666666666667,2.5555555555555554,2637739,29.46,59501.0,2.77,1553694,6962.05,38233.9,47972,60.8
Male,Jawa Tengah,Family House,Bachelor (S1)/Diploma IV,Student,Not Married,2000000.0,20,2.875,2.7777777777777777,2.909090909090909,1.6666666666666667,2.3333333333333335,2637739,29.46,59501.0,2.77,1553694,6962.05,38233.9,47972,60.8
Female,DKI Jakarta,Family House,Diploma I/II/III,Student,Not Married,2000000.0,22,2.625,3.111111111111111,2.5454545454545454,2.6666666666666665,2.4444444444444446,2708907,20964.0,9272715.0,3.56,2324200,12838.89,10678.0,344350,100.0
Male,Sumatera Barat,Parents House,Diploma I/II/III,Student,Not Married,2000000.0,24,3.25,3.111111111111111,3.0,3.6666666666666665,2.4444444444444446,400529,1.77,9358.0,2.4,198642,1398.91,5914.3,57047,63.8
Female,Sumatera Barat,Rental House,Bachelor (S1)/Diploma IV,Student,Not Married,2000000.0,21,2.6875,3.111111111111111,2.8181818181818183,3.3333333333333335,2.3333333333333335,400529,1.77,9358.0,2.4,198642,1398.91,5914.3,57047,63.8
Female,Sumatera Utara,Parents House,Senior High School,Student,Not Married,2000000.0,19,2.75,3.2222222222222223,2.3636363636363638,2.3333333333333335,2.4444444444444446,1036941,26.54,26205.0,1.55,650944,3078.85,15785.8,73575,68.1
Female,Sumatera Barat,Parents House,Senior High School,Student,Not Married,2000000.0,22,2.1875,2.5555555555555554,2.8181818181818183,2.0,2.6666666666666665,400529,1.77,9358.0,2.4,198642,1398.91,5914.3,57047,63.8
Male,DKI Jakarta,Rental House,Bachelor (S1)/Diploma IV,Student,Not Married,2000000.0,24,3.0625,2.7777777777777777,2.909090909090909,2.3333333333333335,2.2222222222222223,2708907,20964.0,9272715.0,3.56,2324200,12838.89,10678.0,344350,100.0
Female,Sumatera Barat,Rental House,Senior High School,Student,Not Married,2000000.0,21,2.8125,3.111111111111111,2.8181818181818183,2.3333333333333335,2.3333333333333335,400529,1.77,9358.0,2.4,198642,1398.91,5914.3,57047,63.8
Female,Jawa Tengah,Rental House,Diploma I/II/III,Private Employee,Not Married,2000000.0,23,2.9375,2.3333333333333335,2.3636363636363638,2.6666666666666665,2.7777777777777777,2637739,29.46,59501.0,2.77,1553694,6962.05,38233.9,47972,60.8
Male,Jawa Tengah,Family House,Bachelor (S1)/Diploma IV,Student,Not Married,2000000.0,22,2.9375,3.2222222222222223,2.4545454545454546,3.0,2.4444444444444446,2637739,29.46,59501.0,2.77,1553694,6962.05,38233.9,47972,60.8
Female,Jawa Tengah,Parents House,Senior High School,Not Working,Not Married,2000000.0,22,2.3125,2.7777777777777777,2.3636363636363638,3.0,2.7777777777777777,2637739,29.46,59501.0,2.77,1553694,6962.05,38233.9,47972,60.8
Male,Jawa Tengah,Parents House,Bachelor (S1)/Diploma IV,Others,Not Married,2000000.0,23,2.875,2.6666666666666665,3.0,3.3333333333333335,2.4444444444444446,2637739,29.46,59501.0,2.77,1553694,6962.05,38233.9,47972,60.8
Female,Sumatera Barat,Rental House,Diploma I/II/III,Student,Not Married,2000000.0,22,2.5625,3.0,2.5454545454545454,2.3333333333333335,2.111111111111111,400529,1.77,9358.0,2.4,198642,1398.91,5914.3,57047,63.8
Male,Jawa Tengah,Rental House,Senior High School,Not Working,Not Married,2000000.0,28,2.6875,2.4444444444444446,3.0,1.6666666666666667,2.5555555555555554,2637739,29.46,59501.0,2.77,1553694,6962.05,38233.9,47972,60.8
Female,Riau,Parents House,Bachelor (S1)/Diploma IV,Student,Not Married,2000000.0,17,2.625,2.2222222222222223,2.3636363636363638,3.0,2.6666666666666665,542854,4.45,4273.0,1.66,282437,1565.78,2213.5,165350,41.8
Female,Sumatera Barat,Parents House,Diploma I/II/III,Student,Not Married,2000000.0,20,2.875,2.7777777777777777,3.0,2.3333333333333335,2.6666666666666665,400529,1.77,9358.0,2.4,198642,1398.91,5914.3,57047,63.8
Female,Sumatera Barat,Boarding House,Senior High School,Student,Not Married,2000000.0,25,2.75,3.111111111111111,2.4545454545454546,2.6666666666666665,2.6666666666666665,400529,1.77,9358.0,2.4,198642,1398.91,5914.3,57047,63.8
Female,Aceh,Family House,Senior High School,Student,Not Married,2000000.0,23,2.8125,2.888888888888889,3.1818181818181817,2.3333333333333335,2.5555555555555554,102897,1.63,615.0,0.82,70593,196.9,5626.0,43782,43.2
Female,Sumatera Selatan,Rental House,Diploma I/II/III,Civil Servant/BUMN,Not Married,2000000.0,21,2.8125,2.6666666666666665,2.727272727272727,1.6666666666666667,2.6666666666666665,577990,8.6,4120.0,2.66,334613,1728.24,8928.5,75132,40.1
Female,Sumatera Utara,Own House,Senior High School,Student,Not Married,2000000.0,21,2.5625,3.2222222222222223,2.5454545454545454,3.3333333333333335,2.3333333333333335,1036941,26.54,26205.0,1.55,650944,3078.85,15785.8,73575,68.1
Female,Kalimantan Selatan,Parents House,Senior High School,Student,Not Married,2000000.0,23,2.4375,2.7777777777777777,2.8181818181818183,2.6666666666666665,2.2222222222222223,336953,2.29,2214.0,2.0,190913,958.78,4323.3,67117,59.8
Female,Sumatera Utara,Rental House,Senior High School,Private Employee,Not Married,2000000.0,25,2.875,3.3333333333333335,2.5454545454545454,2.0,2.4444444444444446,1036941,26.54,26205.0,1.55,650944,3078.85,15785.8,73575,68.1
Male,DKI Jakarta,Rental House,Senior High School,Student,Not Married,2000000.0,18,2.75,2.888888888888889,2.6363636363636362,3.0,2.4444444444444446,2708907,20964.0,9272715.0,3.56,2324200,12838.89,10678.0,344350,100.0
Female,Sumatera Barat,Boarding House,Senior High School,Student,Not Married,2000000.0,25,2.375,2.4444444444444446,2.4545454545454546,2.6666666666666665,2.111111111111111,400529,1.77,9358.0,2.4,198642,1398.91,5914.3,57047,63.8
Female,Sumatera Barat,Parents House,Bachelor (S1)/Diploma IV,Student,Not Married,2000000.0,24,3.125,2.4444444444444446,2.4545454545454546,2.0,2.2222222222222223,400529,1.77,9358.0,2.4,198642,1398.91,5914.3,57047,63.8
Male,Sumatera Utara,Parents House,Bachelor (S1)/Diploma IV,Others,Not Married,2000000.0,21,3.0625,2.5555555555555554,2.4545454545454546,3.0,2.888888888888889,1036941,26.54,26205.0,1.55,650944,3078.85,15785.8,73575,68.1
Male,Sumatera Barat,Family House,Senior High School,Student,Not Married,2000000.0,22,2.875,2.5555555555555554,3.0,3.0,2.6666666666666665,400529,1.77,9358.0,2.4,198642,1398.91,5914.3,57047,63.8
Female,Sumatera Barat,Rental House,Senior High School,Student,Not Married,2000000.0,23,2.5625,2.6666666666666665,3.0,2.6666666666666665,2.4444444444444446,400529,1.77,9358.0,2.4,198642,1398.91,5914.3,57047,63.8
Female,Jawa Tengah,Rental House,Senior High School,Civil Servant/BUMN,Not Married,2000000.0,19,2.8125,3.111111111111111,2.8181818181818183,3.0,2.3333333333333335,2637739,29.46,59501.0,2.77,1553694,6962.05,38233.9,47972,60.8
Female,Sumatera Barat,Parents House,Senior High School,Student,Not Married,2000000.0,23,2.625,2.888888888888889,2.4545454545454546,2.3333333333333335,2.4444444444444446,400529,1.77,9358.0,2.4,198642,1398.91,5914.3,57047,63.8
Female,Sumatera Barat,Parents House,Senior High School,Student,Not Married,2000000.0,20,3.375,2.7777777777777777,2.6363636363636362,2.6666666666666665,2.111111111111111,400529,1.77,9358.0,2.4,198642,1398.91,5914.3,57047,63.8
Female,Sumatera Barat,Rental House,Senior High School,Student,Not Married,2000000.0,25,2.875,2.5555555555555554,2.8181818181818183,3.3333333333333335,2.4444444444444446,400529,1.77,9358.0,2.4,198642,1398.91,5914.3,57047,63.8
Female,Sumatera Utara,Parents House,Senior High School,Student,Not Married,2000000.0,22,2.5625,3.2222222222222223,2.909090909090909,3.0,2.6666666666666665,1036941,26.54,26205.0,1.55,650944,3078.85,15785.8,73575,68.1
Male,Sumatera Barat,Parents House,Diploma I/II/III,Student,Not Married,2000000.0,22,2.6875,1.6666666666666667,3.272727272727273,2.6666666666666665,2.7777777777777777,400529,1.77,9358.0,2.4,198642,1398.91,5914.3,57047,63.8
Female,DI Yogyakarta,Parents House,Senior High School,Student,Not Married,2000000.0,22,2.625,2.5555555555555554,2.909090909090909,2.3333333333333335,2.6666666666666665,394247,7.26,8228.0,3.31,240062,1207.31,3781.5,51473,84.1
Female,Sumatera Utara,Family House,Diploma I/II/III,Student,Not Married,2000000.0,20,2.5625,3.111111111111111,2.6363636363636362,3.0,2.5555555555555554,1036941,26.54,26205.0,1.55,650944,3078.85,15785.8,73575,68.1
Female,Riau,Rental House,Bachelor (S1)/Diploma IV,Student,Not Married,2000000.0,28,2.75,2.2222222222222223,2.4545454545454546,3.3333333333333335,2.4444444444444446,542854,4.45,4273.0,1.66,282437,1565.78,2213.5,165350,41.8
Female,DI Yogyakarta,Rental House,Senior High School,Private Employee,Not Married,2000000.0,19,2.5,2.6666666666666665,2.727272727272727,3.0,2.5555555555555554,394247,7.26,8228.0,3.31,240062,1207.31,3781.5,51473,84.1
Female,DI Yogyakarta,Rental House,Senior High School,Private Employee,Not Married,2000000.0,19,3.25,2.5555555555555554,2.6363636363636362,2.3333333333333335,2.3333333333333335,394247,7.26,8228.0,3.31,240062,1207.31,3781.5,51473,84.1
Female,Sumatera Barat,Parents House,Senior High School,Student,Not Married,2000000.0,24,2.5625,3.111111111111111,2.8181818181818183,2.3333333333333335,2.4444444444444446,400529,1.77,9358.0,2.4,198642,1398.91,5914.3,57047,63.8
Male,Sumatera Utara,Boarding House,Senior High School,Student,Not Married,2000000.0,24,2.75,3.0,3.090909090909091,3.0,2.3333333333333335,1036941,26.54,26205.0,1.55,650944,3078.85,15785.8,73575,68.1
Male,DI Yogyakarta,Own House,Senior High School,Private Employee,Not Married,2000000.0,19,2.8125,2.6666666666666665,2.8181818181818183,2.6666666666666665,2.0,394247,7.26,8228.0,3.31,240062,1207.31,3781.5,51473,84.1
Female,Sumatera Barat,Rental House,Senior High School,Student,Not Married,2000000.0,20,3.0625,2.6666666666666665,2.8181818181818183,2.6666666666666665,2.3333333333333335,400529,1.77,9358.0,2.4,198642,1398.91,5914.3,57047,63.8
Female,Riau,Rental House,Senior High School,Student,Not Married,2000000.0,21,3.25,3.111111111111111,3.0,3.0,2.5555555555555554,542854,4.45,4273.0,1.66,282437,1565.78,2213.5,165350,41.8
Female,Banten,Parents House,Senior High School,Student,Not Married,2000000.0,20,2.4375,2.7777777777777777,2.909090909090909,2.3333333333333335,2.6666666666666665,1742274,601.94,83677.0,2.73,1244263,6226.21,12537.4,70276,84.9
Female,DKI Jakarta,Rental House,Bachelor (S1)/Diploma IV,Student,Not Married,2000000.0,22,2.3125,2.888888888888889,3.090909090909091,3.0,2.3333333333333335,2708907,20964.0,9272715.0,3.56,2324200,12838.89,10678.0,344350,100.0
Male,Jawa Tengah,Rental House,Bachelor (S1)/Diploma IV,Student,Not Married,2000000.0,26,1.9375,3.2222222222222223,2.727272727272727,2.0,2.0,2637739,29.46,59501.0,2.77,1553694,6962.05,38233.9,47972,60.8
Female,Jawa Tengah,Parents House,Bachelor (S1)/Diploma IV,Student,Not Married,2000000.0,22,2.625,2.4444444444444446,2.3636363636363638,2.3333333333333335,2.0,2637739,29.46,59501.0,2.77,1553694,6962.05,38233.9,47972,60.8
Male,Sumatera Barat,Rental House,Diploma I/II/III,Student,Not Married,2000000.0,24,3.0625,2.3333333333333335,2.6363636363636362,2.0,2.3333333333333335,400529,1.77,9358.0,2.4,198642,1398.91,5914.3,57047,63.8
Male,Jawa Tengah,Rental House,Senior High School,Student,Not Married,2000000.0,21,2.75,2.3333333333333335,3.0,1.6666666666666667,1.7777777777777777,2637739,29.46,59501.0,2.77,1553694,6962.05,38233.9,47972,60.8
Female,Sumatera Barat,Parents House,Bachelor (S1)/Diploma IV,Student,Not Married,2000000.0,24,2.75,2.3333333333333335,2.909090909090909,2.6666666666666665,2.6666666666666665,400529,1.77,9358.0,2.4,198642,1398.91,5914.3,57047,63.8
Female,Jawa Tengah,Parents House,Senior High School,Student,Not Married,2000000.0,25,3.25,2.4444444444444446,3.0,3.0,2.4444444444444446,2637739,29.46,59501.0,2.77,1553694,6962.05,38233.9,47972,60.8
Female,Sumatera Barat,Rental House,Bachelor (S1)/Diploma IV,Student,Not Married,2000000.0,26,2.6875,3.2222222222222223,3.090909090909091,2.3333333333333335,2.888888888888889,400529,1.77,9358.0,2.4,198642,1398.91,5914.3,57047,63.8
Female,Sumatera Barat,Rental House,Senior High School,Student,Not Married,2000000.0,23,3.0,3.2222222222222223,2.3636363636363638,3.0,2.4444444444444446,400529,1.77,9358.0,2.4,198642,1398.91,5914.3,57047,63.8
Male,Jawa Tengah,Parents House,Senior High School,Student,Not Married,2000000.0,19,2.8125,2.5555555555555554,3.090909090909091,2.6666666666666665,2.2222222222222223,2637739,29.46,59501.0,2.77,1553694,6962.05,38233.9,47972,60.8
Male,Jawa Tengah,Boarding House,Bachelor (S1)/Diploma IV,Student,Not Married,2000000.0,19,2.375,2.4444444444444446,3.0,2.3333333333333335,2.6666666666666665,2637739,29.46,59501.0,2.77,1553694,6962.05,38233.9,47972,60.8
Female,Sumatera Barat,Rental House,Senior High School,Student,Not Married,2000000.0,25,2.5625,2.888888888888889,2.727272727272727,3.3333333333333335,2.4444444444444446,400529,1.77,9358.0,2.4,198642,1398.91,5914.3,57047,63.8
Male,Sumatera Barat,Parents House,Senior High School,Student,Not Married,2000000.0,20,2.9375,2.6666666666666665,2.727272727272727,3.0,2.6666666666666665,400529,1.77,9358.0,2.4,198642,1398.91,5914.3,57047,63.8
Male,DI Yogyakarta,Family House,Senior High School,Student,Not Married,2000000.0,19,2.9375,2.4444444444444446,3.1818181818181817,2.6666666666666665,2.4444444444444446,394247,7.26,8228.0,3.31,240062,1207.31,3781.5,51473,84.1
Female,DKI Jakarta,Own House,Bachelor (S1)/Diploma IV,Student,Not Married,2000000.0,26,2.4375,2.888888888888889,2.5454545454545454,2.6666666666666665,2.4444444444444446,2708907,20964.0,9272715.0,3.56,2324200,12838.89,10678.0,344350,100.0
Female,Sumatera Utara,Parents House,Diploma I/II/III,Student,Not Married,2000000.0,22,2.9375,3.0,2.727272727272727,2.6666666666666665,2.111111111111111,1036941,26.54,26205.0,1.55,650944,3078.85,15785.8,73575,68.1
Female,Sumatera Utara,Rental House,Senior High School,Student,Not Married,2000000.0,21,2.5,2.7777777777777777,2.727272727272727,3.0,2.3333333333333335,1036941,26.54,26205.0,1.55,650944,3078.85,15785.8,73575,68.1
Female,Sumatera Barat,Rental House,Senior High School,Student,Not Married,2000000.0,24,2.375,2.6666666666666665,2.8181818181818183,2.6666666666666665,2.4444444444444446,400529,1.77,9358.0,2.4,198642,1398.91,5914.3,57047,63.8
Male,Sumatera Utara,Parents House,Senior High School,Student,Not Married,2000000.0,23,2.9375,2.888888888888889,2.727272727272727,3.0,2.6666666666666665,1036941,26.54,26205.0,1.55,650944,3078.85,15785.8,73575,68.1
Female,DKI Jakarta,Parents House,Senior High School,Private Employee,Not Married,2000000.0,23,2.875,2.6666666666666665,2.6363636363636362,3.6666666666666665,2.5555555555555554,2708907,20964.0,9272715.0,3.56,2324200,12838.89,10678.0,344350,100.0
Female,DKI Jakarta,Parents House,Senior High School,Student,Not Married,2000000.0,23,2.875,3.0,3.0,3.0,2.7777777777777777,2708907,20964.0,9272715.0,3.56,2324200,12838.89,10678.0,344350,100.0
Male,Sumatera Barat,Rental House,Diploma I/II/III,Student,Not Married,2000000.0,22,2.375,3.111111111111111,2.3636363636363638,3.3333333333333335,2.888888888888889,400529,1.77,9358.0,2.4,198642,1398.91,5914.3,57047,63.8
Female,Sumatera Barat,Family House,Bachelor (S1)/Diploma IV,Student,Not Married,2000000.0,20,2.875,2.888888888888889,2.1818181818181817,2.6666666666666665,2.4444444444444446,400529,1.77,9358.0,2.4,198642,1398.91,5914.3,57047,63.8
Male,Jawa Tengah,Parents House,Bachelor (S1)/Diploma IV,Student,Not Married,2000000.0,21,2.875,3.0,2.909090909090909,3.3333333333333335,2.6666666666666665,2637739,29.46,59501.0,2.77,1553694,6962.05,38233.9,47972,60.8
Female,Sumatera Barat,Parents House,Postgraduate,Student,Not Married,2000000.0,26,2.25,3.0,2.909090909090909,1.6666666666666667,2.4444444444444446,400529,1.77,9358.0,2.4,198642,1398.91,5914.3,57047,63.8
Female,DKI Jakarta,Own House,Bachelor (S1)/Diploma IV,Student,Not Married,2000000.0,28,2.5625,3.0,3.0,2.6666666666666665,2.3333333333333335,2708907,20964.0,9272715.0,3.56,2324200,12838.89,10678.0,344350,100.0
Female,Sumatera Barat,Parents House,Senior High School,Student,Not Married,2000000.0,21,2.75,2.6666666666666665,3.090909090909091,3.3333333333333335,2.7777777777777777,400529,1.77,9358.0,2.4,198642,1398.91,5914.3,57047,63.8
Female,Sumatera Barat,Rental House,Diploma I/II/III,Student,Not Married,2000000.0,20,2.5,2.2222222222222223,2.8181818181818183,3.6666666666666665,2.5555555555555554,400529,1.77,9358.0,2.4,198642,1398.91,5914.3,57047,63.8
Female,Jawa Timur,Parents House,Senior High School,Student,Not Married,2000000.0,19,2.6875,3.2222222222222223,2.5454545454545454,2.6666666666666665,2.7777777777777777,3048079,132.94,44643.0,3.29,1895275,10417.68,42089.3,75770,66.7
Female,Jawa Tengah,Parents House,Senior High School,Others,Not Married,2000000.0,21,2.4375,2.6666666666666665,2.909090909090909,2.3333333333333335,2.6666666666666665,2637739,29.46,59501.0,2.77,1553694,6962.05,38233.9,47972,60.8
Female,DKI Jakarta,Rental House,Bachelor (S1)/Diploma IV,Student,Not Married,2000000.0,19,2.5625,3.2222222222222223,2.909090909090909,2.6666666666666665,2.4444444444444446,2708907,20964.0,9272715.0,3.56,2324200,12838.89,10678.0,344350,100.0
Male,DKI Jakarta,Parents House,Senior High School,Student,Not Married,2000000.0,22,3.0,2.6666666666666665,3.0,2.6666666666666665,2.2222222222222223,2708907,20964.0,9272715.0,3.56,2324200,12838.89,10678.0,344350,100.0
Female,Sumatera Barat,Rental House,Bachelor (S1)/Diploma IV,Student,Not Married,2000000.0,22,2.875,2.2222222222222223,3.0,3.0,2.888888888888889,400529,1.77,9358.0,2.4,198642,1398.91,5914.3,57047,63.8
Female,Sumatera Barat,Parents House,Senior High School,Student,Not Married,2000000.0,20,3.0,2.7777777777777777,2.6363636363636362,3.6666666666666665,2.111111111111111,400529,1.77,9358.0,2.4,198642,1398.91,5914.3,57047,63.8
Male,Riau,Parents House,Senior High School,Student,Not Married,2000000.0,26,2.9375,2.3333333333333335,2.727272727272727,3.0,3.0,542854,4.45,4273.0,1.66,282437,1565.78,2213.5,165350,41.8
Female,Sumatera Barat,Rental House,Senior High School,Student,Not Married,2000000.0,26,3.3125,2.3333333333333335,2.5454545454545454,2.0,2.2222222222222223,400529,1.77,9358.0,2.4,198642,1398.91,5914.3,57047,63.8
Male,Sumatera Barat,Parents House,Senior High School,Student,Not Married,2000000.0,20,2.8125,2.6666666666666665,2.5454545454545454,2.6666666666666665,2.5555555555555554,400529,1.77,9358.0,2.4,198642,1398.91,5914.3,57047,63.8
Female,Jawa Barat,Parents House,Senior High School,Student,Not Married,2000000.0,24,2.6875,2.5555555555555554,2.727272727272727,3.0,2.2222222222222223,6818787,251.24,143127.0,3.41,4705372,20751.93,50759.0,56080,89.3
Female,Sumatera Barat,Family House,Bachelor (S1)/Diploma IV,Student,Not Married,2000000.0,13,2.4375,2.4444444444444446,2.727272727272727,3.3333333333333335,2.5555555555555554,400529,1.77,9358.0,2.4,198642,1398.91,5914.3,57047,63.8
Male,Sumatera Barat,Parents House,Diploma I/II/III,Student,Not Married,2000000.0,21,3.125,2.5555555555555554,3.0,3.6666666666666665,2.4444444444444446,400529,1.77,9358.0,2.4,198642,1398.91,5914.3,57047,63.8
Female,Sumatera Barat,Parents House,Senior High School,Student,Not Married,2000000.0,21,2.875,2.888888888888889,2.5454545454545454,2.3333333333333335,2.4444444444444446,400529,1.77,9358.0,2.4,198642,1398.91,5914.3,57047,63.8
Male,Sumatera Barat,Parents House,Bachelor (S1)/Diploma IV,Student,Not Married,2000000.0,25,2.75,3.0,2.4545454545454546,2.0,2.7777777777777777,400529,1.77,9358.0,2.4,198642,1398.91,5914.3,57047,63.8
Female,DKI Jakarta,Family House,Senior High School,Not Working,Not Married,2000000.0,20,2.875,2.3333333333333335,2.909090909090909,3.6666666666666665,2.4444444444444446,2708907,20964.0,9272715.0,3.56,2324200,12838.89,10678.0,344350,100.0
Female,Sumatera Utara,Parents House,Diploma I/II/III,Student,Not Married,2000000.0,19,2.625,2.6666666666666665,3.090909090909091,2.6666666666666665,2.6666666666666665,1036941,26.54,26205.0,1.55,650944,3078.85,15785.8,73575,68.1
Female,Riau,Parents House,Bachelor (S1)/Diploma IV,Student,Not Married,2000000.0,21,2.75,3.0,2.727272727272727,3.3333333333333335,2.3333333333333335,542854,4.45,4273.0,1.66,282437,1565.78,2213.5,165350,41.8
Male,Sumatera Utara,Rental House,Bachelor (S1)/Diploma IV,Student,Not Married,2000000.0,21,2.5625,2.6666666666666665,3.272727272727273,2.6666666666666665,2.3333333333333335,1036941,26.54,26205.0,1.55,650944,3078.85,15785.8,73575,68.1
Female,Sumatera Barat,Parents House,Senior High School,Student,Not Married,2000000.0,22,2.5625,2.7777777777777777,3.0,3.3333333333333335,3.111111111111111,400529,1.77,9358.0,2.4,198642,1398.91,5914.3,57047,63.8
Male,Jawa Tengah,Rental House,Senior High School,Student,Not Married,2000000.0,21,2.625,2.6666666666666665,2.4545454545454546,3.6666666666666665,2.6666666666666665,2637739,29.46,59501.0,2.77,1553694,6962.05,38233.9,47972,60.8
Male,Sumatera Utara,Parents House,Diploma I/II/III,Student,Not Married,2000000.0,19,2.8125,2.2222222222222223,3.090909090909091,2.0,2.7777777777777777,1036941,26.54,26205.0,1.55,650944,3078.85,15785.8,73575,68.1
Male,Jawa Tengah,Parents House,Senior High School,Student,Not Married,2000000.0,17,2.3125,2.888888888888889,2.6363636363636362,3.6666666666666665,2.3333333333333335,2637739,29.46,59501.0,2.77,1553694,6962.05,38233.9,47972,60.8
Male,Sumatera Utara,Rental House,Senior High School,Student,Not Married,2000000.0,22,2.75,2.888888888888889,3.090909090909091,2.3333333333333335,3.111111111111111,1036941,26.54,26205.0,1.55,650944,3078.85,15785.8,73575,68.1
Male,Sumatera Barat,Rental House,Bachelor (S1)/Diploma IV,Student,Not Married,2000000.0,23,3.1875,2.6666666666666665,3.272727272727273,2.6666666666666665,2.5555555555555554,400529,1.77,9358.0,2.4,198642,1398.91,5914.3,57047,63.8
Male,Jawa Barat,Parents House,Diploma I/II/III,Student,Not Married,2000000.0,20,2.6875,2.888888888888889,3.0,2.6666666666666665,2.4444444444444446,6818787,251.24,143127.0,3.41,4705372,20751.93,50759.0,56080,89.3
Female,Jawa Barat,Parents House,Bachelor (S1)/Diploma IV,Others,Not Married,2000000.0,20,2.875,2.6666666666666665,2.6363636363636362,2.6666666666666665,2.3333333333333335,6818787,251.24,143127.0,3.41,4705372,20751.93,50759.0,56080,89.3
Male,DKI Jakarta,Parents House,Senior High School,Others,Not Married,2000000.0,19,2.8125,2.888888888888889,2.6363636363636362,3.0,2.111111111111111,2708907,20964.0,9272715.0,3.56,2324200,12838.89,10678.0,344350,100.0
Male,Jawa Barat,Own House,Senior High School,Entrepreneur,Not Married,2000000.0,26,2.875,2.888888888888889,3.090909090909091,3.3333333333333335,2.7777777777777777,6818787,251.24,143127.0,3.41,4705372,20751.93,50759.0,56080,89.3
Female,DKI Jakarta,Rental House,Senior High School,Private Employee,Not Married,2000000.0,26,2.75,2.6666666666666665,3.272727272727273,1.6666666666666667,2.2222222222222223,2708907,20964.0,9272715.0,3.56,2324200,12838.89,10678.0,344350,100.0
Female,DKI Jakarta,Parents House,Senior High School,Student,Not Married,2000000.0,18,2.8125,2.888888888888889,3.0,3.0,2.3333333333333335,2708907,20964.0,9272715.0,3.56,2324200,12838.89,10678.0,344350,100.0
Female,Sumatera Barat,Parents House,Senior High School,Student,Not Married,2000000.0,16,2.875,3.111111111111111,2.8181818181818183,3.3333333333333335,2.4444444444444446,400529,1.77,9358.0,2.4,198642,1398.91,5914.3,57047,63.8
Female,DKI Jakarta,Parents House,Bachelor (S1)/Diploma IV,Student,Not Married,2000000.0,26,2.875,3.0,3.0,3.3333333333333335,2.3333333333333335,2708907,20964.0,9272715.0,3.56,2324200,12838.89,10678.0,344350,100.0
Female,Sumatera Barat,Rental House,Bachelor (S1)/Diploma IV,Student,Not Married,2000000.0,17,2.9375,3.111111111111111,2.6363636363636362,2.6666666666666665,2.4444444444444446,400529,1.77,9358.0,2.4,198642,1398.91,5914.3,57047,63.8
Male,Lampung,Rental House,Senior High School,Student,Not Married,2000000.0,26,2.625,3.111111111111111,2.909090909090909,3.0,1.7777777777777777,530899,5.15,4033.0,2.81,284856,1455.8,9522.9,51370,42.4
Female,Sumatera Barat,Rental House,Senior High School,Student,Not Married,2000000.0,25,2.8125,2.888888888888889,2.5454545454545454,2.6666666666666665,1.8888888888888888,400529,1.77,9358.0,2.4,198642,1398.91,5914.3,57047,63.8
Female,DI Yogyakarta,Parents House,Bachelor (S1)/Diploma IV,Student,Not Married,2000000.0,18,2.5,2.0,2.6363636363636362,1.6666666666666667,2.6666666666666665,394247,7.26,8228.0,3.31,240062,1207.31,3781.5,51473,84.1
Female,Jawa Barat,Parents House,Bachelor (S1)/Diploma IV,Student,Not Married,2000000.0,22,2.875,3.3333333333333335,2.6363636363636362,2.0,2.4444444444444446,6818787,251.24,143127.0,3.41,4705372,20751.93,50759.0,56080,89.3
Male,Riau,Parents House,Bachelor (S1)/Diploma IV,Student,Not Married,2000000.0,20,2.6875,3.0,2.4545454545454546,2.6666666666666665,1.6666666666666667,542854,4.45,4273.0,1.66,282437,1565.78,2213.5,165350,41.8
Male,Sumatera Barat,Parents House,Senior High School,Student,Not Married,2000000.0,25,2.9375,2.888888888888889,2.6363636363636362,4.0,2.111111111111111,400529,1.77,9358.0,2.4,198642,1398.91,5914.3,57047,63.8
Male,Jawa Tengah,Parents House,Senior High School,Student,Not Married,2000000.0,24,2.625,2.7777777777777777,3.0,3.6666666666666665,2.6666666666666665,2637739,29.46,59501.0,2.77,1553694,6962.05,38233.9,47972,60.8
Male,Sumatera Barat,Rental House,Bachelor (S1)/Diploma IV,Student,Not Married,2000000.0,23,2.75,3.0,2.6363636363636362,2.3333333333333335,2.2222222222222223,400529,1.77,9358.0,2.4,198642,1398.91,5914.3,57047,63.8
Male,DKI Jakarta,Parents House,Bachelor (S1)/Diploma IV,Student,Not Married,2000000.0,23,2.6875,2.4444444444444446,2.909090909090909,2.6666666666666665,2.111111111111111,2708907,20964.0,9272715.0,3.56,2324200,12838.89,10678.0,344350,100.0
Male,Sumatera Barat,Family House,Junior High School,Student,Not Married,2000000.0,21,2.6875,2.7777777777777777,3.0,3.3333333333333335,2.6666666666666665,400529,1.77,9358.0,2.4,198642,1398.91,5914.3,57047,63.8
Female,Sumatera Barat,Own House,Senior High School,Student,Not Married,2000000.0,23,3.1875,3.0,3.0,1.3333333333333333,2.7777777777777777,400529,1.77,9358.0,2.4,198642,1398.91,5914.3,57047,63.8
Male,Sumatera Barat,Own House,Senior High School,Student,Not Married,2000000.0,19,3.0625,3.0,3.1818181818181817,3.0,2.3333333333333335,400529,1.77,9358.0,2.4,198642,1398.91,5914.3,57047,63.8
Female,Sumatera Barat,Rental House,Bachelor (S1)/Diploma IV,Student,Not Married,2000000.0,21,2.625,2.7777777777777777,3.272727272727273,3.6666666666666665,2.4444444444444446,400529,1.77,9358.0,2.4,198642,1398.91,5914.3,57047,63.8
Female,Jawa Tengah,Family House,Senior High School,Student,Not Married,2000000.0,19,2.875,3.0,2.8181818181818183,3.3333333333333335,2.3333333333333335,2637739,29.46,59501.0,2.77,1553694,6962.05,38233.9,47972,60.8
Female,Sumatera Barat,Rental House,Senior High School,Student,Not Married,2000000.0,27,2.75,2.7777777777777777,2.5454545454545454,2.0,2.0,400529,1.77,9358.0,2.4,198642,1398.91,5914.3,57047,63.8
Female,Sumatera Utara,Parents House,Junior High School,Student,Not Married,2000000.0,28,2.375,2.7777777777777777,3.0,2.0,2.6666666666666665,1036941,26.54,26205.0,1.55,650944,3078.85,15785.8,73575,68.1
Male,Sumatera Barat,Boarding House,Senior High School,Student,Not Married,2000000.0,23,2.875,2.5555555555555554,2.5454545454545454,3.3333333333333335,2.5555555555555554,400529,1.77,9358.0,2.4,198642,1398.91,5914.3,57047,63.8
Male,Sumatera Selatan,Parents House,Senior High School,Student,Not Married,2000000.0,26,2.5625,3.2222222222222223,2.727272727272727,3.0,2.7777777777777777,577990,8.6,4120.0,2.66,334613,1728.24,8928.5,75132,40.1
Male,Sumatera Barat,Rental House,Senior High School,Student,Not Married,2000000.0,22,2.3125,2.5555555555555554,2.4545454545454546,2.6666666666666665,2.111111111111111,400529,1.77,9358.0,2.4,198642,1398.91,5914.3,57047,63.8
Female,Sumatera Barat,Parents House,Senior High School,Student,Not Married,2000000.0,21,2.9375,2.4444444444444446,3.0,4.0,2.4444444444444446,400529,1.77,9358.0,2.4,198642,1398.91,5914.3,57047,63.8
Female,DKI Jakarta,Parents House,Senior High School,Student,Not Married,2000000.0,25,2.75,2.5555555555555554,2.909090909090909,3.3333333333333335,2.2222222222222223,2708907,20964.0,9272715.0,3.56,2324200,12838.89,10678.0,344350,100.0
Female,Maluku Utara,Family House,Senior High School,Student,Not Married,2000000.0,16,2.5,2.7777777777777777,2.5454545454545454,2.6666666666666665,2.0,54436,0.08,74.0,0.62,27649,242.69,1373.8,70660,30.6
Female,Sumatera Barat,Parents House,Senior High School,Student,Not Married,2000000.0,27,2.875,2.5555555555555554,3.090909090909091,3.0,2.7777777777777777,400529,1.77,9358.0,2.4,198642,1398.91,5914.3,57047,63.8
Female,Sumatera Barat,Family House,Diploma I/II/III,Student,Not Married,2000000.0,21,2.9375,2.111111111111111,2.1818181818181817,3.3333333333333335,2.7777777777777777,400529,1.77,9358.0,2.4,198642,1398.91,5914.3,57047,63.8
Female,Sumatera Utara,Parents House,Bachelor (S1)/Diploma IV,Student,Not Married,2000000.0,18,2.5,2.7777777777777777,2.6363636363636362,3.0,2.6666666666666665,1036941,26.54,26205.0,1.55,650944,3078.85,15785.8,73575,68.1
Female,DI Yogyakarta,Parents House,Senior High School,Student,Not Married,2000000.0,22,3.125,3.0,2.909090909090909,2.6666666666666665,2.3333333333333335,394247,7.26,8228.0,3.31,240062,1207.31,3781.5,51473,84.1
Male,Jawa Tengah,Rental House,Senior High School,Student,Not Married,2000000.0,18,2.9375,2.4444444444444446,3.0,2.3333333333333335,2.111111111111111,2637739,29.46,59501.0,2.77,1553694,6962.05,38233.9,47972,60.8
Female,Sumatera Barat,Parents House,Diploma I/II/III,Student,Not Married,2000000.0,27,2.6875,2.5555555555555554,2.6363636363636362,2.3333333333333335,2.7777777777777777,400529,1.77,9358.0,2.4,198642,1398.91,5914.3,57047,63.8
Female,Sumatera Barat,Rental House,Senior High School,Student,Not Married,2000000.0,21,2.6875,2.6666666666666665,2.6363636363636362,1.6666666666666667,2.3333333333333335,400529,1.77,9358.0,2.4,198642,1398.91,5914.3,57047,63.8
Female,Jawa Barat,Parents House,Senior High School,Student,Not Married,2000000.0,18,2.5,2.888888888888889,2.5454545454545454,2.6666666666666665,2.4444444444444446,6818787,251.24,143127.0,3.41,4705372,20751.93,50759.0,56080,89.3
Female,Jawa Tengah,Parents House,Bachelor (S1)/Diploma IV,Student,Not Married,2000000.0,22,2.8125,2.6666666666666665,2.6363636363636362,2.3333333333333335,2.3333333333333335,2637739,29.46,59501.0,2.77,1553694,6962.05,38233.9,47972,60.8
Female,Sumatera Barat,Parents House,Senior High School,Student,Not Married,2000000.0,25,2.625,2.888888888888889,2.3636363636363638,2.6666666666666665,2.6666666666666665,400529,1.77,9358.0,2.4,198642,1398.91,5914.3,57047,63.8
Female,Jawa Tengah,Rental House,Bachelor (S1)/Diploma IV,Entrepreneur,Not Married,2000000.0,13,2.25,3.0,2.6363636363636362,3.6666666666666665,2.3333333333333335,2637739,29.46,59501.0,2.77,1553694,6962.05,38233.9,47972,60.8
Female,Jawa Tengah,Parents House,Diploma I/II/III,Private Employee,Not Married,2000000.0,25,2.9375,2.888888888888889,2.727272727272727,3.0,2.4444444444444446,2637739,29.46,59501.0,2.77,1553694,6962.05,38233.9,47972,60.8
Male,Sumatera Barat,Rental House,Senior High School,Student,Not Married,2000000.0,24,2.9375,2.888888888888889,2.5454545454545454,2.6666666666666665,2.2222222222222223,400529,1.77,9358.0,2.4,198642,1398.91,5914.3,57047,63.8
Female,Sumatera Barat,Family House,Junior High School,Student,Not Married,2000000.0,26,2.625,3.3333333333333335,3.1818181818181817,2.6666666666666665,2.7777777777777777,400529,1.77,9358.0,2.4,198642,1398.91,5914.3,57047,63.8
Female,Sumatera Barat,Rental House,Bachelor (S1)/Diploma IV,Student,Not Married,2000000.0,21,2.625,3.2222222222222223,2.8181818181818183,3.0,2.5555555555555554,400529,1.77,9358.0,2.4,198642,1398.91,5914.3,57047,63.8
Male,DI Yogyakarta,Rental House,Senior High School,Student,Not Married,2000000.0,23,2.75,2.5555555555555554,2.4545454545454546,3.0,2.3333333333333335,394247,7.26,8228.0,3.31,240062,1207.31,3781.5,51473,84.1
Female,DI Yogyakarta,Family House,Senior High School,Not Working,Not Married,2000000.0,19,3.0,3.111111111111111,2.727272727272727,2.6666666666666665,2.7777777777777777,394247,7.26,8228.0,3.31,240062,1207.31,3781.5,51473,84.1
Male,Sumatera Barat,Parents House,Bachelor (S1)/Diploma IV,Student,Not Married,2000000.0,19,2.5625,2.888888888888889,2.909090909090909,2.6666666666666665,3.2222222222222223,400529,1.77,9358.0,2.4,198642,1398.91,5914.3,57047,63.8
Female,DKI Jakarta,Parents House,Senior High School,Student,Not Married,2000000.0,24,2.6875,2.3333333333333335,2.5454545454545454,3.0,2.4444444444444446,2708907,20964.0,9272715.0,3.56,2324200,12838.89,10678.0,344350,100.0
Female,Sumatera Selatan,Rental House,Senior High School,Student,Not Married,2000000.0,22,2.6875,2.888888888888889,2.5454545454545454,2.6666666666666665,2.111111111111111,577990,8.6,4120.0,2.66,334613,1728.24,8928.5,75132,40.1
Male,Sumatera Utara,Parents House,Senior High School,Private Employee,Not Married,2000000.0,21,2.625,3.111111111111111,2.6363636363636362,3.3333333333333335,2.3333333333333335,1036941,26.54,26205.0,1.55,650944,3078.85,15785.8,73575,68.1
Female,Sumatera Barat,Family House,Senior High School,Student,Not Married,2000000.0,19,2.5,2.888888888888889,2.727272727272727,3.6666666666666665,2.4444444444444446,400529,1.77,9358.0,2.4,198642,1398.91,5914.3,57047,63.8
Female,Sumatera Utara,Rental House,Senior High School,Student,Not Married,2000000.0,26,2.5,2.5555555555555554,2.8181818181818183,2.0,2.888888888888889,1036941,26.54,26205.0,1.55,650944,3078.85,15785.8,73575,68.1
Female,Sumatera Barat,Parents House,Senior High School,Student,Not Married,2000000.0,20,2.5625,2.7777777777777777,2.727272727272727,2.3333333333333335,2.3333333333333335,400529,1.77,9358.0,2.4,198642,1398.91,5914.3,57047,63.8
Male,Sumatera Barat,Parents House,Diploma I/II/III,Student,Married,2000000.0,22,2.75,2.6666666666666665,2.8181818181818183,2.6666666666666665,1.8888888888888888,400529,1.77,9358.0,2.4,198642,1398.91,5914.3,57047,63.8
Male,Jawa Barat,Family House,Bachelor (S1)/Diploma IV,Student,Not Married,2000000.0,22,2.5625,2.2222222222222223,3.0,2.0,2.5555555555555554,6818787,251.24,143127.0,3.41,4705372,20751.93,50759.0,56080,89.3
Female,Jawa Tengah,Boarding House,Senior High School,Student,Not Married,2000000.0,21,2.8125,2.6666666666666665,2.727272727272727,3.6666666666666665,2.3333333333333335,2637739,29.46,59501.0,2.77,1553694,6962.05,38233.9,47972,60.8
Female,Sumatera Barat,Parents House,Senior High School,Student,Not Married,2000000.0,25,2.9375,2.888888888888889,2.6363636363636362,4.0,2.3333333333333335,400529,1.77,9358.0,2.4,198642,1398.91,5914.3,57047,63.8
Female,Jawa Barat,Parents House,Bachelor (S1)/Diploma IV,Student,Not Married,2000000.0,23,3.1875,3.111111111111111,2.4545454545454546,2.3333333333333335,1.8888888888888888,6818787,251.24,143127.0,3.41,4705372,20751.93,50759.0,56080,89.3
Male,Jawa Barat,Parents House,Senior High School,Student,Not Married,2000000.0,19,2.625,3.0,3.0,2.3333333333333335,2.4444444444444446,6818787,251.24,143127.0,3.41,4705372,20751.93,50759.0,56080,89.3
Female,Sumatera Utara,Parents House,Senior High School,Student,Not Married,2000000.0,19,2.6875,2.6666666666666665,3.1818181818181817,2.0,2.6666666666666665,1036941,26.54,26205.0,1.55,650944,3078.85,15785.8,73575,68.1
Female,Jawa Tengah,Family House,Senior High School,Student,Not Married,2000000.0,25,2.5625,2.888888888888889,2.6363636363636362,2.3333333333333335,2.6666666666666665,2637739,29.46,59501.0,2.77,1553694,6962.05,38233.9,47972,60.8
Female,DKI Jakarta,Rental House,Senior High School,Others,Not Married,2000000.0,22,2.8125,3.111111111111111,2.909090909090909,2.6666666666666665,2.5555555555555554,2708907,20964.0,9272715.0,3.56,2324200,12838.89,10678.0,344350,100.0
Female,Sumatera Utara,Parents House,Bachelor (S1)/Diploma IV,Others,Not Married,2000000.0,16,2.625,2.7777777777777777,2.3636363636363638,3.3333333333333335,2.4444444444444446,1036941,26.54,26205.0,1.55,650944,3078.85,15785.8,73575,68.1
Female,Sumatera Utara,Parents House,Senior High School,Student,Not Married,2000000.0,21,2.625,2.888888888888889,2.727272727272727,2.6666666666666665,2.7777777777777777,1036941,26.54,26205.0,1.55,650944,3078.85,15785.8,73575,68.1
Female,Sumatera Barat,Parents House,Senior High School,Student,Not Married,2000000.0,24,2.875,2.6666666666666665,3.0,2.3333333333333335,2.5555555555555554,400529,1.77,9358.0,2.4,198642,1398.91,5914.3,57047,63.8
Female,Sumatera Barat,Parents House,Senior High School,Student,Not Married,2000000.0,26,2.75,3.0,2.5454545454545454,3.0,3.0,400529,1.77,9358.0,2.4,198642,1398.91,5914.3,57047,63.8
Female,Sumatera Barat,Parents House,Senior High School,Student,Not Married,2000000.0,22,2.6875,2.5555555555555554,2.727272727272727,3.3333333333333335,2.3333333333333335,400529,1.77,9358.0,2.4,198642,1398.91,5914.3,57047,63.8
Female,Sumatera Barat,Rental House,Senior High School,Student,Not Married,2000000.0,25,2.6875,2.888888888888889,2.727272727272727,2.6666666666666665,2.5555555555555554,400529,1.77,9358.0,2.4,198642,1398.91,5914.3,57047,63.8
Male,Sumatera Barat,Parents House,Senior High School,Student,Not Married,2000000.0,17,2.5625,2.5555555555555554,2.8181818181818183,3.3333333333333335,2.6666666666666665,400529,1.77,9358.0,2.4,198642,1398.91,5914.3,57047,63.8
Male,Sumatera Utara,Own House,Postgraduate,Student,Not Married,2000000.0,21,3.0,2.6666666666666665,2.727272727272727,3.0,2.888888888888889,1036941,26.54,26205.0,1.55,650944,3078.85,15785.8,73575,68.1
Female,Sumatera Barat,Parents House,Senior High School,Student,Not Married,2000000.0,18,2.8125,2.7777777777777777,2.6363636363636362,2.3333333333333335,2.6666666666666665,400529,1.77,9358.0,2.4,198642,1398.91,5914.3,57047,63.8
Female,Sumatera Barat,Parents House,Senior High School,Entrepreneur,Not Married,2000000.0,20,2.9375,3.111111111111111,3.0,2.0,2.7777777777777777,400529,1.77,9358.0,2.4,198642,1398.91,5914.3,57047,63.8
Male,Sumatera Barat,Rental House,Senior High School,Student,Not Married,2000000.0,21,2.75,3.111111111111111,2.909090909090909,3.0,2.2222222222222223,400529,1.77,9358.0,2.4,198642,1398.91,5914.3,57047,63.8
Female,Sumatera Barat,Parents House,Senior High School,Student,Not Married,2000000.0,22,2.625,3.2222222222222223,2.8181818181818183,3.3333333333333335,2.2222222222222223,400529,1.77,9358.0,2.4,198642,1398.91,5914.3,57047,63.8
Female,Sumatera Barat,Parents House,Bachelor (S1)/Diploma IV,Student,Not Married,2000000.0,24,2.9375,2.5555555555555554,2.909090909090909,2.6666666666666665,2.2222222222222223,400529,1.77,9358.0,2.4,198642,1398.91,5914.3,57047,63.8
Female,Jawa Tengah,Parents House,Diploma I/II/III,Entrepreneur,Not Married,2000000.0,22,3.0,3.111111111111111,3.0,3.6666666666666665,2.6666666666666665,2637739,29.46,59501.0,2.77,1553694,6962.05,38233.9,47972,60.8
Female,Jawa Tengah,Parents House,Senior High School,Student,Not Married,2000000.0,22,2.625,2.6666666666666665,2.5454545454545454,4.0,2.6666666666666665,2637739,29.46,59501.0,2.77,1553694,6962.05,38233.9,47972,60.8
Female,Sumatera Utara,Own House,Bachelor (S1)/Diploma IV,Student,Not Married,2000000.0,23,2.5,3.3333333333333335,2.909090909090909,2.6666666666666665,2.3333333333333335,1036941,26.54,26205.0,1.55,650944,3078.85,15785.8,73575,68.1
Male,Sumatera Barat,Parents House,Senior High School,Student,Not Married,2000000.0,24,2.9375,2.4444444444444446,2.6363636363636362,3.3333333333333335,3.0,400529,1.77,9358.0,2.4,198642,1398.91,5914.3,57047,63.8
Female,Sumatera Barat,Rental House,Senior High School,Student,Not Married,2000000.0,26,2.375,2.5555555555555554,3.0,2.6666666666666665,2.6666666666666665,400529,1.77,9358.0,2.4,198642,1398.91,5914.3,57047,63.8
Female,Sumatera Barat,Family House,Senior High School,Student,Not Married,2000000.0,22,2.75,2.6666666666666665,3.090909090909091,3.3333333333333335,2.888888888888889,400529,1.77,9358.0,2.4,198642,1398.91,5914.3,57047,63.8
Female,DI Yogyakarta,Rental House,Diploma I/II/III,Student,Not Married,2000000.0,21,2.3125,2.3333333333333335,2.909090909090909,3.3333333333333335,2.888888888888889,394247,7.26,8228.0,3.31,240062,1207.31,3781.5,51473,84.1
Female,DKI Jakarta,Parents House,Diploma I/II/III,Others,Not Married,2000000.0,22,2.4375,2.888888888888889,2.727272727272727,2.0,3.111111111111111,2708907,20964.0,9272715.0,3.56,2324200,12838.89,10678.0,344350,100.0
Female,Sumatera Barat,Dormitory,Senior High School,Student,Not Married,2000000.0,19,2.5625,2.7777777777777777,2.4545454545454546,2.6666666666666665,2.7777777777777777,400529,1.77,9358.0,2.4,198642,1398.91,5914.3,57047,63.8
Male,Sumatera Utara,Parents House,Senior High School,Others,Not Married,2000000.0,22,2.75,2.888888888888889,2.4545454545454546,3.0,2.5555555555555554,1036941,26.54,26205.0,1.55,650944,3078.85,15785.8,73575,68.1
Female,Sumatera Barat,Parents House,Bachelor (S1)/Diploma IV,Entrepreneur,Not Married,2000000.0,25,2.3125,3.111111111111111,3.272727272727273,2.6666666666666665,2.4444444444444446,400529,1.77,9358.0,2.4,198642,1398.91,5914.3,57047,63.8
Female,Sumatera Barat,Parents House,Bachelor (S1)/Diploma IV,Student,Not Married,2000000.0,20,2.6875,2.3333333333333335,3.090909090909091,2.0,2.888888888888889,400529,1.77,9358.0,2.4,198642,1398.91,5914.3,57047,63.8
Female,Sumatera Barat,Parents House,Senior High School,Student,Not Married,2000000.0,15,2.75,3.111111111111111,2.8181818181818183,3.6666666666666665,2.5555555555555554,400529,1.77,9358.0,2.4,198642,1398.91,5914.3,57047,63.8
Female,Sumatera Utara,Parents House,Bachelor (S1)/Diploma IV,Student,Not Married,2000000.0,20,2.9375,3.0,2.4545454545454546,3.0,2.5555555555555554,1036941,26.54,26205.0,1.55,650944,3078.85,15785.8,73575,68.1
Female,Sumatera Barat,Parents House,Senior High School,Civil Servant/BUMN,Not Married,2000000.0,17,3.0,2.7777777777777777,2.4545454545454546,2.0,2.3333333333333335,400529,1.77,9358.0,2.4,198642,1398.91,5914.3,57047,63.8
Male,Sumatera Barat,Parents House,Senior High School,Student,Not Married,2000000.0,13,2.8125,3.111111111111111,2.272727272727273,3.3333333333333335,2.5555555555555554,400529,1.77,9358.0,2.4,198642,1398.91,5914.3,57047,63.8
Female,Jawa Barat,Rental House,Senior High School,Student,Not Married,2000000.0,23,2.8125,2.888888888888889,2.4545454545454546,3.0,2.2222222222222223,6818787,251.24,143127.0,3.41,4705372,20751.93,50759.0,56080,89.3
Male,Sumatera Barat,Family House,Bachelor (S1)/Diploma IV,Student,Not Married,2000000.0,21,2.9375,3.0,2.6363636363636362,3.0,2.2222222222222223,400529,1.77,9358.0,2.4,198642,1398.91,5914.3,57047,63.8
Female,Sumatera Barat,Parents House,Diploma I/II/III,Student,Not Married,2000000.0,22,2.625,2.3333333333333335,3.0,2.6666666666666665,2.5555555555555554,400529,1.77,9358.0,2.4,198642,1398.91,5914.3,57047,63.8
Male,Jawa Barat,Family House,Diploma I/II/III,Student,Not Married,2000000.0,22,3.0,2.6666666666666665,3.1818181818181817,3.3333333333333335,2.5555555555555554,6818787,251.24,143127.0,3.41,4705372,20751.93,50759.0,56080,89.3
Female,Sumatera Barat,Parents House,Bachelor (S1)/Diploma IV,Others,Not Married,2000000.0,21,2.4375,2.7777777777777777,3.0,2.6666666666666665,2.6666666666666665,400529,1.77,9358.0,2.4,198642,1398.91,5914.3,57047,63.8
Female,Sumatera Barat,Parents House,Senior High School,Student,Not Married,2000000.0,22,2.6875,2.7777777777777777,2.8181818181818183,3.0,2.5555555555555554,400529,1.77,9358.0,2.4,198642,1398.91,5914.3,57047,63.8
Female,Sumatera Barat,Parents House,Senior High School,Student,Not Married,2000000.0,25,2.875,2.5555555555555554,3.090909090909091,3.6666666666666665,2.4444444444444446,400529,1.77,9358.0,2.4,198642,1398.91,5914.3,57047,63.8
Female,Sumatera Barat,Boarding House,Elementary School,Student,Not Married,2000000.0,25,2.75,2.7777777777777777,3.0,3.0,2.5555555555555554,400529,1.77,9358.0,2.4,198642,1398.91,5914.3,57047,63.8
Female,DI Yogyakarta,Own House,Senior High School,Student,Not Married,2000000.0,22,2.375,3.0,2.6363636363636362,2.6666666666666665,2.5555555555555554,394247,7.26,8228.0,3.31,240062,1207.31,3781.5,51473,84.1
Female,Sumatera Utara,Rental House,Senior High School,Student,Not Married,2000000.0,20,2.4375,2.6666666666666665,2.909090909090909,2.0,2.4444444444444446,1036941,26.54,26205.0,1.55,650944,3078.85,15785.8,73575,68.1
Female,Sumatera Barat,Parents House,Senior High School,Student,Not Married,2000000.0,27,2.6875,2.4444444444444446,2.6363636363636362,2.6666666666666665,2.4444444444444446,400529,1.77,9358.0,2.4,198642,1398.91,5914.3,57047,63.8
Female,Sumatera Barat,Parents House,Senior High School,Student,Not Married,2000000.0,18,2.6875,2.888888888888889,2.909090909090909,3.0,2.7777777777777777,400529,1.77,9358.0,2.4,198642,1398.91,5914.3,57047,63.8
Female,Sumatera Barat,Rental House,Senior High School,Student,Not Married,2000000.0,24,3.125,2.888888888888889,2.727272727272727,2.6666666666666665,2.4444444444444446,400529,1.77,9358.0,2.4,198642,1398.91,5914.3,57047,63.8
Male,Sumatera Barat,Parents House,Bachelor (S1)/Diploma IV,Student,Not Married,2000000.0,20,2.6875,2.4444444444444446,2.4545454545454546,2.0,2.2222222222222223,400529,1.77,9358.0,2.4,198642,1398.91,5914.3,57047,63.8
Male,Sumatera Selatan,Parents House,Bachelor (S1)/Diploma IV,Student,Not Married,2000000.0,21,2.5625,2.3333333333333335,2.6363636363636362,2.6666666666666665,2.6666666666666665,577990,8.6,4120.0,2.66,334613,1728.24,8928.5,75132,40.1
Female,Jambi,Parents House,Senior High School,Private Employee,Not Married,2000000.0,18,2.8125,3.111111111111111,3.1818181818181817,3.0,2.7777777777777777,273264,1.06,1251.0,2.16,136402,864.3,3768.5,86722,38.2
Female,Sumatera Barat,Rental House,Senior High School,Student,Not Married,2000000.0,22,2.75,2.6666666666666665,2.6363636363636362,2.0,2.5555555555555554,400529,1.77,9358.0,2.4,198642,1398.91,5914.3,57047,63.8
Female,Sumatera Barat,Rental House,Bachelor (S1)/Diploma IV,Student,Not Married,2000000.0,23,2.6875,2.7777777777777777,2.6363636363636362,2.6666666666666665,3.0,400529,1.77,9358.0,2.4,198642,1398.91,5914.3,57047,63.8
Female,Kepulauan Riau,Boarding House,Senior High School,Student,Not Married,2000000.0,26,2.6875,3.111111111111111,3.272727272727273,2.6666666666666665,3.0,309076,7.83,9212.0,1.8,180411,993.02,10678.0,161424,85.3
Female,Sumatera Barat,Family House,Senior High School,Student,Not Married,2000000.0,24,2.625,2.5555555555555554,2.6363636363636362,2.0,2.3333333333333335,400529,1.77,9358.0,2.4,198642,1398.91,5914.3,57047,63.8
Female,Sumatera Barat,Parents House,Senior High School,Student,Not Married,2000000.0,18,2.5625,3.0,3.4545454545454546,2.6666666666666665,2.2222222222222223,400529,1.77,9358.0,2.4,198642,1398.91,5914.3,57047,63.8
Male,Sumatera Barat,Parents House,Bachelor (S1)/Diploma IV,Not Working,Not Married,2000000.0,22,2.75,2.6666666666666665,2.6363636363636362,3.0,2.3333333333333335,400529,1.77,9358.0,2.4,198642,1398.91,5914.3,57047,63.8
Male,Sumatera Barat,Parents House,Postgraduate,Private Employee,Not Married,2000000.0,28,2.9375,2.7777777777777777,2.909090909090909,3.0,2.888888888888889,400529,1.77,9358.0,2.4,198642,1398.91,5914.3,57047,63.8
Female,Sumatera Barat,Parents House,Senior High School,Student,Not Married,2000000.0,24,2.625,2.888888888888889,2.3636363636363638,3.3333333333333335,2.3333333333333335,400529,1.77,9358.0,2.4,198642,1398.91,5914.3,57047,63.8
Female,DKI Jakarta,Parents House,Bachelor (S1)/Diploma IV,Student,Not Married,2000000.0,23,3.0625,2.6666666666666665,2.5454545454545454,3.3333333333333335,2.2222222222222223,2708907,20964.0,9272715.0,3.56,2324200,12838.89,10678.0,344350,100.0
Female,Sumatera Utara,Rental House,Postgraduate,Student,Not Married,2000000.0,28,3.125,2.5555555555555554,2.8181818181818183,3.3333333333333335,2.2222222222222223,1036941,26.54,26205.0,1.55,650944,3078.85,15785.8,73575,68.1
Male,Jawa Tengah,Family House,Senior High School,Student,Not Married,2000000.0,13,2.625,2.3333333333333335,2.8181818181818183,2.6666666666666665,2.4444444444444446,2637739,29.46,59501.0,2.77,1553694,6962.05,38233.9,47972,60.8
Female,Sumatera Barat,Parents House,Senior High School,Student,Not Married,2000000.0,20,3.125,2.6666666666666665,2.8181818181818183,2.6666666666666665,2.6666666666666665,400529,1.77,9358.0,2.4,198642,1398.91,5914.3,57047,63.8
Male,DKI Jakarta,Parents House,Bachelor (S1)/Diploma IV,Student,Not Married,2000000.0,23,2.6875,2.888888888888889,2.6363636363636362,2.3333333333333335,2.888888888888889,2708907,20964.0,9272715.0,3.56,2324200,12838.89,10678.0,344350,100.0
Female,Sumatera Barat,Parents House,Senior High School,Student,Not Married,2000000.0,22,2.375,2.888888888888889,2.4545454545454546,2.0,2.888888888888889,400529,1.77,9358.0,2.4,198642,1398.91,5914.3,57047,63.8
Male,Sumatera Barat,Family House,Bachelor (S1)/Diploma IV,Student,Not Married,2000000.0,22,3.0625,2.2222222222222223,2.5454545454545454,2.0,2.5555555555555554,400529,1.77,9358.0,2.4,198642,1398.91,5914.3,57047,63.8
Female,DKI Jakarta,Parents House,Bachelor (S1)/Diploma IV,Student,Not Married,2000000.0,24,2.75,2.7777777777777777,2.8181818181818183,3.0,2.888888888888889,2708907,20964.0,9272715.0,3.56,2324200,12838.89,10678.0,344350,100.0
Female,DKI Jakarta,Boarding House,Senior High School,Student,Not Married,2000000.0,24,2.875,2.4444444444444446,3.3636363636363638,3.0,2.888888888888889,2708907,20964.0,9272715.0,3.56,2324200,12838.89,10678.0,344350,100.0
Female,Jawa Tengah,Parents House,Diploma I/II/III,Student,Not Married,2000000.0,21,2.9375,2.7777777777777777,3.0,2.3333333333333335,2.7777777777777777,2637739,29.46,59501.0,2.77,1553694,6962.05,38233.9,47972,60.8
Female,Jawa Tengah,Rental House,Bachelor (S1)/Diploma IV,Student,Not Married,2000000.0,21,2.9375,2.888888888888889,3.0,2.3333333333333335,2.888888888888889,2637739,29.46,59501.0,2.77,1553694,6962.05,38233.9,47972,60.8
Female,Sumatera Barat,Parents House,Diploma I/II/III,Student,Not Married,15000000.0,22,2.75,2.7777777777777777,2.6363636363636362,3.6666666666666665,2.4444444444444446,400529,1.77,9358.0,2.4,198642,1398.91,5914.3,57047,63.8
Female,Jawa Tengah,Rental House,Bachelor (S1)/Diploma IV,Student,Not Married,2000000.0,26,2.5,3.111111111111111,2.8181818181818183,3.3333333333333335,2.7777777777777777,2637739,29.46,59501.0,2.77,1553694,6962.05,38233.9,47972,60.8
Female,Jawa Barat,Boarding House,Senior High School,Student,Not Married,2000000.0,26,2.75,2.7777777777777777,2.727272727272727,3.0,2.5555555555555554,6818787,251.24,143127.0,3.41,4705372,20751.93,50759.0,56080,89.3
Female,Jawa Tengah,Rental House,Senior High School,Student,Not Married,2000000.0,19,2.1875,2.6666666666666665,2.3636363636363638,2.3333333333333335,2.3333333333333335,2637739,29.46,59501.0,2.77,1553694,6962.05,38233.9,47972,60.8
Female,Sumatera Barat,Boarding House,Senior High School,Others,Not Married,2000000.0,25,2.9375,3.111111111111111,2.5454545454545454,2.6666666666666665,2.6666666666666665,400529,1.77,9358.0,2.4,198642,1398.91,5914.3,57047,63.8
Female,Jawa Tengah,Parents House,Senior High School,Student,Not Married,2000000.0,25,2.5625,2.888888888888889,2.727272727272727,2.3333333333333335,2.6666666666666665,2637739,29.46,59501.0,2.77,1553694,6962.05,38233.9,47972,60.8
Female,Sumatera Barat,Parents House,Senior High School,Student,Not Married,2000000.0,22,2.5,2.5555555555555554,2.5454545454545454,2.3333333333333335,3.111111111111111,400529,1.77,9358.0,2.4,198642,1398.91,5914.3,57047,63.8
Male,Sumatera Utara,Parents House,Senior High School,Student,Not Married,2000000.0,24,3.0,2.4444444444444446,3.272727272727273,3.3333333333333335,2.0,1036941,26.54,26205.0,1.55,650944,3078.85,15785.8,73575,68.1
Female,Sumatera Utara,Boarding House,Senior High School,Student,Not Married,2000000.0,22,2.875,2.7777777777777777,2.8181818181818183,2.0,2.3333333333333335,1036941,26.54,26205.0,1.55,650944,3078.85,15785.8,73575,68.1
Female,Sumatera Barat,Rental House,Senior High School,Student,Not Married,2000000.0,19,2.625,2.4444444444444446,3.1818181818181817,3.3333333333333335,2.7777777777777777,400529,1.77,9358.0,2.4,198642,1398.91,5914.3,57047,63.8
Female,DKI Jakarta,Parents House,Senior High School,Student,Not Married,2000000.0,17,2.8125,2.6666666666666665,2.272727272727273,3.0,2.2222222222222223,2708907,20964.0,9272715.0,3.56,2324200,12838.89,10678.0,344350,100.0
Female,DKI Jakarta,Parents House,Senior High School,Student,Not Married,2000000.0,26,2.625,2.6666666666666665,3.0,2.6666666666666665,2.4444444444444446,2708907,20964.0,9272715.0,3.56,2324200,12838.89,10678.0,344350,100.0
Male,DKI Jakarta,Rental House,Senior High School,Student,Not Married,2000000.0,20,2.875,2.3333333333333335,3.0,2.6666666666666665,2.4444444444444446,2708907,20964.0,9272715.0,3.56,2324200,12838.89,10678.0,344350,100.0
Female,Sumatera Barat,Parents House,Senior High School,Student,Not Married,2000000.0,20,2.625,2.7777777777777777,2.909090909090909,3.6666666666666665,2.5555555555555554,400529,1.77,9358.0,2.4,198642,1398.91,5914.3,57047,63.8
Female,Jawa Barat,Rental House,Bachelor (S1)/Diploma IV,Student,Not Married,2000000.0,22,2.6875,2.6666666666666665,2.8181818181818183,2.6666666666666665,2.2222222222222223,6818787,251.24,143127.0,3.41,4705372,20751.93,50759.0,56080,89.3
Male,Sumatera Barat,Parents House,Senior High School,Others,Not Married,2000000.0,22,2.625,2.5555555555555554,2.8181818181818183,2.3333333333333335,2.2222222222222223,400529,1.77,9358.0,2.4,198642,1398.91,5914.3,57047,63.8
Male,Sumatera Barat,Parents House,Senior High School,Student,Not Married,2000000.0,24,2.9375,2.888888888888889,3.1818181818181817,3.0,2.0,400529,1.77,9358.0,2.4,198642,1398.91,5914.3,57047,63.8
Female,Sumatera Utara,Family House,Bachelor (S1)/Diploma IV,Others,Not Married,2000000.0,28,2.875,2.6666666666666665,2.727272727272727,2.3333333333333335,2.6666666666666665,1036941,26.54,26205.0,1.55,650944,3078.85,15785.8,73575,68.1
Female,Jawa Tengah,Rental House,Senior High School,Student,Not Married,2000000.0,22,3.125,2.5555555555555554,2.909090909090909,3.0,2.4444444444444446,2637739,29.46,59501.0,2.77,1553694,6962.05,38233.9,47972,60.8
Male,Sumatera Barat,Own House,Senior High School,Student,Not Married,2000000.0,19,2.8125,3.111111111111111,2.6363636363636362,2.6666666666666665,2.2222222222222223,400529,1.77,9358.0,2.4,198642,1398.91,5914.3,57047,63.8
Male,Sumatera Barat,Parents House,Senior High School,Student,Not Married,2000000.0,25,2.75,2.7777777777777777,2.8181818181818183,2.6666666666666665,2.2222222222222223,400529,1.77,9358.0,2.4,198642,1398.91,5914.3,57047,63.8
Male,Sumatera Barat,Parents House,Senior High School,Student,Not Married,2000000.0,18,2.9375,2.7777777777777777,3.0,3.0,2.888888888888889,400529,1.77,9358.0,2.4,198642,1398.91,5914.3,57047,63.8
Female,Sumatera Barat,Rental House,Senior High School,Student,Not Married,2000000.0,24,2.625,2.3333333333333335,2.3636363636363638,2.3333333333333335,2.5555555555555554,400529,1.77,9358.0,2.4,198642,1398.91,5914.3,57047,63.8
Male,DKI Jakarta,Rental House,Senior High School,Student,Not Married,2000000.0,26,2.9375,2.5555555555555554,3.1818181818181817,2.3333333333333335,2.6666666666666665,2708907,20964.0,9272715.0,3.56,2324200,12838.89,10678.0,344350,100.0
Female,Jawa Tengah,Family House,Senior High School,Student,Not Married,2000000.0,18,2.875,2.3333333333333335,3.4545454545454546,2.3333333333333335,2.5555555555555554,2637739,29.46,59501.0,2.77,1553694,6962.05,38233.9,47972,60.8
Male,Sumatera Utara,Parents House,Diploma I/II/III,Student,Not Married,2000000.0,21,3.0,2.7777777777777777,2.6363636363636362,3.3333333333333335,2.7777777777777777,1036941,26.54,26205.0,1.55,650944,3078.85,15785.8,73575,68.1
Female,Sumatera Utara,Parents House,Senior High School,Student,Not Married,2000000.0,21,2.8125,2.888888888888889,2.6363636363636362,2.0,2.888888888888889,1036941,26.54,26205.0,1.55,650944,3078.85,15785.8,73575,68.1
Female,Sumatera Barat,Rental House,Diploma I/II/III,Student,Not Married,2000000.0,21,2.5625,2.3333333333333335,3.090909090909091,3.0,2.2222222222222223,400529,1.77,9358.0,2.4,198642,1398.91,5914.3,57047,63.8
Male,Sumatera Barat,Parents House,Senior High School,Private Employee,Not Married,2000000.0,19,2.375,2.888888888888889,2.909090909090909,1.6666666666666667,2.6666666666666665,400529,1.77,9358.0,2.4,198642,1398.91,5914.3,57047,63.8
Male,Jawa Tengah,Own House,Senior High School,Student,Not Married,2000000.0,21,2.5,2.6666666666666665,2.727272727272727,2.0,2.111111111111111,2637739,29.46,59501.0,2.77,1553694,6962.05,38233.9,47972,60.8
Female,Sumatera Barat,Rental House,Senior High School,Private Employee,Not Married,2000000.0,26,3.0625,2.3333333333333335,2.6363636363636362,3.3333333333333335,2.4444444444444446,400529,1.77,9358.0,2.4,198642,1398.91,5914.3,57047,63.8
Male,Sumatera Barat,Rental House,Senior High School,Student,Not Married,2000000.0,21,2.5,3.111111111111111,2.6363636363636362,3.0,2.5555555555555554,400529,1.77,9358.0,2.4,198642,1398.91,5914.3,57047,63.8
Male,Sumatera Utara,Parents House,Senior High School,Private Employee,Not Married,2000000.0,22,2.6875,3.2222222222222223,3.0,3.0,2.4444444444444446,1036941,26.54,26205.0,1.55,650944,3078.85,15785.8,73575,68.1
Female,Sumatera Utara,Parents House,Bachelor (S1)/Diploma IV,Student,Not Married,2000000.0,21,3.0625,2.5555555555555554,2.909090909090909,2.0,2.4444444444444446,1036941,26.54,26205.0,1.55,650944,3078.85,15785.8,73575,68.1
Male,DI Yogyakarta,Parents House,Senior High School,Student,Not Married,2000000.0,21,2.5625,2.6666666666666665,2.8181818181818183,2.3333333333333335,2.2222222222222223,394247,7.26,8228.0,3.31,240062,1207.31,3781.5,51473,84.1
Male,Sumatera Barat,Rental House,Senior High School,Student,Not Married,2000000.0,19,2.8125,2.888888888888889,3.1818181818181817,3.3333333333333335,2.3333333333333335,400529,1.77,9358.0,2.4,198642,1398.91,5914.3,57047,63.8
Female,Sumatera Barat,Boarding House,Senior High School,Student,Not Married,2000000.0,19,3.0625,2.5555555555555554,2.8181818181818183,2.6666666666666665,2.7777777777777777,400529,1.77,9358.0,2.4,198642,1398.91,5914.3,57047,63.8
Female,Sumatera Barat,Parents House,Senior High School,Student,Not Married,2000000.0,21,2.875,3.111111111111111,2.5454545454545454,2.3333333333333335,1.8888888888888888,400529,1.77,9358.0,2.4,198642,1398.91,5914.3,57047,63.8
Male,DI Yogyakarta,Parents House,Senior High School,Private Employee,Not Married,2000000.0,23,2.5625,3.3333333333333335,2.5454545454545454,2.0,2.4444444444444446,394247,7.26,8228.0,3.31,240062,1207.31,3781.5,51473,84.1
Female,Jawa Tengah,Rental House,Senior High School,Others,Not Married,2000000.0,18,2.3125,2.5555555555555554,2.4545454545454546,2.6666666666666665,2.4444444444444446,2637739,29.46,59501.0,2.77,1553694,6962.05,38233.9,47972,60.8
Female,Sumatera Barat,Parents House,Senior High School,Student,Not Married,2000000.0,23,3.0625,2.888888888888889,2.5454545454545454,2.3333333333333335,1.8888888888888888,400529,1.77,9358.0,2.4,198642,1398.91,5914.3,57047,63.8
Female,Sumatera Barat,Parents House,Senior High School,Others,Not Married,2000000.0,26,2.6875,2.6666666666666665,2.727272727272727,3.0,2.2222222222222223,400529,1.77,9358.0,2.4,198642,1398.91,5914.3,57047,63.8
Female,DI Yogyakarta,Parents House,Senior High School,Student,Not Married,2000000.0,20,2.8125,3.2222222222222223,2.909090909090909,2.6666666666666665,2.3333333333333335,394247,7.26,8228.0,3.31,240062,1207.31,3781.5,51473,84.1
Female,Sumatera Barat,Rental House,Senior High School,Student,Not Married,2000000.0,24,2.4375,3.0,2.909090909090909,2.3333333333333335,2.3333333333333335,400529,1.77,9358.0,2.4,198642,1398.91,5914.3,57047,63.8
Female,Sumatera Utara,Family House,Senior High School,Student,Not Married,2000000.0,13,2.6875,2.4444444444444446,2.5454545454545454,2.3333333333333335,2.2222222222222223,1036941,26.54,26205.0,1.55,650944,3078.85,15785.8,73575,68.1
Female,DI Yogyakarta,Rental House,Junior High School,Student,Not Married,2000000.0,24,2.8125,2.7777777777777777,2.6363636363636362,2.3333333333333335,2.888888888888889,394247,7.26,8228.0,3.31,240062,1207.31,3781.5,51473,84.1
Male,Jawa Barat,Rental House,Senior High School,Student,Not Married,2000000.0,20,2.75,2.4444444444444446,2.4545454545454546,2.3333333333333335,2.0,6818787,251.24,143127.0,3.41,4705372,20751.93,50759.0,56080,89.3
Female,DKI Jakarta,Rental House,Senior High School,Student,Not Married,15000000.0,25,3.0625,2.6666666666666665,2.3636363636363638,3.0,2.6666666666666665,2708907,20964.0,9272715.0,3.56,2324200,12838.89,10678.0,344350,100.0
Female,Sumatera Barat,Rental House,Diploma I/II/III,Student,Not Married,2000000.0,26,2.5625,3.0,2.8181818181818183,2.3333333333333335,2.111111111111111,400529,1.77,9358.0,2.4,198642,1398.91,5914.3,57047,63.8
Female,Sumatera Barat,Parents House,Senior High School,Private Employee,Not Married,2000000.0,24,2.3125,2.5555555555555554,2.3636363636363638,3.0,2.2222222222222223,400529,1.77,9358.0,2.4,198642,1398.91,5914.3,57047,63.8
Female,Jawa Tengah,Rental House,Senior High School,Student,Not Married,2000000.0,17,2.9375,3.2222222222222223,2.909090909090909,3.0,2.3333333333333335,2637739,29.46,59501.0,2.77,1553694,6962.05,38233.9,47972,60.8
Female,DKI Jakarta,Parents House,Diploma I/II/III,Student,Not Married,2000000.0,21,3.0625,2.111111111111111,2.4545454545454546,2.3333333333333335,2.5555555555555554,2708907,20964.0,9272715.0,3.56,2324200,12838.89,10678.0,344350,100.0
Female,Sumatera Barat,Rental House,Senior High School,Student,Not Married,2000000.0,25,2.5,2.888888888888889,3.0,2.6666666666666665,2.7777777777777777,400529,1.77,9358.0,2.4,198642,1398.91,5914.3,57047,63.8
Male,Sumatera Selatan,Rental House,Senior High School,Private Employee,Not Married,2000000.0,25,2.375,2.5555555555555554,3.1818181818181817,3.0,2.2222222222222223,577990,8.6,4120.0,2.66,334613,1728.24,8928.5,75132,40.1
Female,Jawa Tengah,Parents House,Bachelor (S1)/Diploma IV,Student,Not Married,2000000.0,24,2.8125,2.888888888888889,3.1818181818181817,3.6666666666666665,2.4444444444444446,2637739,29.46,59501.0,2.77,1553694,6962.05,38233.9,47972,60.8
Female,Sumatera Utara,Rental House,Senior High School,Student,Not Married,2000000.0,24,2.9375,2.5555555555555554,2.5454545454545454,2.0,2.4444444444444446,1036941,26.54,26205.0,1.55,650944,3078.85,15785.8,73575,68.1
Male,Riau,Rental House,Bachelor (S1)/Diploma IV,Entrepreneur,Not Married,2000000.0,19,2.9375,2.7777777777777777,2.727272727272727,3.6666666666666665,2.5555555555555554,542854,4.45,4273.0,1.66,282437,1565.78,2213.5,165350,41.8
Female,Sumatera Utara,Parents House,Senior High School,Not Working,Not Married,2000000.0,23,2.625,2.888888888888889,2.909090909090909,3.0,2.111111111111111,1036941,26.54,26205.0,1.55,650944,3078.85,15785.8,73575,68.1
Female,DKI Jakarta,Rental House,Bachelor (S1)/Diploma IV,Student,Not Married,2000000.0,20,2.875,3.0,2.4545454545454546,3.3333333333333335,2.4444444444444446,2708907,20964.0,9272715.0,3.56,2324200,12838.89,10678.0,344350,100.0
Female,Sumatera Barat,Family House,Senior High School,Student,Not Married,2000000.0,22,2.6875,3.2222222222222223,3.3636363636363638,3.0,2.4444444444444446,400529,1.77,9358.0,2.4,198642,1398.91,5914.3,57047,63.8
Female,DI Yogyakarta,Parents House,Senior High School,Private Employee,Not Married,2000000.0,22,2.75,2.888888888888889,3.0,2.6666666666666665,2.5555555555555554,394247,7.26,8228.0,3.31,240062,1207.31,3781.5,51473,84.1
Male,Sumatera Barat,Boarding House,Senior High School,Private Employee,Not Married,2000000.0,25,2.75,2.7777777777777777,2.5454545454545454,3.6666666666666665,3.2222222222222223,400529,1.77,9358.0,2.4,198642,1398.91,5914.3,57047,63.8
Male,Sumatera Barat,Parents House,Bachelor (S1)/Diploma IV,Student,Not Married,2000000.0,28,2.625,3.0,2.909090909090909,2.6666666666666665,2.3333333333333335,400529,1.77,9358.0,2.4,198642,1398.91,5914.3,57047,63.8
Female,DI Yogyakarta,Parents House,Bachelor (S1)/Diploma IV,Student,Not Married,2000000.0,22,2.875,3.3333333333333335,2.6363636363636362,2.6666666666666665,2.4444444444444446,394247,7.26,8228.0,3.31,240062,1207.31,3781.5,51473,84.1
Male,Sumatera Barat,Parents House,Bachelor (S1)/Diploma IV,Private Employee,Not Married,2000000.0,23,2.5,2.4444444444444446,2.3636363636363638,2.6666666666666665,2.2222222222222223,400529,1.77,9358.0,2.4,198642,1398.91,5914.3,57047,63.8
Male,Sumatera Barat,Parents House,Senior High School,Student,Not Married,2000000.0,15,2.875,3.4444444444444446,2.3636363636363638,2.3333333333333335,2.0,400529,1.77,9358.0,2.4,198642,1398.91,5914.3,57047,63.8
Female,Sumatera Utara,Dormitory,Senior High School,Student,Not Married,2000000.0,25,2.5,2.888888888888889,2.8181818181818183,3.3333333333333335,2.3333333333333335,1036941,26.54,26205.0,1.55,650944,3078.85,15785.8,73575,68.1
Female,Sumatera Barat,Rental House,Diploma I/II/III,Student,Not Married,2000000.0,26,3.125,2.5555555555555554,2.6363636363636362,3.3333333333333335,2.3333333333333335,400529,1.77,9358.0,2.4,198642,1398.91,5914.3,57047,63.8
Female,Sumatera Barat,Parents House,Diploma I/II/III,Student,Not Married,2000000.0,23,2.8125,3.2222222222222223,3.0,2.6666666666666665,2.5555555555555554,400529,1.77,9358.0,2.4,198642,1398.91,5914.3,57047,63.8
Female,Banten,Family House,Bachelor (S1)/Diploma IV,Student,Not Married,2000000.0,23,2.8125,2.888888888888889,2.727272727272727,2.3333333333333335,2.7777777777777777,1742274,601.94,83677.0,2.73,1244263,6226.21,12537.4,70276,84.9
Female,Sumatera Barat,Rental House,Senior High School,Student,Not Married,2000000.0,22,3.0625,2.7777777777777777,2.8181818181818183,2.0,2.6666666666666665,400529,1.77,9358.0,2.4,198642,1398.91,5914.3,57047,63.8
Female,Sumatera Barat,Family House,Senior High School,Not Working,Not Married,2000000.0,24,2.8125,2.7777777777777777,2.272727272727273,3.0,2.5555555555555554,400529,1.77,9358.0,2.4,198642,1398.91,5914.3,57047,63.8
Female,Sumatera Barat,Parents House,Senior High School,Student,Not Married,2000000.0,22,2.5625,2.7777777777777777,2.909090909090909,2.3333333333333335,2.0,400529,1.77,9358.0,2.4,198642,1398.91,5914.3,57047,63.8
Female,Sumatera Barat,Own House,Senior High School,Student,Not Married,2000000.0,24,2.75,2.2222222222222223,2.909090909090909,3.6666666666666665,2.4444444444444446,400529,1.77,9358.0,2.4,198642,1398.91,5914.3,57047,63.8
Female,DI Yogyakarta,Parents House,Diploma I/II/III,Student,Not Married,2000000.0,13,3.0,3.111111111111111,2.909090909090909,2.6666666666666665,1.8888888888888888,394247,7.26,8228.0,3.31,240062,1207.31,3781.5,51473,84.1
Male,Sumatera Barat,Parents House,Senior High School,Student,Not Married,2000000.0,22,2.75,2.5555555555555554,2.5454545454545454,3.0,2.6666666666666665,400529,1.77,9358.0,2.4,198642,1398.91,5914.3,57047,63.8
Female,Sumatera Utara,Rental House,Diploma I/II/III,Student,Not Married,2000000.0,21,2.8125,3.0,2.8181818181818183,3.3333333333333335,2.5555555555555554,1036941,26.54,26205.0,1.55,650944,3078.85,15785.8,73575,68.1
Female,Sumatera Barat,Rental House,Senior High School,Student,Not Married,2000000.0,20,2.75,2.7777777777777777,3.090909090909091,2.6666666666666665,2.2222222222222223,400529,1.77,9358.0,2.4,198642,1398.91,5914.3,57047,63.8
Male,DKI Jakarta,Parents House,Bachelor (S1)/Diploma IV,Student,Not Married,2000000.0,17,2.75,3.111111111111111,2.5454545454545454,2.0,2.4444444444444446,2708907,20964.0,9272715.0,3.56,2324200,12838.89,10678.0,344350,100.0
Male,Sumatera Barat,Parents House,Senior High School,Student,Not Married,2000000.0,22,2.875,3.0,2.727272727272727,3.3333333333333335,2.5555555555555554,400529,1.77,9358.0,2.4,198642,1398.91,5914.3,57047,63.8
Male,Sumatera Barat,Parents House,Postgraduate,Student,Not Married,2000000.0,21,2.9375,2.7777777777777777,3.272727272727273,3.3333333333333335,2.4444444444444446,400529,1.77,9358.0,2.4,198642,1398.91,5914.3,57047,63.8
Female,Sumatera Utara,Boarding House,Bachelor (S1)/Diploma IV,Student,Not Married,2000000.0,28,2.875,2.888888888888889,3.090909090909091,3.0,2.111111111111111,1036941,26.54,26205.0,1.55,650944,3078.85,15785.8,73575,68.1
Female,Jawa Tengah,Rental House,Diploma I/II/III,Student,Not Married,2000000.0,22,2.9375,2.111111111111111,3.0,2.6666666666666665,2.888888888888889,2637739,29.46,59501.0,2.77,1553694,6962.05,38233.9,47972,60.8
Female,Sumatera Barat,Parents House,Senior High School,Student,Not Married,2000000.0,20,3.0,2.888888888888889,2.3636363636363638,2.3333333333333335,2.2222222222222223,400529,1.77,9358.0,2.4,198642,1398.91,5914.3,57047,63.8
Female,Sumatera Barat,Rental House,Junior High School,Entrepreneur,Not Married,2000000.0,20,2.9375,2.7777777777777777,2.1818181818181817,2.6666666666666665,2.5555555555555554,400529,1.77,9358.0,2.4,198642,1398.91,5914.3,57047,63.8
Female,Sumatera Barat,Parents House,Senior High School,Student,Not Married,2000000.0,28,2.625,2.888888888888889,1.9090909090909092,3.6666666666666665,2.2222222222222223,400529,1.77,9358.0,2.4,198642,1398.91,5914.3,57047,63.8
Female,Sumatera Barat,Parents House,Bachelor (S1)/Diploma IV,Others,Not Married,2000000.0,21,3.0625,2.111111111111111,2.909090909090909,3.6666666666666665,2.2222222222222223,400529,1.77,9358.0,2.4,198642,1398.91,5914.3,57047,63.8
Male,Sumatera Selatan,Parents House,Senior High School,Student,Not Married,2000000.0,20,2.6875,2.6666666666666665,2.8181818181818183,2.6666666666666665,2.4444444444444446,577990,8.6,4120.0,2.66,334613,1728.24,8928.5,75132,40.1
Female,Sumatera Barat,Family House,Diploma I/II/III,Student,Not Married,2000000.0,19,2.875,2.888888888888889,2.727272727272727,3.0,2.5555555555555554,400529,1.77,9358.0,2.4,198642,1398.91,5914.3,57047,63.8
Female,Sumatera Barat,Rental House,Senior High School,Not Working,Not Married,2000000.0,21,3.0,2.7777777777777777,2.8181818181818183,3.0,2.0,400529,1.77,9358.0,2.4,198642,1398.91,5914.3,57047,63.8
Female,Sumatera Barat,Parents House,Senior High School,Student,Not Married,2000000.0,22,2.75,2.5555555555555554,3.090909090909091,3.3333333333333335,2.5555555555555554,400529,1.77,9358.0,2.4,198642,1398.91,5914.3,57047,63.8
Female,Sumatera Barat,Parents House,Senior High School,Student,Not Married,2000000.0,25,2.9375,2.6666666666666665,2.727272727272727,1.6666666666666667,1.7777777777777777,400529,1.77,9358.0,2.4,198642,1398.91,5914.3,57047,63.8
Male,Jawa Barat,Rental House,Senior High School,Student,Not Married,2000000.0,23,2.5625,2.7777777777777777,2.8181818181818183,3.0,2.6666666666666665,6818787,251.24,143127.0,3.41,4705372,20751.93,50759.0,56080,89.3
Female,Sumatera Utara,Own House,Bachelor (S1)/Diploma IV,Student,Not Married,2000000.0,21,2.8125,2.7777777777777777,2.4545454545454546,3.3333333333333335,2.7777777777777777,1036941,26.54,26205.0,1.55,650944,3078.85,15785.8,73575,68.1
Female,DI Yogyakarta,Parents House,Senior High School,Student,Not Married,2000000.0,19,2.6875,2.888888888888889,3.090909090909091,2.6666666666666665,2.4444444444444446,394247,7.26,8228.0,3.31,240062,1207.31,3781.5,51473,84.1
Female,Banten,Rental House,Senior High School,Student,Not Married,2000000.0,26,2.625,2.7777777777777777,2.5454545454545454,2.6666666666666665,2.4444444444444446,1742274,601.94,83677.0,2.73,1244263,6226.21,12537.4,70276,84.9
Female,Sumatera Barat,Parents House,Senior High School,Student,Not Married,2000000.0,28,2.625,2.6666666666666665,2.727272727272727,3.3333333333333335,2.5555555555555554,400529,1.77,9358.0,2.4,198642,1398.91,5914.3,57047,63.8
Female,DKI Jakarta,Rental House,Senior High School,Student,Not Married,2000000.0,20,2.9375,3.0,2.909090909090909,2.6666666666666665,2.888888888888889,2708907,20964.0,9272715.0,3.56,2324200,12838.89,10678.0,344350,100.0
Female,Jawa Barat,Parents House,Senior High School,Student,Not Married,2000000.0,23,2.8125,2.6666666666666665,3.090909090909091,2.0,2.5555555555555554,6818787,251.24,143127.0,3.41,4705372,20751.93,50759.0,56080,89.3
Male,DKI Jakarta,Parents House,Diploma I/II/III,Not Working,Not Married,2000000.0,24,2.75,2.3333333333333335,2.909090909090909,3.0,2.4444444444444446,2708907,20964.0,9272715.0,3.56,2324200,12838.89,10678.0,344350,100.0
Female,Jawa Tengah,Family House,Senior High School,Student,Not Married,2000000.0,21,2.6875,2.888888888888889,2.6363636363636362,3.0,2.2222222222222223,2637739,29.46,59501.0,2.77,1553694,6962.05,38233.9,47972,60.8
Female,Sumatera Utara,Family House,Senior High School,Entrepreneur,Not Married,2000000.0,21,2.4375,2.6666666666666665,3.090909090909091,2.6666666666666665,2.0,1036941,26.54,26205.0,1.55,650944,3078.85,15785.8,73575,68.1
Female,Jawa Barat,Rental House,Senior High School,Student,Not Married,2000000.0,22,2.8125,2.5555555555555554,2.909090909090909,2.6666666666666665,2.111111111111111,6818787,251.24,143127.0,3.41,4705372,20751.93,50759.0,56080,89.3
Male,Riau,Parents House,Senior High School,Student,Not Married,2000000.0,21,2.1875,2.6666666666666665,2.727272727272727,3.3333333333333335,2.5555555555555554,542854,4.45,4273.0,1.66,282437,1565.78,2213.5,165350,41.8
Female,Sumatera Barat,Rental House,Senior High School,Student,Not Married,2000000.0,20,2.5,2.2222222222222223,2.909090909090909,3.3333333333333335,1.8888888888888888,400529,1.77,9358.0,2.4,198642,1398.91,5914.3,57047,63.8
Female,Sumatera Barat,Rental House,Bachelor (S1)/Diploma IV,Others,Not Married,2000000.0,22,2.875,3.0,2.727272727272727,3.0,2.5555555555555554,400529,1.77,9358.0,2.4,198642,1398.91,5914.3,57047,63.8
Female,Sumatera Barat,Rental House,Senior High School,Student,Not Married,2000000.0,25,2.875,2.7777777777777777,2.909090909090909,3.3333333333333335,2.7777777777777777,400529,1.77,9358.0,2.4,198642,1398.91,5914.3,57047,63.8
Female,Jawa Tengah,Rental House,Senior High School,Student,Not Married,2000000.0,19,2.75,3.0,2.727272727272727,3.3333333333333335,2.888888888888889,2637739,29.46,59501.0,2.77,1553694,6962.05,38233.9,47972,60.8
Male,Sumatera Barat,Parents House,Senior High School,Student,Not Married,2000000.0,21,2.25,3.111111111111111,2.6363636363636362,2.0,3.0,400529,1.77,9358.0,2.4,198642,1398.91,5914.3,57047,63.8
Female,Jawa Tengah,Parents House,Bachelor (S1)/Diploma IV,Civil Servant/BUMN,Not Married,2000000.0,19,2.6875,2.4444444444444446,2.5454545454545454,3.6666666666666665,2.4444444444444446,2637739,29.46,59501.0,2.77,1553694,6962.05,38233.9,47972,60.8
Male,Sumatera Utara,Rental House,Bachelor (S1)/Diploma IV,Student,Not Married,2000000.0,21,2.875,2.6666666666666665,3.0,3.3333333333333335,1.7777777777777777,1036941,26.54,26205.0,1.55,650944,3078.85,15785.8,73575,68.1
Male,Jawa Tengah,Rental House,Senior High School,Student,Not Married,2000000.0,26,2.625,3.2222222222222223,2.909090909090909,3.0,2.3333333333333335,2637739,29.46,59501.0,2.77,1553694,6962.05,38233.9,47972,60.8
Male,DKI Jakarta,Parents House,Senior High School,Student,Not Married,2000000.0,25,2.625,2.888888888888889,2.6363636363636362,3.3333333333333335,2.2222222222222223,2708907,20964.0,9272715.0,3.56,2324200,12838.89,10678.0,344350,100.0
Male,DKI Jakarta,Rental House,Senior High School,Student,Not Married,2000000.0,25,3.125,3.0,2.8181818181818183,3.3333333333333335,2.888888888888889,2708907,20964.0,9272715.0,3.56,2324200,12838.89,10678.0,344350,100.0
Female,Bengkulu,Parents House,Diploma I/II/III,Student,Not Married,2000000.0,23,2.3125,2.888888888888889,2.727272727272727,2.3333333333333335,2.2222222222222223,138784,0.36,358.0,1.75,68108,478.3,2138.0,49233,35.6
Female,Sumatera Barat,Parents House,Bachelor (S1)/Diploma IV,Student,Not Married,2000000.0,23,2.75,2.7777777777777777,3.0,3.0,2.2222222222222223,400529,1.77,9358.0,2.4,198642,1398.91,5914.3,57047,63.8
Female,DKI Jakarta,Parents House,Diploma I/II/III,Student,Not Married,2000000.0,22,2.375,2.6666666666666665,2.6363636363636362,3.3333333333333335,2.2222222222222223,2708907,20964.0,9272715.0,3.56,2324200,12838.89,10678.0,344350,100.0
Female,Jawa Barat,Rental House,Bachelor (S1)/Diploma IV,Student,Not Married,2000000.0,26,2.75,2.111111111111111,2.727272727272727,2.6666666666666665,2.111111111111111,6818787,251.24,143127.0,3.41,4705372,20751.93,50759.0,56080,89.3
Female,Sumatera Barat,Boarding House,Senior High School,Private Employee,Not Married,2000000.0,19,2.5,3.3333333333333335,2.4545454545454546,2.3333333333333335,1.8888888888888888,400529,1.77,9358.0,2.4,198642,1398.91,5914.3,57047,63.8
Female,Jawa Tengah,Own House,Senior High School,Student,Not Married,2000000.0,22,2.6875,2.888888888888889,2.909090909090909,2.6666666666666665,3.111111111111111,2637739,29.46,59501.0,2.77,1553694,6962.05,38233.9,47972,60.8
Female,Sumatera Barat,Rental House,Senior High School,Student,Not Married,2000000.0,19,2.625,2.7777777777777777,2.8181818181818183,3.0,2.6666666666666665,400529,1.77,9358.0,2.4,198642,1398.91,5914.3,57047,63.8
Male,DKI Jakarta,Parents House,Senior High School,Student,Not Married,2000000.0,20,2.75,3.3333333333333335,2.909090909090909,4.0,2.111111111111111,2708907,20964.0,9272715.0,3.56,2324200,12838.89,10678.0,344350,100.0
Female,Jawa Barat,Parents House,Senior High School,Student,Not Married,2000000.0,20,3.0625,3.0,3.1818181818181817,2.6666666666666665,2.888888888888889,6818787,251.24,143127.0,3.41,4705372,20751.93,50759.0,56080,89.3
Female,Sumatera Utara,Rental House,Senior High School,Student,Not Married,2000000.0,24,3.125,2.6666666666666665,2.909090909090909,3.6666666666666665,2.888888888888889,1036941,26.54,26205.0,1.55,650944,3078.85,15785.8,73575,68.1
Female,Sumatera Barat,Parents House,Diploma I/II/III,Student,Not Married,2000000.0,20,2.4375,3.2222222222222223,2.8181818181818183,3.3333333333333335,2.4444444444444446,400529,1.77,9358.0,2.4,198642,1398.91,5914.3,57047,63.8
Female,Sumatera Barat,Boarding House,Bachelor (S1)/Diploma IV,Student,Not Married,2000000.0,21,2.375,3.0,2.8181818181818183,3.0,2.7777777777777777,400529,1.77,9358.0,2.4,198642,1398.91,5914.3,57047,63.8
Male,DKI Jakarta,Dormitory,Bachelor (S1)/Diploma IV,Student,Not Married,2000000.0,18,2.875,3.3333333333333335,3.090909090909091,2.0,2.0,2708907,20964.0,9272715.0,3.56,2324200,12838.89,10678.0,344350,100.0
Female,Sumatera Barat,Parents House,Senior High School,Student,Not Married,2000000.0,21,2.8125,2.6666666666666665,3.090909090909091,2.6666666666666665,2.888888888888889,400529,1.77,9358.0,2.4,198642,1398.91,5914.3,57047,63.8
Male,Sumatera Barat,Parents House,Bachelor (S1)/Diploma IV,Student,Not Married,2000000.0,19,2.75,3.0,2.6363636363636362,3.0,2.3333333333333335,400529,1.77,9358.0,2.4,198642,1398.91,5914.3,57047,63.8
Male,Sumatera Utara,Rental House,Senior High School,Private Employee,Not Married,2000000.0,20,3.0,2.7777777777777777,2.4545454545454546,2.6666666666666665,2.5555555555555554,1036941,26.54,26205.0,1.55,650944,3078.85,15785.8,73575,68.1
Female,Sumatera Utara,Parents House,Bachelor (S1)/Diploma IV,Student,Not Married,2000000.0,18,2.6875,3.0,3.0,3.6666666666666665,2.111111111111111,1036941,26.54,26205.0,1.55,650944,3078.85,15785.8,73575,68.1
Female,Jawa Tengah,Dormitory,Senior High School,Student,Not Married,2000000.0,23,3.0,2.4444444444444446,2.8181818181818183,3.0,2.4444444444444446,2637739,29.46,59501.0,2.77,1553694,6962.05,38233.9,47972,60.8
Female,Sumatera Barat,Parents House,Senior High School,Civil Servant/BUMN,Not Married,2000000.0,22,2.75,3.2222222222222223,3.0,3.0,2.888888888888889,400529,1.77,9358.0,2.4,198642,1398.91,5914.3,57047,63.8
Female,DI Yogyakarta,Parents House,Senior High School,Student,Not Married,2000000.0,24,3.375,3.0,3.090909090909091,3.3333333333333335,2.6666666666666665,394247,7.26,8228.0,3.31,240062,1207.31,3781.5,51473,84.1
Male,Sumatera Barat,Parents House,Senior High School,Student,Not Married,2000000.0,19,2.5,2.5555555555555554,2.6363636363636362,2.3333333333333335,2.6666666666666665,400529,1.77,9358.0,2.4,198642,1398.91,5914.3,57047,63.8
Male,Sumatera Barat,Parents House,Diploma I/II/III,Student,Not Married,2000000.0,24,2.3125,2.4444444444444446,3.090909090909091,3.0,2.5555555555555554,400529,1.77,9358.0,2.4,198642,1398.91,5914.3,57047,63.8
Female,Banten,Parents House,Senior High School,Student,Not Married,2000000.0,22,2.5625,2.6666666666666665,3.0,2.3333333333333335,2.4444444444444446,1742274,601.94,83677.0,2.73,1244263,6226.21,12537.4,70276,84.9
Female,Sumatera Barat,Parents House,Senior High School,Student,Not Married,2000000.0,21,2.625,3.0,2.4545454545454546,3.0,2.4444444444444446,400529,1.77,9358.0,2.4,198642,1398.91,5914.3,57047,63.8
Female,Jawa Tengah,Rental House,Senior High School,Student,Not Married,2000000.0,15,2.9375,3.2222222222222223,3.0,3.0,2.3333333333333335,2637739,29.46,59501.0,2.77,1553694,6962.05,38233.9,47972,60.8
Male,Sumatera Barat,Parents House,Senior High School,Student,Not Married,2000000.0,25,2.6875,2.6666666666666665,2.909090909090909,2.6666666666666665,3.111111111111111,400529,1.77,9358.0,2.4,198642,1398.91,5914.3,57047,63.8
Male,DKI Jakarta,Parents House,Senior High School,Student,Not Married,2000000.0,27,3.125,2.4444444444444446,3.1818181818181817,3.3333333333333335,2.2222222222222223,2708907,20964.0,9272715.0,3.56,2324200,12838.89,10678.0,344350,100.0
Female,Sumatera Utara,Parents House,Diploma I/II/III,Student,Not Married,2000000.0,20,3.125,2.6666666666666665,2.909090909090909,2.3333333333333335,2.7777777777777777,1036941,26.54,26205.0,1.55,650944,3078.85,15785.8,73575,68.1
Female,Jawa Tengah,Parents House,Bachelor (S1)/Diploma IV,Student,Not Married,2000000.0,17,2.875,2.7777777777777777,2.6363636363636362,2.6666666666666665,2.0,2637739,29.46,59501.0,2.77,1553694,6962.05,38233.9,47972,60.8
Male,Sumatera Barat,Rental House,Bachelor (S1)/Diploma IV,Private Employee,Not Married,2000000.0,21,2.6875,2.6666666666666665,3.4545454545454546,2.3333333333333335,2.5555555555555554,400529,1.77,9358.0,2.4,198642,1398.91,5914.3,57047,63.8
Female,Sumatera Barat,Parents House,Senior High School,Student,Not Married,2000000.0,22,2.8125,2.3333333333333335,2.727272727272727,2.3333333333333335,2.0,400529,1.77,9358.0,2.4,198642,1398.91,5914.3,57047,63.8
Female,Sumatera Barat,Parents House,Senior High School,Student,Not Married,2000000.0,24,2.75,3.0,2.5454545454545454,2.3333333333333335,2.0,400529,1.77,9358.0,2.4,198642,1398.91,5914.3,57047,63.8
Male,Sumatera Barat,Parents House,Diploma I/II/III,Student,Not Married,2000000.0,22,3.0,2.3333333333333335,2.8181818181818183,1.6666666666666667,2.3333333333333335,400529,1.77,9358.0,2.4,198642,1398.91,5914.3,57047,63.8
Female,Jawa Tengah,Family House,Senior High School,Student,Not Married,2000000.0,25,3.0,2.6666666666666665,2.6363636363636362,1.6666666666666667,2.888888888888889,2637739,29.46,59501.0,2.77,1553694,6962.05,38233.9,47972,60.8
Female,Jawa Barat,Parents House,Senior High School,Student,Not Married,2000000.0,18,2.8125,2.5555555555555554,2.727272727272727,2.0,2.0,6818787,251.24,143127.0,3.41,4705372,20751.93,50759.0,56080,89.3
Male,Sumatera Barat,Rental House,Diploma I/II/III,Student,Not Married,2000000.0,19,2.5625,2.7777777777777777,3.0,3.0,2.5555555555555554,400529,1.77,9358.0,2.4,198642,1398.91,5914.3,57047,63.8
Female,Jawa Barat,Parents House,Diploma I/II/III,Student,Not Married,2000000.0,26,2.75,2.5555555555555554,3.1818181818181817,3.3333333333333335,2.111111111111111,6818787,251.24,143127.0,3.41,4705372,20751.93,50759.0,56080,89.3
Male,Sumatera Utara,Rental House,Senior High School,Student,Not Married,2000000.0,22,3.0,2.5555555555555554,2.909090909090909,3.0,2.111111111111111,1036941,26.54,26205.0,1.55,650944,3078.85,15785.8,73575,68.1
Female,Sumatera Utara,Parents House,Bachelor (S1)/Diploma IV,Student,Not Married,2000000.0,25,2.875,3.111111111111111,2.8181818181818183,2.6666666666666665,2.6666666666666665,1036941,26.54,26205.0,1.55,650944,3078.85,15785.8,73575,68.1
Female,DKI Jakarta,Parents House,Senior High School,Student,Not Married,2000000.0,20,2.4375,2.5555555555555554,2.4545454545454546,2.3333333333333335,2.4444444444444446,2708907,20964.0,9272715.0,3.56,2324200,12838.89,10678.0,344350,100.0
Male,Banten,Parents House,Senior High School,Student,Not Married,2000000.0,23,2.5625,2.4444444444444446,2.3636363636363638,2.0,2.888888888888889,1742274,601.94,83677.0,2.73,1244263,6226.21,12537.4,70276,84.9
Female,Banten,Family House,Senior High School,Student,Not Married,2000000.0,18,2.625,2.4444444444444446,2.5454545454545454,3.0,2.111111111111111,1742274,601.94,83677.0,2.73,1244263,6226.21,12537.4,70276,84.9
Female,DI Yogyakarta,Parents House,Senior High School,Student,Not Married,2000000.0,23,2.5625,2.5555555555555554,2.909090909090909,2.6666666666666665,1.7777777777777777,394247,7.26,8228.0,3.31,240062,1207.31,3781.5,51473,84.1
Female,Riau,Dormitory,Senior High School,Civil Servant/BUMN,Not Married,2000000.0,26,2.75,2.7777777777777777,2.8181818181818183,3.0,2.2222222222222223,542854,4.45,4273.0,1.66,282437,1565.78,2213.5,165350,41.8
Female,Jawa Tengah,Family House,Diploma I/II/III,Student,Not Married,2000000.0,24,2.875,2.4444444444444446,2.8181818181818183,2.6666666666666665,1.8888888888888888,2637739,29.46,59501.0,2.77,1553694,6962.05,38233.9,47972,60.8
Female,DI Yogyakarta,Rental House,Senior High School,Private Employee,Not Married,2000000.0,22,2.5625,2.5555555555555554,2.4545454545454546,2.6666666666666665,1.7777777777777777,394247,7.26,8228.0,3.31,240062,1207.31,3781.5,51473,84.1
Female,Sumatera Barat,Parents House,Senior High School,Student,Not Married,2000000.0,23,2.5625,2.888888888888889,2.5454545454545454,2.6666666666666665,2.5555555555555554,400529,1.77,9358.0,2.4,198642,1398.91,5914.3,57047,63.8
Female,Sumatera Barat,Dormitory,Senior High School,Student,Not Married,2000000.0,19,2.75,3.111111111111111,2.3636363636363638,2.3333333333333335,2.4444444444444446,400529,1.77,9358.0,2.4,198642,1398.91,5914.3,57047,63.8
Male,Sumatera Barat,Parents House,Diploma I/II/III,Others,Not Married,2000000.0,25,2.6875,3.111111111111111,2.3636363636363638,2.3333333333333335,2.6666666666666665,400529,1.77,9358.0,2.4,198642,1398.91,5914.3,57047,63.8
Female,Jawa Tengah,Family House,Bachelor (S1)/Diploma IV,Private Employee,Not Married,2000000.0,22,2.5,2.888888888888889,2.6363636363636362,2.0,2.3333333333333335,2637739,29.46,59501.0,2.77,1553694,6962.05,38233.9,47972,60.8
Female,DI Yogyakarta,Rental House,Senior High School,Student,Not Married,2000000.0,21,3.0625,2.5555555555555554,2.727272727272727,2.3333333333333335,3.0,394247,7.26,8228.0,3.31,240062,1207.31,3781.5,51473,84.1
Female,Sumatera Barat,Boarding House,Senior High School,Student,Not Married,2000000.0,21,2.5625,2.6666666666666665,2.727272727272727,2.6666666666666665,2.4444444444444446,400529,1.77,9358.0,2.4,198642,1398.91,5914.3,57047,63.8
Male,Sumatera Barat,Parents House,Senior High School,Student,Not Married,2000000.0,21,2.9375,2.2222222222222223,3.0,2.3333333333333335,2.4444444444444446,400529,1.77,9358.0,2.4,198642,1398.91,5914.3,57047,63.8
Female,Banten,Parents House,Senior High School,Student,Not Married,2000000.0,18,2.25,2.4444444444444446,2.3636363636363638,3.0,2.2222222222222223,1742274,601.94,83677.0,2.73,1244263,6226.21,12537.4,70276,84.9
Female,Sumatera Barat,Family House,Bachelor (S1)/Diploma IV,Student,Not Married,2000000.0,20,2.375,3.111111111111111,2.8181818181818183,3.0,2.111111111111111,400529,1.77,9358.0,2.4,198642,1398.91,5914.3,57047,63.8
Female,Sumatera Utara,Family House,Diploma I/II/III,Student,Not Married,2000000.0,27,2.5,3.111111111111111,2.6363636363636362,3.0,2.4444444444444446,1036941,26.54,26205.0,1.55,650944,3078.85,15785.8,73575,68.1
Male,Sumatera Barat,Parents House,Bachelor (S1)/Diploma IV,Student,Not Married,2000000.0,20,3.1875,2.888888888888889,2.4545454545454546,2.0,2.2222222222222223,400529,1.77,9358.0,2.4,198642,1398.91,5914.3,57047,63.8
Female,Sumatera Barat,Rental House,Bachelor (S1)/Diploma IV,Student,Not Married,2000000.0,22,2.75,2.4444444444444446,2.8181818181818183,3.0,2.4444444444444446,400529,1.77,9358.0,2.4,198642,1398.91,5914.3,57047,63.8
Female,Sumatera Selatan,Rental House,Senior High School,Student,Not Married,2000000.0,21,3.0,2.7777777777777777,2.6363636363636362,2.3333333333333335,3.0,577990,8.6,4120.0,2.66,334613,1728.24,8928.5,75132,40.1
Female,Sumatera Barat,Boarding House,Senior High School,Student,Not Married,2000000.0,24,2.6875,2.5555555555555554,3.272727272727273,2.6666666666666665,2.0,400529,1.77,9358.0,2.4,198642,1398.91,5914.3,57047,63.8
Female,Sumatera Barat,Rental House,Senior High School,Student,Not Married,2000000.0,21,2.6875,2.6666666666666665,2.909090909090909,3.3333333333333335,2.5555555555555554,400529,1.77,9358.0,2.4,198642,1398.91,5914.3,57047,63.8
Female,Jawa Tengah,Parents House,Senior High School,Student,Not Married,2000000.0,25,2.5625,2.888888888888889,2.727272727272727,2.3333333333333335,2.6666666666666665,2637739,29.46,59501.0,2.77,1553694,6962.05,38233.9,47972,60.8
Female,DKI Jakarta,Boarding House,Postgraduate,Private Employee,Not Married,2000000.0,26,3.625,3.888888888888889,3.4545454545454546,4.0,2.4444444444444446,2708907,20964.0,9272715.0,3.56,2324200,12838.89,10678.0,344350,100.0
Male,Sumatera Utara,Parents House,Senior High School,Student,Not Married,2000000.0,20,3.25,3.4444444444444446,3.4545454545454546,3.0,3.111111111111111,1036941,26.54,26205.0,1.55,650944,3078.85,15785.8,73575,68.1
Male,Jawa Tengah,Boarding House,Senior High School,Student,Not Married,2000000.0,22,3.1875,2.6666666666666665,3.090909090909091,3.0,3.5555555555555554,2637739,29.46,59501.0,2.77,1553694,6962.05,38233.9,47972,60.8
Female,Riau,Rental House,Senior High School,Student,Not Married,2000000.0,17,2.875,2.3333333333333335,2.727272727272727,3.0,2.6666666666666665,542854,4.45,4273.0,1.66,282437,1565.78,2213.5,165350,41.8
Male,Sumatera Barat,Parents House,Diploma I/II/III,Student,Not Married,2000000.0,24,2.3125,2.4444444444444446,3.090909090909091,3.0,2.5555555555555554,400529,1.77,9358.0,2.4,198642,1398.91,5914.3,57047,63.8
Female,Sumatera Barat,Parents House,Senior High School,Student,Not Married,2000000.0,22,2.625,2.0,3.090909090909091,2.3333333333333335,2.6666666666666665,400529,1.77,9358.0,2.4,198642,1398.91,5914.3,57047,63.8
Male,Sumatera Barat,Parents House,Senior High School,Student,Not Married,2000000.0,23,4.0,3.7777777777777777,3.727272727272727,1.6666666666666667,2.3333333333333335,400529,1.77,9358.0,2.4,198642,1398.91,5914.3,57047,63.8
Female,DKI Jakarta,Parents House,Senior High School,Student,Not Married,2000000.0,27,2.625,2.6666666666666665,2.6363636363636362,2.3333333333333335,2.7777777777777777,2708907,20964.0,9272715.0,3.56,2324200,12838.89,10678.0,344350,100.0
Male,DKI Jakarta,Rental House,Senior High School,Private Employee,Not Married,2000000.0,24,2.125,3.0,2.909090909090909,2.3333333333333335,2.2222222222222223,2708907,20964.0,9272715.0,3.56,2324200,12838.89,10678.0,344350,100.0
Female,Sumatera Barat,Parents House,Senior High School,Others,Married,2000000.0,25,3.25,2.888888888888889,3.1818181818181817,1.6666666666666667,3.3333333333333335,400529,1.77,9358.0,2.4,198642,1398.91,5914.3,57047,63.8
Female,Sumatera Utara,Own House,Bachelor (S1)/Diploma IV,Student,Not Married,2000000.0,23,2.5,3.2222222222222223,2.909090909090909,2.6666666666666665,2.3333333333333335,1036941,26.54,26205.0,1.55,650944,3078.85,15785.8,73575,68.1
Male,Sumatera Barat,Rental House,Diploma I/II/III,Student,Not Married,2000000.0,19,2.5625,2.7777777777777777,3.0,3.0,2.5555555555555554,400529,1.77,9358.0,2.4,198642,1398.91,5914.3,57047,63.8
Female,Jawa Tengah,Parents House,Bachelor (S1)/Diploma IV,Student,Not Married,2000000.0,22,2.625,2.4444444444444446,2.3636363636363638,2.3333333333333335,2.0,2637739,29.46,59501.0,2.77,1553694,6962.05,38233.9,47972,60.8
Male,Sumatera Barat,Parents House,Senior High School,Student,Not Married,2000000.0,22,3.0625,2.888888888888889,2.3636363636363638,2.3333333333333335,2.2222222222222223,400529,1.77,9358.0,2.4,198642,1398.91,5914.3,57047,63.8
Male,DKI Jakarta,Parents House,Senior High School,Student,Not Married,2000000.0,21,2.8125,2.2222222222222223,2.5454545454545454,1.6666666666666667,2.7777777777777777,2708907,20964.0,9272715.0,3.56,2324200,12838.89,10678.0,344350,100.0
Male,Jawa Tengah,Rental House,Senior High School,Student,Not Married,2000000.0,21,2.875,3.0,3.0,3.0,2.3333333333333335,2637739,29.46,59501.0,2.77,1553694,6962.05,38233.9,47972,60.8
Female,Sumatera Utara,Parents House,Senior High School,Student,Not Married,2000000.0,19,2.6875,2.6666666666666665,3.1818181818181817,2.0,2.6666666666666665,1036941,26.54,26205.0,1.55,650944,3078.85,15785.8,73575,68.1
Female,Sumatera Barat,Rental House,Bachelor (S1)/Diploma IV,Others,Not Married,2000000.0,22,2.875,3.0,2.727272727272727,3.0,2.5555555555555554,400529,1.77,9358.0,2.4,198642,1398.91,5914.3,57047,63.8
Female,Sumatera Barat,Rental House,Senior High School,Student,Not Married,2000000.0,22,3.0,3.111111111111111,3.3636363636363638,2.0,3.0,400529,1.77,9358.0,2.4,198642,1398.91,5914.3,57047,63.8
Female,Jawa Tengah,Family House,Bachelor (S1)/Diploma IV,Student,Not Married,2000000.0,21,3.1875,2.3333333333333335,3.090909090909091,2.0,2.888888888888889,2637739,29.46,59501.0,2.77,1553694,6962.05,38233.9,47972,60.8
Female,Sumatera Barat,Parents House,Diploma I/II/III,Private Employee,Not Married,2000000.0,25,2.75,2.2222222222222223,2.8181818181818183,2.0,3.0,400529,1.77,9358.0,2.4,198642,1398.91,5914.3,57047,63.8
Male,Sumatera Barat,Parents House,Senior High School,Student,Not Married,2000000.0,24,2.9375,3.0,2.909090909090909,3.0,2.4444444444444446,400529,1.77,9358.0,2.4,198642,1398.91,5914.3,57047,63.8
Male,Sumatera Barat,Parents House,Senior High School,Student,Not Married,2000000.0,25,2.8125,3.0,3.1818181818181817,3.0,2.3333333333333335,400529,1.77,9358.0,2.4,198642,1398.91,5914.3,57047,63.8
Male,Sumatera Utara,Parents House,Senior High School,Student,Not Married,2000000.0,20,3.375,3.3333333333333335,3.3636363636363638,3.0,3.0,1036941,26.54,26205.0,1.55,650944,3078.85,15785.8,73575,68.1
Female,Jawa Barat,Parents House,Bachelor (S1)/Diploma IV,Others,Not Married,2000000.0,20,2.875,2.6666666666666665,2.6363636363636362,2.6666666666666665,2.3333333333333335,6818787,251.24,143127.0,3.41,4705372,20751.93,50759.0,56080,89.3
Male,Sumatera Barat,Parents House,Senior High School,Student,Not Married,2000000.0,25,3.1875,2.2222222222222223,3.272727272727273,3.0,3.2222222222222223,400529,1.77,9358.0,2.4,198642,1398.91,5914.3,57047,63.8
Male,Jawa Timur,Rental House,Senior High School,Student,Not Married,2000000.0,22,2.625,2.4444444444444446,2.727272727272727,2.0,2.3333333333333335,3048079,132.94,44643.0,3.29,1895275,10417.68,42089.3,75770,66.7
Female,Sumatera Utara,Rental House,Bachelor (S1)/Diploma IV,Student,Not Married,2000000.0,21,3.5,3.5555555555555554,3.3636363636363638,2.0,3.2222222222222223,1036941,26.54,26205.0,1.55,650944,3078.85,15785.8,73575,68.1
Male,Sumatera Barat,Parents House,Senior High School,Student,Not Married,2000000.0,21,2.25,3.111111111111111,2.6363636363636362,2.0,3.0,400529,1.77,9358.0,2.4,198642,1398.91,5914.3,57047,63.8
Female,DI Yogyakarta,Parents House,Bachelor (S1)/Diploma IV,Student,Not Married,2000000.0,22,2.875,3.3333333333333335,2.6363636363636362,2.6666666666666665,2.4444444444444446,394247,7.26,8228.0,3.31,240062,1207.31,3781.5,51473,84.1
Female,Sumatera Barat,Rental House,Senior High School,Student,Not Married,2000000.0,21,2.5625,2.6666666666666665,2.272727272727273,2.6666666666666665,2.5555555555555554,400529,1.77,9358.0,2.4,198642,1398.91,5914.3,57047,63.8
